chr1	0	1000000	1	4920
chr1	1000000	2000000	2	7907
chr1	2000000	3000000	3	12075
chr1	3000000	4000000	4	9755
chr1	4000000	5000000	5	22823
chr1	5000000	6000000	6	22627
chr1	6000000	7000000	7	7901
chr1	7000000	8000000	8	11987
chr1	8000000	9000000	9	8733
chr1	9000000	10000000	10	8169
chr1	10000000	11000000	11	8061
chr1	11000000	12000000	12	9390
chr1	12000000	13000000	13	11001
chr1	13000000	14000000	14	5461
chr1	14000000	15000000	15	14192
chr1	15000000	16000000	16	9002
chr1	16000000	17000000	17	8943
chr1	17000000	18000000	18	10379
chr1	18000000	19000000	19	16514
chr1	19000000	20000000	20	8964
chr1	20000000	21000000	21	11001
chr1	21000000	22000000	22	7955
chr1	22000000	23000000	23	9278
chr1	23000000	24000000	24	9162
chr1	24000000	25000000	25	7285
chr1	25000000	26000000	26	7680
chr1	26000000	27000000	27	8010
chr1	27000000	28000000	28	7073
chr1	28000000	29000000	29	7318
chr1	29000000	30000000	30	8791
chr1	30000000	31000000	31	17171
chr1	31000000	32000000	32	9584
chr1	32000000	33000000	33	7918
chr1	33000000	34000000	34	7302
chr1	34000000	35000000	35	23442
chr1	35000000	36000000	36	11442
chr1	36000000	37000000	37	7208
chr1	37000000	38000000	38	15751
chr1	38000000	39000000	39	12356
chr1	39000000	40000000	40	9790
chr1	40000000	41000000	41	8443
chr1	41000000	42000000	42	8624
chr1	42000000	43000000	43	9781
chr1	43000000	44000000	44	8979
chr1	44000000	45000000	45	8548
chr1	45000000	46000000	46	7881
chr1	46000000	47000000	47	7513
chr1	47000000	48000000	48	12542
chr1	48000000	49000000	49	11367
chr1	49000000	50000000	50	16216
chr1	50000000	51000000	51	20003
chr1	51000000	52000000	52	8713
chr1	52000000	53000000	53	7257
chr1	53000000	54000000	54	9216
chr1	54000000	55000000	55	8885
chr1	55000000	56000000	56	11189
chr1	56000000	57000000	57	19513
chr1	57000000	58000000	58	21387
chr1	58000000	59000000	59	17421
chr1	59000000	60000000	60	10828
chr1	60000000	61000000	61	13753
chr1	61000000	62000000	62	11157
chr1	62000000	63000000	63	10495
chr1	63000000	64000000	64	9420
chr1	64000000	65000000	65	10177
chr1	65000000	66000000	66	8851
chr1	66000000	67000000	67	14680
chr1	67000000	68000000	68	9564
chr1	68000000	69000000	69	10105
chr1	69000000	70000000	70	23904
chr1	70000000	71000000	71	15197
chr1	71000000	72000000	72	23118
chr1	72000000	73000000	73	22336
chr1	73000000	74000000	74	34846
chr1	74000000	75000000	75	24213
chr1	75000000	76000000	76	26169
chr1	76000000	77000000	77	14898
chr1	77000000	78000000	78	15245
chr1	78000000	79000000	79	13758
chr1	79000000	80000000	80	22351
chr1	80000000	81000000	81	26082
chr1	81000000	82000000	82	21549
chr1	82000000	83000000	83	21011
chr1	83000000	84000000	84	19325
chr1	84000000	85000000	85	9575
chr1	85000000	86000000	86	8951
chr1	86000000	87000000	87	11283
chr1	87000000	88000000	88	10029
chr1	88000000	89000000	89	15355
chr1	89000000	90000000	90	9129
chr1	90000000	91000000	91	14200
chr1	91000000	92000000	92	13708
chr1	92000000	93000000	93	9372
chr1	93000000	94000000	94	7511
chr1	94000000	95000000	95	9110
chr1	95000000	96000000	96	10621
chr1	96000000	97000000	97	22968
chr1	97000000	98000000	98	21410
chr1	98000000	99000000	99	19341
chr1	99000000	100000000	100	14658
chr1	100000000	101000000	101	8272
chr1	101000000	102000000	102	14153
chr1	102000000	103000000	103	26761
chr1	103000000	104000000	104	21827
chr1	104000000	105000000	105	23526
chr1	105000000	106000000	106	26812
chr1	106000000	107000000	107	32685
chr1	107000000	108000000	108	27356
chr1	108000000	109000000	109	10851
chr1	109000000	110000000	110	7331
chr1	110000000	111000000	111	7856
chr1	111000000	112000000	112	13530
chr1	112000000	113000000	113	15951
chr1	113000000	114000000	114	9074
chr1	114000000	115000000	115	10295
chr1	115000000	116000000	116	16255
chr1	116000000	117000000	117	11023
chr1	117000000	118000000	118	9006
chr1	118000000	119000000	119	13732
chr1	119000000	120000000	120	18081
chr1	120000000	121000000	121	8239
chr1	121000000	122000000	122	6534
chr1	142000000	143000000	143	12163
chr1	143000000	144000000	144	14350
chr1	144000000	145000000	145	5445
chr1	145000000	146000000	146	8231
chr1	146000000	147000000	147	7419
chr1	147000000	148000000	148	7259
chr1	148000000	149000000	149	7072
chr1	149000000	150000000	150	13396
chr1	150000000	151000000	151	8255
chr1	151000000	152000000	152	7665
chr1	152000000	153000000	153	18458
chr1	153000000	154000000	154	15245
chr1	154000000	155000000	155	9962
chr1	155000000	156000000	156	7751
chr1	156000000	157000000	157	8085
chr1	157000000	158000000	158	18893
chr1	158000000	159000000	159	25632
chr1	159000000	160000000	160	22113
chr1	160000000	161000000	161	11902
chr1	161000000	162000000	162	9043
chr1	162000000	163000000	163	11479
chr1	163000000	164000000	164	25828
chr1	164000000	165000000	165	27540
chr1	165000000	166000000	166	15948
chr1	166000000	167000000	167	24664
chr1	167000000	168000000	168	10823
chr1	168000000	169000000	169	11580
chr1	169000000	170000000	170	10746
chr1	170000000	171000000	171	18882
chr1	171000000	172000000	172	13750
chr1	172000000	173000000	173	14487
chr1	173000000	174000000	174	12817
chr1	174000000	175000000	175	10647
chr1	175000000	176000000	176	20670
chr1	176000000	177000000	177	24838
chr1	177000000	178000000	178	25102
chr1	178000000	179000000	179	9307
chr1	179000000	180000000	180	11873
chr1	180000000	181000000	181	8828
chr1	181000000	182000000	182	20377
chr1	182000000	183000000	183	12549
chr1	183000000	184000000	184	10033
chr1	184000000	185000000	185	10202
chr1	185000000	186000000	186	10891
chr1	186000000	187000000	187	14245
chr1	187000000	188000000	188	25876
chr1	188000000	189000000	189	33678
chr1	189000000	190000000	190	35153
chr1	190000000	191000000	191	39405
chr1	191000000	192000000	192	32039
chr1	192000000	193000000	193	17505
chr1	193000000	194000000	194	19084
chr1	194000000	195000000	195	35080
chr1	195000000	196000000	196	36870
chr1	196000000	197000000	197	27218
chr1	197000000	198000000	198	14535
chr1	198000000	199000000	199	17439
chr1	199000000	200000000	200	22008
chr1	200000000	201000000	201	11357
chr1	201000000	202000000	202	9227
chr1	202000000	203000000	203	9038
chr1	203000000	204000000	204	10643
chr1	204000000	205000000	205	10143
chr1	205000000	206000000	206	8878
chr1	206000000	207000000	207	7187
chr1	207000000	208000000	208	10303
chr1	208000000	209000000	209	18777
chr1	209000000	210000000	210	25407
chr1	210000000	211000000	211	13017
chr1	211000000	212000000	212	13066
chr1	212000000	213000000	213	8838
chr1	213000000	214000000	214	14613
chr1	214000000	215000000	215	14440
chr1	215000000	216000000	216	17406
chr1	216000000	217000000	217	20860
chr1	217000000	218000000	218	18284
chr1	218000000	219000000	219	18547
chr1	219000000	220000000	220	15258
chr1	220000000	221000000	221	11834
chr1	221000000	222000000	222	20970
chr1	222000000	223000000	223	12506
chr1	223000000	224000000	224	11146
chr1	224000000	225000000	225	9744
chr1	225000000	226000000	226	12214
chr1	226000000	227000000	227	9612
chr1	227000000	228000000	228	10747
chr1	228000000	229000000	229	11389
chr1	229000000	230000000	230	12105
chr1	230000000	231000000	231	11770
chr1	231000000	232000000	232	9531
chr1	232000000	233000000	233	13179
chr1	233000000	234000000	234	19797
chr1	234000000	235000000	235	17844
chr1	235000000	236000000	236	8409
chr1	236000000	237000000	237	11349
chr1	237000000	238000000	238	18659
chr1	238000000	239000000	239	26896
chr1	239000000	240000000	240	28104
chr1	240000000	241000000	241	27632
chr1	241000000	242000000	242	24574
chr1	242000000	243000000	243	22700
chr1	243000000	244000000	244	13560
chr1	244000000	245000000	245	13014
chr1	245000000	246000000	246	11797
chr1	246000000	247000000	247	10510
chr1	247000000	248000000	248	18855
chr1	248000000	249000000	249	24123
chr10	0	1000000	1834	8415
chr10	1000000	2000000	1835	17226
chr10	2000000	3000000	1836	23844
chr10	3000000	4000000	1837	12452
chr10	4000000	5000000	1838	10838
chr10	5000000	6000000	1839	10594
chr10	6000000	7000000	1840	13372
chr10	7000000	8000000	1841	13777
chr10	8000000	9000000	1842	25124
chr10	9000000	10000000	1843	28730
chr10	10000000	11000000	1844	24998
chr10	11000000	12000000	1845	11378
chr10	12000000	13000000	1846	13229
chr10	13000000	14000000	1847	10172
chr10	14000000	15000000	1848	12463
chr10	15000000	16000000	1849	15020
chr10	16000000	17000000	1850	17758
chr10	17000000	18000000	1851	9606
chr10	18000000	19000000	1852	14139
chr10	19000000	20000000	1853	31492
chr10	20000000	21000000	1854	29612
chr10	21000000	22000000	1855	14805
chr10	22000000	23000000	1856	10422
chr10	23000000	24000000	1857	14045
chr10	24000000	25000000	1858	17716
chr10	25000000	26000000	1859	15130
chr10	26000000	27000000	1860	20176
chr10	27000000	28000000	1861	10419
chr10	28000000	29000000	1862	16366
chr10	29000000	30000000	1863	10751
chr10	30000000	31000000	1864	13185
chr10	31000000	32000000	1865	12401
chr10	32000000	33000000	1866	10051
chr10	33000000	34000000	1867	12866
chr10	34000000	35000000	1868	12455
chr10	35000000	36000000	1869	9621
chr10	36000000	37000000	1870	26030
chr10	37000000	38000000	1871	33202
chr10	38000000	39000000	1872	21946
chr10	39000000	40000000	1873	7676
chr10	42000000	43000000	1876	23489
chr10	43000000	44000000	1877	11847
chr10	44000000	45000000	1878	20256
chr10	45000000	46000000	1879	17336
chr10	46000000	47000000	1880	3423
chr10	47000000	48000000	1881	7521
chr10	48000000	49000000	1882	7123
chr10	49000000	50000000	1883	9586
chr10	50000000	51000000	1884	18895
chr10	51000000	52000000	1885	3735
chr10	52000000	53000000	1886	13773
chr10	53000000	54000000	1887	17912
chr10	54000000	55000000	1888	23150
chr10	55000000	56000000	1889	31101
chr10	56000000	57000000	1890	30798
chr10	57000000	58000000	1891	31895
chr10	58000000	59000000	1892	25793
chr10	59000000	60000000	1893	21260
chr10	60000000	61000000	1894	12602
chr10	61000000	62000000	1895	14750
chr10	62000000	63000000	1896	13300
chr10	63000000	64000000	1897	10710
chr10	64000000	65000000	1898	11998
chr10	65000000	66000000	1899	12114
chr10	66000000	67000000	1900	21691
chr10	67000000	68000000	1901	20637
chr10	68000000	69000000	1902	25228
chr10	69000000	70000000	1903	14619
chr10	70000000	71000000	1904	7465
chr10	71000000	72000000	1905	10077
chr10	72000000	73000000	1906	10313
chr10	73000000	74000000	1907	9460
chr10	74000000	75000000	1908	7326
chr10	75000000	76000000	1909	6501
chr10	76000000	77000000	1910	7551
chr10	77000000	78000000	1911	9456
chr10	78000000	79000000	1912	12551
chr10	79000000	80000000	1913	9793
chr10	80000000	81000000	1914	10129
chr10	81000000	82000000	1915	8715
chr10	82000000	83000000	1916	17237
chr10	83000000	84000000	1917	28714
chr10	84000000	85000000	1918	30174
chr10	85000000	86000000	1919	26234
chr10	86000000	87000000	1920	16175
chr10	87000000	88000000	1921	16771
chr10	88000000	89000000	1922	7460
chr10	89000000	90000000	1923	6901
chr10	90000000	91000000	1924	8378
chr10	91000000	92000000	1925	15193
chr10	92000000	93000000	1926	19925
chr10	93000000	94000000	1927	7524
chr10	94000000	95000000	1928	8067
chr10	95000000	96000000	1929	9469
chr10	96000000	97000000	1930	15629
chr10	97000000	98000000	1931	8147
chr10	98000000	99000000	1932	9391
chr10	99000000	100000000	1933	7682
chr10	100000000	101000000	1934	12184
chr10	101000000	102000000	1935	8028
chr10	102000000	103000000	1936	8861
chr10	103000000	104000000	1937	7225
chr10	104000000	105000000	1938	6529
chr10	105000000	106000000	1939	7769
chr10	106000000	107000000	1940	23596
chr10	107000000	108000000	1941	33402
chr10	108000000	109000000	1942	22628
chr10	109000000	110000000	1943	25949
chr10	110000000	111000000	1944	26646
chr10	111000000	112000000	1945	14975
chr10	112000000	113000000	1946	9359
chr10	113000000	114000000	1947	16164
chr10	114000000	115000000	1948	8373
chr10	115000000	116000000	1949	9950
chr10	116000000	117000000	1950	9420
chr10	117000000	118000000	1951	19219
chr10	118000000	119000000	1952	12760
chr10	119000000	120000000	1953	12568
chr10	120000000	121000000	1954	10814
chr10	121000000	122000000	1955	9581
chr10	122000000	123000000	1956	16371
chr10	123000000	124000000	1957	11581
chr10	124000000	125000000	1958	12747
chr10	125000000	126000000	1959	15928
chr10	126000000	127000000	1960	8593
chr10	127000000	128000000	1961	12576
chr10	128000000	129000000	1962	11373
chr10	129000000	130000000	1963	15201
chr10	130000000	131000000	1964	29232
chr10	131000000	132000000	1965	17298
chr10	132000000	133000000	1966	26987
chr10	133000000	134000000	1967	16264
chr10	134000000	135000000	1968	11398
chr11	0	1000000	1969	6380
chr11	1000000	2000000	1970	10041
chr11	2000000	3000000	1971	10124
chr11	3000000	4000000	1972	8461
chr11	4000000	5000000	1973	19217
chr11	5000000	6000000	1974	22419
chr11	6000000	7000000	1975	11713
chr11	7000000	8000000	1976	16275
chr11	8000000	9000000	1977	11348
chr11	9000000	10000000	1978	7310
chr11	10000000	11000000	1979	8610
chr11	11000000	12000000	1980	10351
chr11	12000000	13000000	1981	8221
chr11	13000000	14000000	1982	11295
chr11	14000000	15000000	1983	9829
chr11	15000000	16000000	1984	12471
chr11	16000000	17000000	1985	9392
chr11	17000000	18000000	1986	10324
chr11	18000000	19000000	1987	11345
chr11	19000000	20000000	1988	11868
chr11	20000000	21000000	1989	17624
chr11	21000000	22000000	1990	24197
chr11	22000000	23000000	1991	19326
chr11	23000000	24000000	1992	20506
chr11	24000000	25000000	1993	24753
chr11	25000000	26000000	1994	29852
chr11	26000000	27000000	1995	17919
chr11	27000000	28000000	1996	12721
chr11	28000000	29000000	1997	17606
chr11	29000000	30000000	1998	23612
chr11	30000000	31000000	1999	19203
chr11	31000000	32000000	2000	16487
chr11	32000000	33000000	2001	15103
chr11	33000000	34000000	2002	8718
chr11	34000000	35000000	2003	9388
chr11	35000000	36000000	2004	9695
chr11	36000000	37000000	2005	15589
chr11	37000000	38000000	2006	33469
chr11	38000000	39000000	2007	32389
chr11	39000000	40000000	2008	36196
chr11	40000000	41000000	2009	37277
chr11	41000000	42000000	2010	30840
chr11	42000000	43000000	2011	33783
chr11	43000000	44000000	2012	16809
chr11	44000000	45000000	2013	10566
chr11	45000000	46000000	2014	11924
chr11	46000000	47000000	2015	7453
chr11	47000000	48000000	2016	7570
chr11	48000000	49000000	2017	27903
chr11	49000000	50000000	2018	28154
chr11	50000000	51000000	2019	28252
chr11	51000000	52000000	2020	15545
chr11	54000000	55000000	2023	9297
chr11	55000000	56000000	2024	32807
chr11	56000000	57000000	2025	23018
chr11	57000000	58000000	2026	10508
chr11	58000000	59000000	2027	16130
chr11	59000000	60000000	2028	12305
chr11	60000000	61000000	2029	11671
chr11	61000000	62000000	2030	8286
chr11	62000000	63000000	2031	10090
chr11	63000000	64000000	2032	10430
chr11	64000000	65000000	2033	9071
chr11	65000000	66000000	2034	6860
chr11	66000000	67000000	2035	7952
chr11	67000000	68000000	2036	8808
chr11	68000000	69000000	2037	9798
chr11	69000000	70000000	2038	11932
chr11	70000000	71000000	2039	12752
chr11	71000000	72000000	2040	11078
chr11	72000000	73000000	2041	9239
chr11	73000000	74000000	2042	7565
chr11	74000000	75000000	2043	8707
chr11	75000000	76000000	2044	8894
chr11	76000000	77000000	2045	9506
chr11	77000000	78000000	2046	8034
chr11	78000000	79000000	2047	13494
chr11	79000000	80000000	2048	25911
chr11	80000000	81000000	2049	30606
chr11	81000000	82000000	2050	32357
chr11	82000000	83000000	2051	16728
chr11	83000000	84000000	2052	16585
chr11	84000000	85000000	2053	24719
chr11	85000000	86000000	2054	11278
chr11	86000000	87000000	2055	8749
chr11	87000000	88000000	2056	13288
chr11	88000000	89000000	2057	17919
chr11	89000000	90000000	2058	14359
chr11	90000000	91000000	2059	31569
chr11	91000000	92000000	2060	26760
chr11	92000000	93000000	2061	17885
chr11	93000000	94000000	2062	12585
chr11	94000000	95000000	2063	9137
chr11	95000000	96000000	2064	9126
chr11	96000000	97000000	2065	22116
chr11	97000000	98000000	2066	32094
chr11	98000000	99000000	2067	33888
chr11	99000000	100000000	2068	31600
chr11	100000000	101000000	2069	18222
chr11	101000000	102000000	2070	18975
chr11	102000000	103000000	2071	9598
chr11	103000000	104000000	2072	18316
chr11	104000000	105000000	2073	16342
chr11	105000000	106000000	2074	16514
chr11	106000000	107000000	2075	21415
chr11	107000000	108000000	2076	12489
chr11	108000000	109000000	2077	8638
chr11	109000000	110000000	2078	15928
chr11	110000000	111000000	2079	10606
chr11	111000000	112000000	2080	8167
chr11	112000000	113000000	2081	13391
chr11	113000000	114000000	2082	12263
chr11	114000000	115000000	2083	18268
chr11	115000000	116000000	2084	16413
chr11	116000000	117000000	2085	12039
chr11	117000000	118000000	2086	9668
chr11	118000000	119000000	2087	6890
chr11	119000000	120000000	2088	10518
chr11	120000000	121000000	2089	11217
chr11	121000000	122000000	2090	15551
chr11	122000000	123000000	2091	15559
chr11	123000000	124000000	2092	17624
chr11	124000000	125000000	2093	15288
chr11	125000000	126000000	2094	9756
chr11	126000000	127000000	2095	13639
chr11	127000000	128000000	2096	26812
chr11	128000000	129000000	2097	10386
chr11	129000000	130000000	2098	12350
chr11	130000000	131000000	2099	13310
chr11	131000000	132000000	2100	26646
chr11	132000000	133000000	2101	26323
chr11	133000000	134000000	2102	22739
chr11	134000000	135000000	2103	14600
chr12	0	1000000	2104	9046
chr12	1000000	2000000	2105	8110
chr12	2000000	3000000	2106	14271
chr12	3000000	4000000	2107	10746
chr12	4000000	5000000	2108	15330
chr12	5000000	6000000	2109	17999
chr12	6000000	7000000	2110	8693
chr12	7000000	8000000	2111	15409
chr12	8000000	9000000	2112	12755
chr12	9000000	10000000	2113	9827
chr12	10000000	11000000	2114	12802
chr12	11000000	12000000	2115	10757
chr12	12000000	13000000	2116	7811
chr12	13000000	14000000	2117	14707
chr12	14000000	15000000	2118	13534
chr12	15000000	16000000	2119	13049
chr12	16000000	17000000	2120	15251
chr12	17000000	18000000	2121	28909
chr12	18000000	19000000	2122	22768
chr12	19000000	20000000	2123	13537
chr12	20000000	21000000	2124	20821
chr12	21000000	22000000	2125	20244
chr12	22000000	23000000	2126	11081
chr12	23000000	24000000	2127	17260
chr12	24000000	25000000	2128	15642
chr12	25000000	26000000	2129	13961
chr12	26000000	27000000	2130	8679
chr12	27000000	28000000	2131	7948
chr12	28000000	29000000	2132	11526
chr12	29000000	30000000	2133	12588
chr12	30000000	31000000	2134	16285
chr12	31000000	32000000	2135	9622
chr12	32000000	33000000	2136	9915
chr12	33000000	34000000	2137	31573
chr12	34000000	35000000	2138	31408
chr12	37000000	38000000	2141	4302
chr12	38000000	39000000	2142	28312
chr12	39000000	40000000	2143	15505
chr12	40000000	41000000	2144	14638
chr12	41000000	42000000	2145	19931
chr12	42000000	43000000	2146	13622
chr12	43000000	44000000	2147	20482
chr12	44000000	45000000	2148	11486
chr12	45000000	46000000	2149	13957
chr12	46000000	47000000	2150	11972
chr12	47000000	48000000	2151	17783
chr12	48000000	49000000	2152	11554
chr12	49000000	50000000	2153	7391
chr12	50000000	51000000	2154	7451
chr12	51000000	52000000	2155	8556
chr12	52000000	53000000	2156	9854
chr12	53000000	54000000	2157	8821
chr12	54000000	55000000	2158	10000
chr12	55000000	56000000	2159	21091
chr12	56000000	57000000	2160	7106
chr12	57000000	58000000	2161	7930
chr12	58000000	59000000	2162	14372
chr12	59000000	60000000	2163	17749
chr12	60000000	61000000	2164	24102
chr12	61000000	62000000	2165	33406
chr12	62000000	63000000	2166	19116
chr12	63000000	64000000	2167	12193
chr12	64000000	65000000	2168	9817
chr12	65000000	66000000	2169	11647
chr12	66000000	67000000	2170	13435
chr12	67000000	68000000	2171	13463
chr12	68000000	69000000	2172	13348
chr12	69000000	70000000	2173	9637
chr12	70000000	71000000	2174	16259
chr12	71000000	72000000	2175	18333
chr12	72000000	73000000	2176	17484
chr12	73000000	74000000	2177	32654
chr12	74000000	75000000	2178	23731
chr12	75000000	76000000	2179	15741
chr12	76000000	77000000	2180	8889
chr12	77000000	78000000	2181	12755
chr12	78000000	79000000	2182	17706
chr12	79000000	80000000	2183	20974
chr12	80000000	81000000	2184	15003
chr12	81000000	82000000	2185	23544
chr12	82000000	83000000	2186	19103
chr12	83000000	84000000	2187	14737
chr12	84000000	85000000	2188	27775
chr12	85000000	86000000	2189	18226
chr12	86000000	87000000	2190	23607
chr12	87000000	88000000	2191	31003
chr12	88000000	89000000	2192	17977
chr12	89000000	90000000	2193	13270
chr12	90000000	91000000	2194	18594
chr12	91000000	92000000	2195	18240
chr12	92000000	93000000	2196	10033
chr12	93000000	94000000	2197	8651
chr12	94000000	95000000	2198	8801
chr12	95000000	96000000	2199	9897
chr12	96000000	97000000	2200	9935
chr12	97000000	98000000	2201	23136
chr12	98000000	99000000	2202	23641
chr12	99000000	100000000	2203	15980
chr12	100000000	101000000	2204	14471
chr12	101000000	102000000	2205	16711
chr12	102000000	103000000	2206	11634
chr12	103000000	104000000	2207	18286
chr12	104000000	105000000	2208	10253
chr12	105000000	106000000	2209	9721
chr12	106000000	107000000	2210	12064
chr12	107000000	108000000	2211	13312
chr12	108000000	109000000	2212	15147
chr12	109000000	110000000	2213	8228
chr12	110000000	111000000	2214	7020
chr12	111000000	112000000	2215	11149
chr12	112000000	113000000	2216	7452
chr12	113000000	114000000	2217	13117
chr12	114000000	115000000	2218	19310
chr12	115000000	116000000	2219	16986
chr12	116000000	117000000	2220	12329
chr12	117000000	118000000	2221	12822
chr12	118000000	119000000	2222	15523
chr12	119000000	120000000	2223	22809
chr12	120000000	121000000	2224	8974
chr12	121000000	122000000	2225	7701
chr12	122000000	123000000	2226	7429
chr12	123000000	124000000	2227	7050
chr12	124000000	125000000	2228	8631
chr12	125000000	126000000	2229	12000
chr12	126000000	127000000	2230	24703
chr12	127000000	128000000	2231	31657
chr12	128000000	129000000	2232	36708
chr12	129000000	130000000	2233	24903
chr12	130000000	131000000	2234	21530
chr12	131000000	132000000	2235	17367
chr12	132000000	133000000	2236	10810
chr13	19000000	20000000	2256	20908
chr13	20000000	21000000	2257	10415
chr13	21000000	22000000	2258	8206
chr13	22000000	23000000	2259	19008
chr13	23000000	24000000	2260	23386
chr13	24000000	25000000	2261	9553
chr13	25000000	26000000	2262	11863
chr13	26000000	27000000	2263	13145
chr13	27000000	28000000	2264	12951
chr13	28000000	29000000	2265	11010
chr13	29000000	30000000	2266	18583
chr13	30000000	31000000	2267	8969
chr13	31000000	32000000	2268	10268
chr13	32000000	33000000	2269	12692
chr13	33000000	34000000	2270	10725
chr13	34000000	35000000	2271	11600
chr13	35000000	36000000	2272	17225
chr13	36000000	37000000	2273	18211
chr13	37000000	38000000	2274	17799
chr13	38000000	39000000	2275	20794
chr13	39000000	40000000	2276	14611
chr13	40000000	41000000	2277	11719
chr13	41000000	42000000	2278	7773
chr13	42000000	43000000	2279	8514
chr13	43000000	44000000	2280	11295
chr13	44000000	45000000	2281	9847
chr13	45000000	46000000	2282	8166
chr13	46000000	47000000	2283	10762
chr13	47000000	48000000	2284	13476
chr13	48000000	49000000	2285	11944
chr13	49000000	50000000	2286	8174
chr13	50000000	51000000	2287	8007
chr13	51000000	52000000	2288	8911
chr13	52000000	53000000	2289	7759
chr13	53000000	54000000	2290	16638
chr13	54000000	55000000	2291	31614
chr13	55000000	56000000	2292	34401
chr13	56000000	57000000	2293	37549
chr13	57000000	58000000	2294	31943
chr13	58000000	59000000	2295	31257
chr13	59000000	60000000	2296	24708
chr13	60000000	61000000	2297	12829
chr13	61000000	62000000	2298	20082
chr13	62000000	63000000	2299	30179
chr13	63000000	64000000	2300	30641
chr13	64000000	65000000	2301	31468
chr13	65000000	66000000	2302	35856
chr13	66000000	67000000	2303	28034
chr13	67000000	68000000	2304	22372
chr13	68000000	69000000	2305	28004
chr13	69000000	70000000	2306	30787
chr13	70000000	71000000	2307	23244
chr13	71000000	72000000	2308	27513
chr13	72000000	73000000	2309	25280
chr13	73000000	74000000	2310	14135
chr13	74000000	75000000	2311	11874
chr13	75000000	76000000	2312	16917
chr13	76000000	77000000	2313	13043
chr13	77000000	78000000	2314	12613
chr13	78000000	79000000	2315	16754
chr13	79000000	80000000	2316	21704
chr13	80000000	81000000	2317	12078
chr13	81000000	82000000	2318	24123
chr13	82000000	83000000	2319	30785
chr13	83000000	84000000	2320	36082
chr13	84000000	85000000	2321	37516
chr13	85000000	86000000	2322	28196
chr13	86000000	87000000	2323	20784
chr13	87000000	88000000	2324	34462
chr13	88000000	89000000	2325	30010
chr13	89000000	90000000	2326	27900
chr13	90000000	91000000	2327	25429
chr13	91000000	92000000	2328	24185
chr13	92000000	93000000	2329	29498
chr13	93000000	94000000	2330	31294
chr13	94000000	95000000	2331	24061
chr13	95000000	96000000	2332	12119
chr13	96000000	97000000	2333	13616
chr13	97000000	98000000	2334	19713
chr13	98000000	99000000	2335	10426
chr13	99000000	100000000	2336	8298
chr13	100000000	101000000	2337	9994
chr13	101000000	102000000	2338	17111
chr13	102000000	103000000	2339	21443
chr13	103000000	104000000	2340	19611
chr13	104000000	105000000	2341	26162
chr13	105000000	106000000	2342	22127
chr13	106000000	107000000	2343	17316
chr13	107000000	108000000	2344	23884
chr13	108000000	109000000	2345	27244
chr13	109000000	110000000	2346	16539
chr13	110000000	111000000	2347	13260
chr13	111000000	112000000	2348	10445
chr13	112000000	113000000	2349	16040
chr13	113000000	114000000	2350	9936
chr13	114000000	115000000	2351	8322
chr14	19000000	20000000	2371	19507
chr14	20000000	21000000	2372	20063
chr14	21000000	22000000	2373	9071
chr14	22000000	23000000	2374	19522
chr14	23000000	24000000	2375	7881
chr14	24000000	25000000	2376	8693
chr14	25000000	26000000	2377	13842
chr14	26000000	27000000	2378	31385
chr14	27000000	28000000	2379	32144
chr14	28000000	29000000	2380	36706
chr14	29000000	30000000	2381	29177
chr14	30000000	31000000	2382	19501
chr14	31000000	32000000	2383	8476
chr14	32000000	33000000	2384	8624
chr14	33000000	34000000	2385	14951
chr14	34000000	35000000	2386	10733
chr14	35000000	36000000	2387	7617
chr14	36000000	37000000	2388	11164
chr14	37000000	38000000	2389	14174
chr14	38000000	39000000	2390	22686
chr14	39000000	40000000	2391	16040
chr14	40000000	41000000	2392	30730
chr14	41000000	42000000	2393	32622
chr14	42000000	43000000	2394	27069
chr14	43000000	44000000	2395	24563
chr14	44000000	45000000	2396	19439
chr14	45000000	46000000	2397	13343
chr14	46000000	47000000	2398	20176
chr14	47000000	48000000	2399	21457
chr14	48000000	49000000	2400	25861
chr14	49000000	50000000	2401	21858
chr14	50000000	51000000	2402	7007
chr14	51000000	52000000	2403	9422
chr14	52000000	53000000	2404	11654
chr14	53000000	54000000	2405	9575
chr14	54000000	55000000	2406	13437
chr14	55000000	56000000	2407	7552
chr14	56000000	57000000	2408	9904
chr14	57000000	58000000	2409	15068
chr14	58000000	59000000	2410	14295
chr14	59000000	60000000	2411	10606
chr14	60000000	61000000	2412	13054
chr14	61000000	62000000	2413	8351
chr14	62000000	63000000	2414	19088
chr14	63000000	64000000	2415	19538
chr14	64000000	65000000	2416	7257
chr14	65000000	66000000	2417	8530
chr14	66000000	67000000	2418	11847
chr14	67000000	68000000	2419	8160
chr14	68000000	69000000	2420	6717
chr14	69000000	70000000	2421	7950
chr14	70000000	71000000	2422	14317
chr14	71000000	72000000	2423	10042
chr14	72000000	73000000	2424	21442
chr14	73000000	74000000	2425	9080
chr14	74000000	75000000	2426	7118
chr14	75000000	76000000	2427	7545
chr14	76000000	77000000	2428	9016
chr14	77000000	78000000	2429	9270
chr14	78000000	79000000	2430	16274
chr14	79000000	80000000	2431	22892
chr14	80000000	81000000	2432	20276
chr14	81000000	82000000	2433	10400
chr14	82000000	83000000	2434	29106
chr14	83000000	84000000	2435	35912
chr14	84000000	85000000	2436	24489
chr14	85000000	86000000	2437	26870
chr14	86000000	87000000	2438	25644
chr14	87000000	88000000	2439	32539
chr14	88000000	89000000	2440	17211
chr14	89000000	90000000	2441	10287
chr14	90000000	91000000	2442	10910
chr14	91000000	92000000	2443	7916
chr14	92000000	93000000	2444	11429
chr14	93000000	94000000	2445	9494
chr14	94000000	95000000	2446	13358
chr14	95000000	96000000	2447	12106
chr14	96000000	97000000	2448	15334
chr14	97000000	98000000	2449	19284
chr14	98000000	99000000	2450	26855
chr14	99000000	100000000	2451	15300
chr14	100000000	101000000	2452	8505
chr14	101000000	102000000	2453	16252
chr14	102000000	103000000	2454	7801
chr14	103000000	104000000	2455	8034
chr14	104000000	105000000	2456	11018
chr14	105000000	106000000	2457	7543
chr14	106000000	107000000	2458	49717
chr15	20000000	21000000	2479	22811
chr15	21000000	22000000	2480	6245
chr15	22000000	23000000	2481	18116
chr15	23000000	24000000	2482	11875
chr15	24000000	25000000	2483	34521
chr15	25000000	26000000	2484	21706
chr15	26000000	27000000	2485	26133
chr15	27000000	28000000	2486	22707
chr15	28000000	29000000	2487	9379
chr15	29000000	30000000	2488	13967
chr15	30000000	31000000	2489	5806
chr15	31000000	32000000	2490	8792
chr15	32000000	33000000	2491	8995
chr15	33000000	34000000	2492	12518
chr15	34000000	35000000	2493	8866
chr15	35000000	36000000	2494	10444
chr15	36000000	37000000	2495	19222
chr15	37000000	38000000	2496	18556
chr15	38000000	39000000	2497	11804
chr15	39000000	40000000	2498	13721
chr15	40000000	41000000	2499	7202
chr15	41000000	42000000	2500	7111
chr15	42000000	43000000	2501	6549
chr15	43000000	44000000	2502	6140
chr15	44000000	45000000	2503	6926
chr15	45000000	46000000	2504	8480
chr15	46000000	47000000	2505	22828
chr15	47000000	48000000	2506	17949
chr15	48000000	49000000	2507	11767
chr15	49000000	50000000	2508	8778
chr15	50000000	51000000	2509	11330
chr15	51000000	52000000	2510	9535
chr15	52000000	53000000	2511	6976
chr15	53000000	54000000	2512	17057
chr15	54000000	55000000	2513	25591
chr15	55000000	56000000	2514	17536
chr15	56000000	57000000	2515	9098
chr15	57000000	58000000	2516	8611
chr15	58000000	59000000	2517	10460
chr15	59000000	60000000	2518	7314
chr15	60000000	61000000	2519	11477
chr15	61000000	62000000	2520	17914
chr15	62000000	63000000	2521	11041
chr15	63000000	64000000	2522	7748
chr15	64000000	65000000	2523	7095
chr15	65000000	66000000	2524	7273
chr15	66000000	67000000	2525	9210
chr15	67000000	68000000	2526	7884
chr15	68000000	69000000	2527	9136
chr15	69000000	70000000	2528	9530
chr15	70000000	71000000	2529	10317
chr15	71000000	72000000	2530	11885
chr15	72000000	73000000	2531	7385
chr15	73000000	74000000	2532	9524
chr15	74000000	75000000	2533	8789
chr15	75000000	76000000	2534	7109
chr15	76000000	77000000	2535	8670
chr15	77000000	78000000	2536	7759
chr15	78000000	79000000	2537	8930
chr15	79000000	80000000	2538	10911
chr15	80000000	81000000	2539	9038
chr15	81000000	82000000	2540	10424
chr15	82000000	83000000	2541	7429
chr15	83000000	84000000	2542	8248
chr15	84000000	85000000	2543	14082
chr15	85000000	86000000	2544	7005
chr15	86000000	87000000	2545	13487
chr15	87000000	88000000	2546	29570
chr15	88000000	89000000	2547	25975
chr15	89000000	90000000	2548	9760
chr15	90000000	91000000	2549	8228
chr15	91000000	92000000	2550	10243
chr15	92000000	93000000	2551	15080
chr15	93000000	94000000	2552	14231
chr15	94000000	95000000	2553	21948
chr15	95000000	96000000	2554	30872
chr15	96000000	97000000	2555	20026
chr15	97000000	98000000	2556	32634
chr15	98000000	99000000	2557	24445
chr15	99000000	100000000	2558	9935
chr15	100000000	101000000	2559	9868
chr15	101000000	102000000	2560	9502
chr16	0	1000000	2561	7308
chr16	1000000	2000000	2562	9303
chr16	2000000	3000000	2563	6742
chr16	3000000	4000000	2564	8259
chr16	4000000	5000000	2565	7503
chr16	5000000	6000000	2566	20277
chr16	6000000	7000000	2567	29488
chr16	7000000	8000000	2568	34904
chr16	8000000	9000000	2569	22070
chr16	9000000	10000000	2570	19278
chr16	10000000	11000000	2571	17361
chr16	11000000	12000000	2572	8236
chr16	12000000	13000000	2573	11062
chr16	13000000	14000000	2574	29577
chr16	14000000	15000000	2575	7162
chr16	15000000	16000000	2576	7703
chr16	16000000	17000000	2577	10502
chr16	17000000	18000000	2578	20702
chr16	18000000	19000000	2579	11367
chr16	19000000	20000000	2580	11100
chr16	20000000	21000000	2581	16850
chr16	21000000	22000000	2582	7783
chr16	22000000	23000000	2583	12385
chr16	23000000	24000000	2584	12647
chr16	24000000	25000000	2585	16583
chr16	25000000	26000000	2586	24603
chr16	26000000	27000000	2587	36044
chr16	27000000	28000000	2588	12969
chr16	28000000	29000000	2589	6676
chr16	29000000	30000000	2590	6608
chr16	30000000	31000000	2591	6554
chr16	31000000	32000000	2592	12586
chr16	32000000	33000000	2593	23756
chr16	33000000	34000000	2594	27249
chr16	34000000	35000000	2595	25277
chr16	35000000	36000000	2596	8031
chr16	46000000	47000000	2607	9404
chr16	47000000	48000000	2608	10085
chr16	48000000	49000000	2609	13484
chr16	49000000	50000000	2610	20511
chr16	50000000	51000000	2611	11034
chr16	51000000	52000000	2612	28941
chr16	52000000	53000000	2613	14439
chr16	53000000	54000000	2614	7998
chr16	54000000	55000000	2615	11448
chr16	55000000	56000000	2616	13653
chr16	56000000	57000000	2617	9320
chr16	57000000	58000000	2618	7668
chr16	58000000	59000000	2619	10199
chr16	59000000	60000000	2620	20573
chr16	60000000	61000000	2621	26834
chr16	61000000	62000000	2622	32030
chr16	62000000	63000000	2623	34756
chr16	63000000	64000000	2624	21994
chr16	64000000	65000000	2625	21432
chr16	65000000	66000000	2626	26615
chr16	66000000	67000000	2627	12780
chr16	67000000	68000000	2628	5766
chr16	68000000	69000000	2629	7196
chr16	69000000	70000000	2630	6562
chr16	70000000	71000000	2631	7714
chr16	71000000	72000000	2632	12175
chr16	72000000	73000000	2633	11778
chr16	73000000	74000000	2634	19687
chr16	74000000	75000000	2635	11345
chr16	75000000	76000000	2636	9618
chr16	76000000	77000000	2637	24266
chr16	77000000	78000000	2638	24469
chr16	78000000	79000000	2639	15611
chr16	79000000	80000000	2640	14539
chr16	80000000	81000000	2641	17045
chr16	81000000	82000000	2642	8481
chr16	82000000	83000000	2643	19600
chr16	83000000	84000000	2644	18866
chr16	84000000	85000000	2645	8532
chr16	85000000	86000000	2646	9305
chr16	86000000	87000000	2647	13906
chr16	87000000	88000000	2648	10094
chr16	88000000	89000000	2649	8413
chr16	89000000	90000000	2650	8346
chr17	0	1000000	2651	7816
chr17	1000000	2000000	2652	6718
chr17	2000000	3000000	2653	7714
chr17	3000000	4000000	2654	9859
chr17	4000000	5000000	2655	6727
chr17	5000000	6000000	2656	11505
chr17	6000000	7000000	2657	10599
chr17	7000000	8000000	2658	6631
chr17	8000000	9000000	2659	8352
chr17	9000000	10000000	2660	10137
chr17	10000000	11000000	2661	13686
chr17	11000000	12000000	2662	15394
chr17	12000000	13000000	2663	20236
chr17	13000000	14000000	2664	16397
chr17	14000000	15000000	2665	14992
chr17	15000000	16000000	2666	7929
chr17	16000000	17000000	2667	7383
chr17	17000000	18000000	2668	6533
chr17	18000000	19000000	2669	5338
chr17	19000000	20000000	2670	6601
chr17	20000000	21000000	2671	8050
chr17	21000000	22000000	2672	14675
chr17	22000000	23000000	2673	6748
chr17	25000000	26000000	2676	10417
chr17	26000000	27000000	2677	8775
chr17	27000000	28000000	2678	7385
chr17	28000000	29000000	2679	7489
chr17	29000000	30000000	2680	7372
chr17	30000000	31000000	2681	7891
chr17	31000000	32000000	2682	17016
chr17	32000000	33000000	2683	19703
chr17	33000000	34000000	2684	11158
chr17	34000000	35000000	2685	6193
chr17	35000000	36000000	2686	8872
chr17	36000000	37000000	2687	9599
chr17	37000000	38000000	2688	9487
chr17	38000000	39000000	2689	9383
chr17	39000000	40000000	2690	11800
chr17	40000000	41000000	2691	6307
chr17	41000000	42000000	2692	8226
chr17	42000000	43000000	2693	7983
chr17	43000000	44000000	2694	8456
chr17	44000000	45000000	2695	5794
chr17	45000000	46000000	2696	7984
chr17	46000000	47000000	2697	10027
chr17	47000000	48000000	2698	10277
chr17	48000000	49000000	2699	9369
chr17	49000000	50000000	2700	15412
chr17	50000000	51000000	2701	32209
chr17	51000000	52000000	2702	29549
chr17	52000000	53000000	2703	30564
chr17	53000000	54000000	2704	13699
chr17	54000000	55000000	2705	21569
chr17	55000000	56000000	2706	8747
chr17	56000000	57000000	2707	9540
chr17	57000000	58000000	2708	8335
chr17	58000000	59000000	2709	7877
chr17	59000000	60000000	2710	9975
chr17	60000000	61000000	2711	10889
chr17	61000000	62000000	2712	8240
chr17	62000000	63000000	2713	7467
chr17	63000000	64000000	2714	10861
chr17	64000000	65000000	2715	10595
chr17	65000000	66000000	2716	8613
chr17	66000000	67000000	2717	9806
chr17	67000000	68000000	2718	12391
chr17	68000000	69000000	2719	16738
chr17	69000000	70000000	2720	16050
chr17	70000000	71000000	2721	10323
chr17	71000000	72000000	2722	11924
chr17	72000000	73000000	2723	12202
chr17	73000000	74000000	2724	7294
chr17	74000000	75000000	2725	8377
chr17	75000000	76000000	2726	10724
chr17	76000000	77000000	2727	9063
chr17	77000000	78000000	2728	11552
chr17	78000000	79000000	2729	8602
chr17	79000000	80000000	2730	7363
chr17	80000000	81000000	2731	8404
chr18	0	1000000	2732	12009
chr18	1000000	2000000	2733	30704
chr18	2000000	3000000	2734	18111
chr18	3000000	4000000	2735	10503
chr18	4000000	5000000	2736	22855
chr18	5000000	6000000	2737	21254
chr18	6000000	7000000	2738	21271
chr18	7000000	8000000	2739	16146
chr18	8000000	9000000	2740	11645
chr18	9000000	10000000	2741	8941
chr18	10000000	11000000	2742	13114
chr18	11000000	12000000	2743	14333
chr18	12000000	13000000	2744	8925
chr18	13000000	14000000	2745	12279
chr18	14000000	15000000	2746	18606
chr18	15000000	16000000	2747	9156
chr18	18000000	19000000	2750	5419
chr18	19000000	20000000	2751	10423
chr18	20000000	21000000	2752	11182
chr18	21000000	22000000	2753	8978
chr18	22000000	23000000	2754	18172
chr18	23000000	24000000	2755	16730
chr18	24000000	25000000	2756	13360
chr18	25000000	26000000	2757	21369
chr18	26000000	27000000	2758	30314
chr18	27000000	28000000	2759	30566
chr18	28000000	29000000	2760	21626
chr18	29000000	30000000	2761	9824
chr18	30000000	31000000	2762	15262
chr18	31000000	32000000	2763	23348
chr18	32000000	33000000	2764	11034
chr18	33000000	34000000	2765	9422
chr18	34000000	35000000	2766	10899
chr18	35000000	36000000	2767	32514
chr18	36000000	37000000	2768	32755
chr18	37000000	38000000	2769	32857
chr18	38000000	39000000	2770	36713
chr18	39000000	40000000	2771	23396
chr18	40000000	41000000	2772	25199
chr18	41000000	42000000	2773	25034
chr18	42000000	43000000	2774	15733
chr18	43000000	44000000	2775	10953
chr18	44000000	45000000	2776	15174
chr18	45000000	46000000	2777	14187
chr18	46000000	47000000	2778	7703
chr18	47000000	48000000	2779	12311
chr18	48000000	49000000	2780	14134
chr18	49000000	50000000	2781	26186
chr18	50000000	51000000	2782	33520
chr18	51000000	52000000	2783	21396
chr18	52000000	53000000	2784	18415
chr18	53000000	54000000	2785	21061
chr18	54000000	55000000	2786	16737
chr18	55000000	56000000	2787	10028
chr18	56000000	57000000	2788	9586
chr18	57000000	58000000	2789	18184
chr18	58000000	59000000	2790	26551
chr18	59000000	60000000	2791	15398
chr18	60000000	61000000	2792	10249
chr18	61000000	62000000	2793	19862
chr18	62000000	63000000	2794	31918
chr18	63000000	64000000	2795	30644
chr18	64000000	65000000	2796	21720
chr18	65000000	66000000	2797	30174
chr18	66000000	67000000	2798	25481
chr18	67000000	68000000	2799	15784
chr18	68000000	69000000	2800	22869
chr18	69000000	70000000	2801	28889
chr18	70000000	71000000	2802	28412
chr18	71000000	72000000	2803	17655
chr18	72000000	73000000	2804	8445
chr18	73000000	74000000	2805	19191
chr18	74000000	75000000	2806	10871
chr18	75000000	76000000	2807	27012
chr18	76000000	77000000	2808	20570
chr18	77000000	78000000	2809	9855
chr19	0	1000000	2932	7979
chr19	1000000	2000000	2933	7516
chr19	2000000	3000000	2934	8328
chr19	3000000	4000000	2935	9243
chr19	4000000	5000000	2936	8514
chr19	5000000	6000000	2937	9581
chr19	6000000	7000000	2938	11546
chr19	7000000	8000000	2939	8336
chr19	8000000	9000000	2940	10765
chr19	9000000	10000000	2941	14244
chr19	10000000	11000000	2942	8864
chr19	11000000	12000000	2943	7659
chr19	12000000	13000000	2944	7731
chr19	13000000	14000000	2945	11967
chr19	14000000	15000000	2946	9185
chr19	15000000	16000000	2947	12944
chr19	16000000	17000000	2948	9916
chr19	17000000	18000000	2949	9498
chr19	18000000	19000000	2950	8107
chr19	19000000	20000000	2951	8167
chr19	20000000	21000000	2952	18399
chr19	21000000	22000000	2953	15725
chr19	22000000	23000000	2954	30220
chr19	23000000	24000000	2955	21914
chr19	24000000	25000000	2956	16979
chr19	27000000	28000000	2959	11217
chr19	28000000	29000000	2960	26320
chr19	29000000	30000000	2961	24377
chr19	30000000	31000000	2962	18534
chr19	31000000	32000000	2963	28735
chr19	32000000	33000000	2964	27302
chr19	33000000	34000000	2965	10253
chr19	34000000	35000000	2966	12098
chr19	35000000	36000000	2967	11724
chr19	36000000	37000000	2968	8834
chr19	37000000	38000000	2969	10693
chr19	38000000	39000000	2970	9920
chr19	39000000	40000000	2971	8535
chr19	40000000	41000000	2972	11130
chr19	41000000	42000000	2973	9358
chr19	42000000	43000000	2974	10790
chr19	43000000	44000000	2975	19184
chr19	44000000	45000000	2976	9355
chr19	45000000	46000000	2977	9374
chr19	46000000	47000000	2978	9234
chr19	47000000	48000000	2979	7823
chr19	48000000	49000000	2980	8594
chr19	49000000	50000000	2981	8130
chr19	50000000	51000000	2982	8546
chr19	51000000	52000000	2983	14053
chr19	52000000	53000000	2984	13376
chr19	53000000	54000000	2985	12147
chr19	54000000	55000000	2986	15428
chr19	55000000	56000000	2987	13308
chr19	56000000	57000000	2988	14949
chr19	57000000	58000000	2989	17196
chr19	58000000	59000000	2990	8390
chr2	0	1000000	250	22761
chr2	1000000	2000000	251	27795
chr2	2000000	3000000	252	31202
chr2	3000000	4000000	253	13110
chr2	4000000	5000000	254	31604
chr2	5000000	6000000	255	28259
chr2	6000000	7000000	256	28927
chr2	7000000	8000000	257	14980
chr2	8000000	9000000	258	11952
chr2	9000000	10000000	259	8931
chr2	10000000	11000000	260	9309
chr2	11000000	12000000	261	10020
chr2	12000000	13000000	262	12053
chr2	13000000	14000000	263	26546
chr2	14000000	15000000	264	28439
chr2	15000000	16000000	265	15197
chr2	16000000	17000000	266	18985
chr2	17000000	18000000	267	22023
chr2	18000000	19000000	268	18804
chr2	19000000	20000000	269	17418
chr2	20000000	21000000	270	9248
chr2	21000000	22000000	271	21195
chr2	22000000	23000000	272	28617
chr2	23000000	24000000	273	14242
chr2	24000000	25000000	274	7554
chr2	25000000	26000000	275	8112
chr2	26000000	27000000	276	8939
chr2	27000000	28000000	277	8190
chr2	28000000	29000000	278	8866
chr2	29000000	30000000	279	12207
chr2	30000000	31000000	280	13066
chr2	31000000	32000000	281	18995
chr2	32000000	33000000	282	8264
chr2	33000000	34000000	283	12474
chr2	34000000	35000000	284	21396
chr2	35000000	36000000	285	26185
chr2	36000000	37000000	286	16115
chr2	37000000	38000000	287	8647
chr2	38000000	39000000	288	8793
chr2	39000000	40000000	289	8276
chr2	40000000	41000000	290	20465
chr2	41000000	42000000	291	19504
chr2	42000000	43000000	292	9483
chr2	43000000	44000000	293	8365
chr2	44000000	45000000	294	8809
chr2	45000000	46000000	295	10965
chr2	46000000	47000000	296	7781
chr2	47000000	48000000	297	10172
chr2	48000000	49000000	298	12488
chr2	49000000	50000000	299	29956
chr2	50000000	51000000	300	26238
chr2	51000000	52000000	301	35600
chr2	52000000	53000000	302	26292
chr2	53000000	54000000	303	16606
chr2	54000000	55000000	304	8426
chr2	55000000	56000000	305	8933
chr2	56000000	57000000	306	22646
chr2	57000000	58000000	307	24481
chr2	58000000	59000000	308	16556
chr2	59000000	60000000	309	25165
chr2	60000000	61000000	310	15253
chr2	61000000	62000000	311	8234
chr2	62000000	63000000	312	8652
chr2	63000000	64000000	313	9256
chr2	64000000	65000000	314	8409
chr2	65000000	66000000	315	10003
chr2	66000000	67000000	316	16683
chr2	67000000	68000000	317	17036
chr2	68000000	69000000	318	11220
chr2	69000000	70000000	319	8948
chr2	70000000	71000000	320	9802
chr2	71000000	72000000	321	11708
chr2	72000000	73000000	322	12068
chr2	73000000	74000000	323	9230
chr2	74000000	75000000	324	7623
chr2	75000000	76000000	325	14018
chr2	76000000	77000000	326	29242
chr2	77000000	78000000	327	25833
chr2	78000000	79000000	328	28459
chr2	79000000	80000000	329	28653
chr2	80000000	81000000	330	30491
chr2	81000000	82000000	331	40714
chr2	82000000	83000000	332	38386
chr2	83000000	84000000	333	33096
chr2	84000000	85000000	334	21346
chr2	85000000	86000000	335	8652
chr2	86000000	87000000	336	8470
chr2	87000000	88000000	337	7833
chr2	88000000	89000000	338	12254
chr2	89000000	90000000	339	28822
chr2	90000000	91000000	340	8481
chr2	91000000	92000000	341	7735
chr2	92000000	93000000	342	7896
chr2	95000000	96000000	345	10031
chr2	96000000	97000000	346	7709
chr2	97000000	98000000	347	8332
chr2	98000000	99000000	348	9431
chr2	99000000	100000000	349	9501
chr2	100000000	101000000	350	12201
chr2	101000000	102000000	351	10674
chr2	102000000	103000000	352	12839
chr2	103000000	104000000	353	24210
chr2	104000000	105000000	354	32189
chr2	105000000	106000000	355	15675
chr2	106000000	107000000	356	12083
chr2	107000000	108000000	357	27456
chr2	108000000	109000000	358	21399
chr2	109000000	110000000	359	9422
chr2	110000000	111000000	360	4960
chr2	111000000	112000000	361	8454
chr2	112000000	113000000	362	7746
chr2	113000000	114000000	363	11205
chr2	114000000	115000000	364	13751
chr2	115000000	116000000	365	33333
chr2	116000000	117000000	366	34148
chr2	117000000	118000000	367	29268
chr2	118000000	119000000	368	16868
chr2	119000000	120000000	369	26229
chr2	120000000	121000000	370	9508
chr2	121000000	122000000	371	12560
chr2	122000000	123000000	372	11563
chr2	123000000	124000000	373	23244
chr2	124000000	125000000	374	29273
chr2	125000000	126000000	375	31718
chr2	126000000	127000000	376	29993
chr2	127000000	128000000	377	19141
chr2	128000000	129000000	378	8068
chr2	129000000	130000000	379	21840
chr2	130000000	131000000	380	22344
chr2	131000000	132000000	381	10199
chr2	132000000	133000000	382	15514
chr2	133000000	134000000	383	16712
chr2	134000000	135000000	384	13084
chr2	135000000	136000000	385	11766
chr2	136000000	137000000	386	10630
chr2	137000000	138000000	387	32560
chr2	138000000	139000000	388	25118
chr2	139000000	140000000	389	22383
chr2	140000000	141000000	390	39629
chr2	141000000	142000000	391	30933
chr2	142000000	143000000	392	24918
chr2	143000000	144000000	393	17345
chr2	144000000	145000000	394	15012
chr2	145000000	146000000	395	15533
chr2	146000000	147000000	396	18282
chr2	147000000	148000000	397	20524
chr2	148000000	149000000	398	15881
chr2	149000000	150000000	399	10104
chr2	150000000	151000000	400	11769
chr2	151000000	152000000	401	13261
chr2	152000000	153000000	402	9735
chr2	153000000	154000000	403	15625
chr2	154000000	155000000	404	34870
chr2	155000000	156000000	405	26065
chr2	156000000	157000000	406	17111
chr2	157000000	158000000	407	13325
chr2	158000000	159000000	408	11829
chr2	159000000	160000000	409	9761
chr2	160000000	161000000	410	8763
chr2	161000000	162000000	411	11256
chr2	162000000	163000000	412	16476
chr2	163000000	164000000	413	21374
chr2	164000000	165000000	414	19160
chr2	165000000	166000000	415	14290
chr2	166000000	167000000	416	12646
chr2	167000000	168000000	417	23094
chr2	168000000	169000000	418	15515
chr2	169000000	170000000	419	10685
chr2	170000000	171000000	420	9176
chr2	171000000	172000000	421	11419
chr2	172000000	173000000	422	9084
chr2	173000000	174000000	423	9948
chr2	174000000	175000000	424	11490
chr2	175000000	176000000	425	9326
chr2	176000000	177000000	426	16247
chr2	177000000	178000000	427	14681
chr2	178000000	179000000	428	9807
chr2	179000000	180000000	429	13779
chr2	180000000	181000000	430	15395
chr2	181000000	182000000	431	18181
chr2	182000000	183000000	432	15693
chr2	183000000	184000000	433	15309
chr2	184000000	185000000	434	22776
chr2	185000000	186000000	435	30034
chr2	186000000	187000000	436	20105
chr2	187000000	188000000	437	15872
chr2	188000000	189000000	438	20602
chr2	189000000	190000000	439	16986
chr2	190000000	191000000	440	11225
chr2	191000000	192000000	441	8046
chr2	192000000	193000000	442	12360
chr2	193000000	194000000	443	27849
chr2	194000000	195000000	444	31612
chr2	195000000	196000000	445	32541
chr2	196000000	197000000	446	20602
chr2	197000000	198000000	447	11248
chr2	198000000	199000000	448	10884
chr2	199000000	200000000	449	27060
chr2	200000000	201000000	450	14081
chr2	201000000	202000000	451	8428
chr2	202000000	203000000	452	8464
chr2	203000000	204000000	453	7558
chr2	204000000	205000000	454	9380
chr2	205000000	206000000	455	11842
chr2	206000000	207000000	456	10871
chr2	207000000	208000000	457	14048
chr2	208000000	209000000	458	9374
chr2	209000000	210000000	459	19147
chr2	210000000	211000000	460	13860
chr2	211000000	212000000	461	19723
chr2	212000000	213000000	462	27580
chr2	213000000	214000000	463	23976
chr2	214000000	215000000	464	23213
chr2	215000000	216000000	465	17234
chr2	216000000	217000000	466	10774
chr2	217000000	218000000	467	12464
chr2	218000000	219000000	468	13962
chr2	219000000	220000000	469	7712
chr2	220000000	221000000	470	15761
chr2	221000000	222000000	471	24983
chr2	222000000	223000000	472	18490
chr2	223000000	224000000	473	9992
chr2	224000000	225000000	474	11267
chr2	225000000	226000000	475	11512
chr2	226000000	227000000	476	18011
chr2	227000000	228000000	477	11033
chr2	228000000	229000000	478	13892
chr2	229000000	230000000	479	31226
chr2	230000000	231000000	480	17610
chr2	231000000	232000000	481	11469
chr2	232000000	233000000	482	8589
chr2	233000000	234000000	483	9126
chr2	234000000	235000000	484	10289
chr2	235000000	236000000	485	10343
chr2	236000000	237000000	486	10440
chr2	237000000	238000000	487	13365
chr2	238000000	239000000	488	8499
chr2	239000000	240000000	489	10842
chr2	240000000	241000000	490	11979
chr2	241000000	242000000	491	11410
chr2	242000000	243000000	492	8517
chr20	0	1000000	2810	10572
chr20	1000000	2000000	2811	12050
chr20	2000000	3000000	2812	11714
chr20	3000000	4000000	2813	7912
chr20	4000000	5000000	2814	14670
chr20	5000000	6000000	2815	12802
chr20	6000000	7000000	2816	24265
chr20	7000000	8000000	2817	26467
chr20	8000000	9000000	2818	19899
chr20	9000000	10000000	2819	23479
chr20	10000000	11000000	2820	13508
chr20	11000000	12000000	2821	16740
chr20	12000000	13000000	2822	22138
chr20	13000000	14000000	2823	11761
chr20	14000000	15000000	2824	14908
chr20	15000000	16000000	2825	15509
chr20	16000000	17000000	2826	14245
chr20	17000000	18000000	2827	11409
chr20	18000000	19000000	2828	13300
chr20	19000000	20000000	2829	16643
chr20	20000000	21000000	2830	12409
chr20	21000000	22000000	2831	19833
chr20	22000000	23000000	2832	23008
chr20	23000000	24000000	2833	15780
chr20	24000000	25000000	2834	23029
chr20	25000000	26000000	2835	9457
chr20	26000000	27000000	2836	6030
chr20	29000000	30000000	2839	14007
chr20	30000000	31000000	2840	9954
chr20	31000000	32000000	2841	11363
chr20	32000000	33000000	2842	8724
chr20	33000000	34000000	2843	8163
chr20	34000000	35000000	2844	8522
chr20	35000000	36000000	2845	8694
chr20	36000000	37000000	2846	10652
chr20	37000000	38000000	2847	14266
chr20	38000000	39000000	2848	25099
chr20	39000000	40000000	2849	14682
chr20	40000000	41000000	2850	26359
chr20	41000000	42000000	2851	35935
chr20	42000000	43000000	2852	15774
chr20	43000000	44000000	2853	10296
chr20	44000000	45000000	2854	11976
chr20	45000000	46000000	2855	13214
chr20	46000000	47000000	2856	14753
chr20	47000000	48000000	2857	11117
chr20	48000000	49000000	2858	9632
chr20	49000000	50000000	2859	11920
chr20	50000000	51000000	2860	11863
chr20	51000000	52000000	2861	26836
chr20	52000000	53000000	2862	13376
chr20	53000000	54000000	2863	30617
chr20	54000000	55000000	2864	28911
chr20	55000000	56000000	2865	14658
chr20	56000000	57000000	2866	14728
chr20	57000000	58000000	2867	14909
chr20	58000000	59000000	2868	19748
chr20	59000000	60000000	2869	31573
chr20	60000000	61000000	2870	17062
chr20	61000000	62000000	2871	11152
chr20	62000000	63000000	2872	10012
chr21	9000000	10000000	3051	13830
chr21	10000000	11000000	3052	34730
chr21	11000000	12000000	3053	8726
chr21	14000000	15000000	3056	14347
chr21	15000000	16000000	3057	17731
chr21	16000000	17000000	3058	13925
chr21	17000000	18000000	3059	17755
chr21	18000000	19000000	3060	20733
chr21	19000000	20000000	3061	18705
chr21	20000000	21000000	3062	24971
chr21	21000000	22000000	3063	33836
chr21	22000000	23000000	3064	27052
chr21	23000000	24000000	3065	32722
chr21	24000000	25000000	3066	36790
chr21	25000000	26000000	3067	35517
chr21	26000000	27000000	3068	29900
chr21	27000000	28000000	3069	16009
chr21	28000000	29000000	3070	20785
chr21	29000000	30000000	3071	16232
chr21	30000000	31000000	3072	9610
chr21	31000000	32000000	3073	17507
chr21	32000000	33000000	3074	15341
chr21	33000000	34000000	3075	10230
chr21	34000000	35000000	3076	9650
chr21	35000000	36000000	3077	9111
chr21	36000000	37000000	3078	11946
chr21	37000000	38000000	3079	9241
chr21	38000000	39000000	3080	8552
chr21	39000000	40000000	3081	18421
chr21	40000000	41000000	3082	11003
chr21	41000000	42000000	3083	23418
chr21	42000000	43000000	3084	14291
chr21	43000000	44000000	3085	9684
chr21	44000000	45000000	3086	8858
chr21	45000000	46000000	3087	8840
chr21	46000000	47000000	3088	10367
chr21	47000000	48000000	3089	11121
chr22	16000000	17000000	3007	13389
chr22	17000000	18000000	3008	14803
chr22	18000000	19000000	3009	7424
chr22	19000000	20000000	3010	8518
chr22	20000000	21000000	3011	5805
chr22	21000000	22000000	3012	6421
chr22	22000000	23000000	3013	11395
chr22	23000000	24000000	3014	20258
chr22	24000000	25000000	3015	7121
chr22	25000000	26000000	3016	9289
chr22	26000000	27000000	3017	16330
chr22	27000000	28000000	3018	16255
chr22	28000000	29000000	3019	9096
chr22	29000000	30000000	3020	7705
chr22	30000000	31000000	3021	8319
chr22	31000000	32000000	3022	7686
chr22	32000000	33000000	3023	9131
chr22	33000000	34000000	3024	12308
chr22	34000000	35000000	3025	20285
chr22	35000000	36000000	3026	17385
chr22	36000000	37000000	3027	8460
chr22	37000000	38000000	3028	11361
chr22	38000000	39000000	3029	6931
chr22	39000000	40000000	3030	8843
chr22	40000000	41000000	3031	8919
chr22	41000000	42000000	3032	7048
chr22	42000000	43000000	3033	7487
chr22	43000000	44000000	3034	9570
chr22	44000000	45000000	3035	11072
chr22	45000000	46000000	3036	10238
chr22	46000000	47000000	3037	8060
chr22	47000000	48000000	3038	12492
chr22	48000000	49000000	3039	22168
chr22	49000000	50000000	3040	18488
chr22	50000000	51000000	3041	8609
chr3	0	1000000	493	24169
chr3	1000000	2000000	494	28344
chr3	2000000	3000000	495	28706
chr3	3000000	4000000	496	21345
chr3	4000000	5000000	497	10367
chr3	5000000	6000000	498	19026
chr3	6000000	7000000	499	24818
chr3	7000000	8000000	500	25139
chr3	8000000	9000000	501	12043
chr3	9000000	10000000	502	8795
chr3	10000000	11000000	503	12083
chr3	11000000	12000000	504	10206
chr3	12000000	13000000	505	10338
chr3	13000000	14000000	506	11652
chr3	14000000	15000000	507	10225
chr3	15000000	16000000	508	7611
chr3	16000000	17000000	509	12598
chr3	17000000	18000000	510	11232
chr3	18000000	19000000	511	20562
chr3	19000000	20000000	512	18947
chr3	20000000	21000000	513	20965
chr3	21000000	22000000	514	32820
chr3	22000000	23000000	515	27992
chr3	23000000	24000000	516	10978
chr3	24000000	25000000	517	13684
chr3	25000000	26000000	518	12738
chr3	26000000	27000000	519	32846
chr3	27000000	28000000	520	13204
chr3	28000000	29000000	521	17009
chr3	29000000	30000000	522	16670
chr3	30000000	31000000	523	12162
chr3	31000000	32000000	524	11069
chr3	32000000	33000000	525	8701
chr3	33000000	34000000	526	8832
chr3	34000000	35000000	527	30039
chr3	35000000	36000000	528	23091
chr3	36000000	37000000	529	25633
chr3	37000000	38000000	530	7718
chr3	38000000	39000000	531	13043
chr3	39000000	40000000	532	13200
chr3	40000000	41000000	533	9936
chr3	41000000	42000000	534	9199
chr3	42000000	43000000	535	8553
chr3	43000000	44000000	536	9205
chr3	44000000	45000000	537	9289
chr3	45000000	46000000	538	8206
chr3	46000000	47000000	539	10387
chr3	47000000	48000000	540	6570
chr3	48000000	49000000	541	6623
chr3	49000000	50000000	542	6140
chr3	50000000	51000000	543	11004
chr3	51000000	52000000	544	13406
chr3	52000000	53000000	545	6644
chr3	53000000	54000000	546	9003
chr3	54000000	55000000	547	25645
chr3	55000000	56000000	548	23825
chr3	56000000	57000000	549	16704
chr3	57000000	58000000	550	7885
chr3	58000000	59000000	551	8822
chr3	59000000	60000000	552	13323
chr3	60000000	61000000	553	17963
chr3	61000000	62000000	554	10843
chr3	62000000	63000000	555	11291
chr3	63000000	64000000	556	12302
chr3	64000000	65000000	557	11517
chr3	65000000	66000000	558	15750
chr3	66000000	67000000	559	13026
chr3	67000000	68000000	560	16004
chr3	68000000	69000000	561	31224
chr3	69000000	70000000	562	9191
chr3	70000000	71000000	563	16280
chr3	71000000	72000000	564	11413
chr3	72000000	73000000	565	10017
chr3	73000000	74000000	566	15120
chr3	74000000	75000000	567	23775
chr3	75000000	76000000	568	20214
chr3	76000000	77000000	569	25282
chr3	77000000	78000000	570	22420
chr3	78000000	79000000	571	24168
chr3	79000000	80000000	572	24340
chr3	80000000	81000000	573	30908
chr3	81000000	82000000	574	20869
chr3	82000000	83000000	575	26059
chr3	83000000	84000000	576	27868
chr3	84000000	85000000	577	30011
chr3	85000000	86000000	578	28643
chr3	86000000	87000000	579	34327
chr3	87000000	88000000	580	22732
chr3	88000000	89000000	581	24173
chr3	89000000	90000000	582	25060
chr3	90000000	91000000	583	12014
chr3	93000000	94000000	586	7551
chr3	94000000	95000000	587	29219
chr3	95000000	96000000	588	32825
chr3	96000000	97000000	589	35630
chr3	97000000	98000000	590	23990
chr3	98000000	99000000	591	18223
chr3	99000000	100000000	592	16130
chr3	100000000	101000000	593	11533
chr3	101000000	102000000	594	9990
chr3	102000000	103000000	595	27160
chr3	103000000	104000000	596	33360
chr3	104000000	105000000	597	20813
chr3	105000000	106000000	598	12725
chr3	106000000	107000000	599	21146
chr3	107000000	108000000	600	10991
chr3	108000000	109000000	601	20208
chr3	109000000	110000000	602	22941
chr3	110000000	111000000	603	17331
chr3	111000000	112000000	604	15138
chr3	112000000	113000000	605	11540
chr3	113000000	114000000	606	9191
chr3	114000000	115000000	607	10191
chr3	115000000	116000000	608	16220
chr3	116000000	117000000	609	23093
chr3	117000000	118000000	610	28363
chr3	118000000	119000000	611	23929
chr3	119000000	120000000	612	8481
chr3	120000000	121000000	613	17568
chr3	121000000	122000000	614	15961
chr3	122000000	123000000	615	8735
chr3	123000000	124000000	616	10511
chr3	124000000	125000000	617	9336
chr3	125000000	126000000	618	9478
chr3	126000000	127000000	619	11544
chr3	127000000	128000000	620	10772
chr3	128000000	129000000	621	8556
chr3	129000000	130000000	622	8573
chr3	130000000	131000000	623	12571
chr3	131000000	132000000	624	18514
chr3	132000000	133000000	625	12660
chr3	133000000	134000000	626	11065
chr3	134000000	135000000	627	13094
chr3	135000000	136000000	628	16584
chr3	136000000	137000000	629	11047
chr3	137000000	138000000	630	18790
chr3	138000000	139000000	631	11411
chr3	139000000	140000000	632	18884
chr3	140000000	141000000	633	16722
chr3	141000000	142000000	634	8553
chr3	142000000	143000000	635	9965
chr3	143000000	144000000	636	15955
chr3	144000000	145000000	637	29536
chr3	145000000	146000000	638	23853
chr3	146000000	147000000	639	22514
chr3	147000000	148000000	640	26463
chr3	148000000	149000000	641	16044
chr3	149000000	150000000	642	9048
chr3	150000000	151000000	643	11026
chr3	151000000	152000000	644	12625
chr3	152000000	153000000	645	12537
chr3	153000000	154000000	646	14477
chr3	154000000	155000000	647	20587
chr3	155000000	156000000	648	13376
chr3	156000000	157000000	649	11068
chr3	157000000	158000000	650	16274
chr3	158000000	159000000	651	16957
chr3	159000000	160000000	652	18719
chr3	160000000	161000000	653	10614
chr3	161000000	162000000	654	30213
chr3	162000000	163000000	655	34330
chr3	163000000	164000000	656	35569
chr3	164000000	165000000	657	27118
chr3	165000000	166000000	658	27990
chr3	166000000	167000000	659	34436
chr3	167000000	168000000	660	17198
chr3	168000000	169000000	661	23584
chr3	169000000	170000000	662	16474
chr3	170000000	171000000	663	10842
chr3	171000000	172000000	664	10079
chr3	172000000	173000000	665	15927
chr3	173000000	174000000	666	16777
chr3	174000000	175000000	667	14815
chr3	175000000	176000000	668	19635
chr3	176000000	177000000	669	17039
chr3	177000000	178000000	670	10963
chr3	178000000	179000000	671	16786
chr3	179000000	180000000	672	16912
chr3	180000000	181000000	673	22986
chr3	181000000	182000000	674	15914
chr3	182000000	183000000	675	10139
chr3	183000000	184000000	676	8881
chr3	184000000	185000000	677	9545
chr3	185000000	186000000	678	9188
chr3	186000000	187000000	679	10915
chr3	187000000	188000000	680	14385
chr3	188000000	189000000	681	10627
chr3	189000000	190000000	682	19910
chr3	190000000	191000000	683	17055
chr3	191000000	192000000	684	27537
chr3	192000000	193000000	685	21065
chr3	193000000	194000000	686	12322
chr3	194000000	195000000	687	9507
chr3	195000000	196000000	688	11207
chr3	196000000	197000000	689	8081
chr3	197000000	198000000	690	8849
chr4	0	1000000	691	10464
chr4	1000000	2000000	692	8465
chr4	2000000	3000000	693	7191
chr4	3000000	4000000	694	10294
chr4	4000000	5000000	695	10874
chr4	5000000	6000000	696	14741
chr4	6000000	7000000	697	11654
chr4	7000000	8000000	698	11440
chr4	8000000	9000000	699	14163
chr4	9000000	10000000	700	14092
chr4	10000000	11000000	701	13479
chr4	11000000	12000000	702	19563
chr4	12000000	13000000	703	24627
chr4	13000000	14000000	704	11998
chr4	14000000	15000000	705	13076
chr4	15000000	16000000	706	9942
chr4	16000000	17000000	707	16902
chr4	17000000	18000000	708	16504
chr4	18000000	19000000	709	23498
chr4	19000000	20000000	710	30039
chr4	20000000	21000000	711	23653
chr4	21000000	22000000	712	29871
chr4	22000000	23000000	713	18492
chr4	23000000	24000000	714	15852
chr4	24000000	25000000	715	11972
chr4	25000000	26000000	716	9679
chr4	26000000	27000000	717	10010
chr4	27000000	28000000	718	23575
chr4	28000000	29000000	719	29896
chr4	29000000	30000000	720	29775
chr4	30000000	31000000	721	21911
chr4	31000000	32000000	722	20221
chr4	32000000	33000000	723	26898
chr4	33000000	34000000	724	31762
chr4	34000000	35000000	725	29952
chr4	35000000	36000000	726	29096
chr4	36000000	37000000	727	19319
chr4	37000000	38000000	728	13803
chr4	38000000	39000000	729	9268
chr4	39000000	40000000	730	7328
chr4	40000000	41000000	731	11498
chr4	41000000	42000000	732	12900
chr4	42000000	43000000	733	19327
chr4	43000000	44000000	734	33641
chr4	44000000	45000000	735	31362
chr4	45000000	46000000	736	35627
chr4	46000000	47000000	737	31026
chr4	47000000	48000000	738	15899
chr4	48000000	49000000	739	9105
chr4	49000000	50000000	740	18598
chr4	52000000	53000000	743	4057
chr4	53000000	54000000	744	13139
chr4	54000000	55000000	745	10073
chr4	55000000	56000000	746	13029
chr4	56000000	57000000	747	10587
chr4	57000000	58000000	748	9548
chr4	58000000	59000000	749	29063
chr4	59000000	60000000	750	29619
chr4	60000000	61000000	751	26769
chr4	61000000	62000000	752	30506
chr4	62000000	63000000	753	20990
chr4	63000000	64000000	754	26616
chr4	64000000	65000000	755	29668
chr4	65000000	66000000	756	29626
chr4	66000000	67000000	757	24492
chr4	67000000	68000000	758	30000
chr4	68000000	69000000	759	15643
chr4	69000000	70000000	760	16055
chr4	70000000	71000000	761	18144
chr4	71000000	72000000	762	11808
chr4	72000000	73000000	763	13465
chr4	73000000	74000000	764	16660
chr4	74000000	75000000	765	12349
chr4	75000000	76000000	766	15664
chr4	76000000	77000000	767	13069
chr4	77000000	78000000	768	8605
chr4	78000000	79000000	769	11530
chr4	79000000	80000000	770	10372
chr4	80000000	81000000	771	17998
chr4	81000000	82000000	772	22824
chr4	82000000	83000000	773	12737
chr4	83000000	84000000	774	9708
chr4	84000000	85000000	775	12697
chr4	85000000	86000000	776	14425
chr4	86000000	87000000	777	11378
chr4	87000000	88000000	778	11037
chr4	88000000	89000000	779	9344
chr4	89000000	90000000	780	8062
chr4	90000000	91000000	781	11444
chr4	91000000	92000000	782	19252
chr4	92000000	93000000	783	27520
chr4	93000000	94000000	784	27793
chr4	94000000	95000000	785	24072
chr4	95000000	96000000	786	10936
chr4	96000000	97000000	787	18171
chr4	97000000	98000000	788	24246
chr4	98000000	99000000	789	24664
chr4	99000000	100000000	790	9781
chr4	100000000	101000000	791	13237
chr4	101000000	102000000	792	18349
chr4	102000000	103000000	793	12653
chr4	103000000	104000000	794	9015
chr4	104000000	105000000	795	20141
chr4	105000000	106000000	796	22802
chr4	106000000	107000000	797	9441
chr4	107000000	108000000	798	20960
chr4	108000000	109000000	799	14878
chr4	109000000	110000000	800	10845
chr4	110000000	111000000	801	10239
chr4	111000000	112000000	802	19902
chr4	112000000	113000000	803	22096
chr4	113000000	114000000	804	9820
chr4	114000000	115000000	805	9996
chr4	115000000	116000000	806	17002
chr4	116000000	117000000	807	27497
chr4	117000000	118000000	808	32436
chr4	118000000	119000000	809	26523
chr4	119000000	120000000	810	10479
chr4	120000000	121000000	811	12554
chr4	121000000	122000000	812	17962
chr4	122000000	123000000	813	16608
chr4	123000000	124000000	814	12382
chr4	124000000	125000000	815	9615
chr4	125000000	126000000	816	12893
chr4	126000000	127000000	817	24612
chr4	127000000	128000000	818	28184
chr4	128000000	129000000	819	15843
chr4	129000000	130000000	820	8031
chr4	130000000	131000000	821	21942
chr4	131000000	132000000	822	33814
chr4	132000000	133000000	823	25663
chr4	133000000	134000000	824	30988
chr4	134000000	135000000	825	31449
chr4	135000000	136000000	826	34124
chr4	136000000	137000000	827	38579
chr4	137000000	138000000	828	35875
chr4	138000000	139000000	829	28336
chr4	139000000	140000000	830	14685
chr4	140000000	141000000	831	7442
chr4	141000000	142000000	832	10298
chr4	142000000	143000000	833	13393
chr4	143000000	144000000	834	12446
chr4	144000000	145000000	835	15714
chr4	145000000	146000000	836	19996
chr4	146000000	147000000	837	12692
chr4	147000000	148000000	838	16080
chr4	148000000	149000000	839	14273
chr4	149000000	150000000	840	14296
chr4	150000000	151000000	841	15488
chr4	151000000	152000000	842	9011
chr4	152000000	153000000	843	10432
chr4	153000000	154000000	844	8690
chr4	154000000	155000000	845	11280
chr4	155000000	156000000	846	17540
chr4	156000000	157000000	847	19297
chr4	157000000	158000000	848	21334
chr4	158000000	159000000	849	19352
chr4	159000000	160000000	850	13519
chr4	160000000	161000000	851	20182
chr4	161000000	162000000	852	28520
chr4	162000000	163000000	853	28915
chr4	163000000	164000000	854	28219
chr4	164000000	165000000	855	26513
chr4	165000000	166000000	856	26985
chr4	166000000	167000000	857	21880
chr4	167000000	168000000	858	29605
chr4	168000000	169000000	859	28766
chr4	169000000	170000000	860	11102
chr4	170000000	171000000	861	8216
chr4	171000000	172000000	862	24436
chr4	172000000	173000000	863	23222
chr4	173000000	174000000	864	18844
chr4	174000000	175000000	865	18697
chr4	175000000	176000000	866	17848
chr4	176000000	177000000	867	24847
chr4	177000000	178000000	868	24027
chr4	178000000	179000000	869	20975
chr4	179000000	180000000	870	27953
chr4	180000000	181000000	871	29379
chr4	181000000	182000000	872	26078
chr4	182000000	183000000	873	26569
chr4	183000000	184000000	874	18805
chr4	184000000	185000000	875	9127
chr4	185000000	186000000	876	9593
chr4	186000000	187000000	877	8553
chr4	187000000	188000000	878	14204
chr4	188000000	189000000	879	25527
chr4	189000000	190000000	880	26661
chr4	190000000	191000000	881	24539
chr5	0	1000000	882	11499
chr5	1000000	2000000	883	15348
chr5	2000000	3000000	884	34082
chr5	3000000	4000000	885	32919
chr5	4000000	5000000	886	34054
chr5	5000000	6000000	887	27050
chr5	6000000	7000000	888	22223
chr5	7000000	8000000	889	19010
chr5	8000000	9000000	890	25381
chr5	9000000	10000000	891	22238
chr5	10000000	11000000	892	15820
chr5	11000000	12000000	893	31238
chr5	12000000	13000000	894	40688
chr5	13000000	14000000	895	32634
chr5	14000000	15000000	896	11248
chr5	15000000	16000000	897	21464
chr5	16000000	17000000	898	19230
chr5	17000000	18000000	899	17826
chr5	18000000	19000000	900	29013
chr5	19000000	20000000	901	35927
chr5	20000000	21000000	902	33737
chr5	21000000	22000000	903	24336
chr5	22000000	23000000	904	32523
chr5	23000000	24000000	905	39928
chr5	24000000	25000000	906	40622
chr5	25000000	26000000	907	40946
chr5	26000000	27000000	908	43222
chr5	27000000	28000000	909	41594
chr5	28000000	29000000	910	41232
chr5	29000000	30000000	911	38111
chr5	30000000	31000000	912	38279
chr5	31000000	32000000	913	15746
chr5	32000000	33000000	914	14009
chr5	33000000	34000000	915	20634
chr5	34000000	35000000	916	10222
chr5	35000000	36000000	917	20592
chr5	36000000	37000000	918	13654
chr5	37000000	38000000	919	10816
chr5	38000000	39000000	920	21128
chr5	39000000	40000000	921	16208
chr5	40000000	41000000	922	18867
chr5	41000000	42000000	923	23146
chr5	42000000	43000000	924	24184
chr5	43000000	44000000	925	11636
chr5	44000000	45000000	926	24284
chr5	45000000	46000000	927	33653
chr5	46000000	47000000	928	17398
chr5	49000000	50000000	931	15457
chr5	50000000	51000000	932	22591
chr5	51000000	52000000	933	24304
chr5	52000000	53000000	934	11173
chr5	53000000	54000000	935	10323
chr5	54000000	55000000	936	9960
chr5	55000000	56000000	937	9542
chr5	56000000	57000000	938	9002
chr5	57000000	58000000	939	12676
chr5	58000000	59000000	940	9406
chr5	59000000	60000000	941	10126
chr5	60000000	61000000	942	9285
chr5	61000000	62000000	943	12794
chr5	62000000	63000000	944	28095
chr5	63000000	64000000	945	23767
chr5	64000000	65000000	946	11906
chr5	65000000	66000000	947	10633
chr5	66000000	67000000	948	10144
chr5	67000000	68000000	949	10114
chr5	68000000	69000000	950	8086
chr5	69000000	70000000	951	730
chr5	70000000	71000000	952	3719
chr5	71000000	72000000	953	10210
chr5	72000000	73000000	954	9251
chr5	73000000	74000000	955	9952
chr5	74000000	75000000	956	8933
chr5	75000000	76000000	957	12091
chr5	76000000	77000000	958	10734
chr5	77000000	78000000	959	8211
chr5	78000000	79000000	960	8693
chr5	79000000	80000000	961	9158
chr5	80000000	81000000	962	8734
chr5	81000000	82000000	963	10736
chr5	82000000	83000000	964	11520
chr5	83000000	84000000	965	21935
chr5	84000000	85000000	966	29000
chr5	85000000	86000000	967	26206
chr5	86000000	87000000	968	19102
chr5	87000000	88000000	969	19599
chr5	88000000	89000000	970	16932
chr5	89000000	90000000	971	14784
chr5	90000000	91000000	972	11822
chr5	91000000	92000000	973	21481
chr5	92000000	93000000	974	14688
chr5	93000000	94000000	975	10438
chr5	94000000	95000000	976	17021
chr5	95000000	96000000	977	9990
chr5	96000000	97000000	978	12577
chr5	97000000	98000000	979	18169
chr5	98000000	99000000	980	14925
chr5	99000000	100000000	981	21465
chr5	100000000	101000000	982	26659
chr5	101000000	102000000	983	22637
chr5	102000000	103000000	984	11517
chr5	103000000	104000000	985	23526
chr5	104000000	105000000	986	28389
chr5	105000000	106000000	987	26425
chr5	106000000	107000000	988	15929
chr5	107000000	108000000	989	11904
chr5	108000000	109000000	990	10806
chr5	109000000	110000000	991	17329
chr5	110000000	111000000	992	19789
chr5	111000000	112000000	993	17183
chr5	112000000	113000000	994	9209
chr5	113000000	114000000	995	24414
chr5	114000000	115000000	996	17225
chr5	115000000	116000000	997	10482
chr5	116000000	117000000	998	17156
chr5	117000000	118000000	999	20519
chr5	118000000	119000000	1000	9967
chr5	119000000	120000000	1001	26272
chr5	120000000	121000000	1002	20932
chr5	121000000	122000000	1003	18499
chr5	122000000	123000000	1004	12457
chr5	123000000	124000000	1005	11369
chr5	124000000	125000000	1006	10029
chr5	125000000	126000000	1007	10236
chr5	126000000	127000000	1008	9983
chr5	127000000	128000000	1009	12391
chr5	128000000	129000000	1010	22091
chr5	129000000	130000000	1011	17827
chr5	130000000	131000000	1012	13346
chr5	131000000	132000000	1013	8815
chr5	132000000	133000000	1014	8921
chr5	133000000	134000000	1015	8403
chr5	134000000	135000000	1016	10084
chr5	135000000	136000000	1017	16120
chr5	136000000	137000000	1018	17745
chr5	137000000	138000000	1019	7641
chr5	138000000	139000000	1020	6893
chr5	139000000	140000000	1021	7682
chr5	140000000	141000000	1022	12840
chr5	141000000	142000000	1023	8942
chr5	142000000	143000000	1024	8608
chr5	143000000	144000000	1025	18926
chr5	144000000	145000000	1026	22503
chr5	145000000	146000000	1027	10794
chr5	146000000	147000000	1028	12423
chr5	147000000	148000000	1029	14439
chr5	148000000	149000000	1030	9635
chr5	149000000	150000000	1031	7979
chr5	150000000	151000000	1032	9771
chr5	151000000	152000000	1033	18350
chr5	152000000	153000000	1034	29030
chr5	153000000	154000000	1035	15239
chr5	154000000	155000000	1036	17713
chr5	155000000	156000000	1037	17886
chr5	156000000	157000000	1038	13960
chr5	157000000	158000000	1039	12972
chr5	158000000	159000000	1040	14287
chr5	159000000	160000000	1041	12568
chr5	160000000	161000000	1042	20306
chr5	161000000	162000000	1043	27608
chr5	162000000	163000000	1044	21498
chr5	163000000	164000000	1045	22092
chr5	164000000	165000000	1046	27528
chr5	165000000	166000000	1047	27494
chr5	166000000	167000000	1048	28742
chr5	167000000	168000000	1049	17489
chr5	168000000	169000000	1050	20482
chr5	169000000	170000000	1051	16125
chr5	170000000	171000000	1052	13268
chr5	171000000	172000000	1053	9985
chr5	172000000	173000000	1054	10747
chr5	173000000	174000000	1055	11757
chr5	174000000	175000000	1056	15446
chr5	175000000	176000000	1057	10171
chr5	176000000	177000000	1058	8702
chr5	177000000	178000000	1059	9847
chr5	178000000	179000000	1060	15421
chr5	179000000	180000000	1061	8855
chr6	0	1000000	1062	11476
chr6	1000000	2000000	1063	10896
chr6	2000000	3000000	1064	10049
chr6	3000000	4000000	1065	9300
chr6	4000000	5000000	1066	10715
chr6	5000000	6000000	1067	10338
chr6	6000000	7000000	1068	15602
chr6	7000000	8000000	1069	10935
chr6	8000000	9000000	1070	13585
chr6	9000000	10000000	1071	16424
chr6	10000000	11000000	1072	11263
chr6	11000000	12000000	1073	10580
chr6	12000000	13000000	1074	15774
chr6	13000000	14000000	1075	9735
chr6	14000000	15000000	1076	12270
chr6	15000000	16000000	1077	10454
chr6	16000000	17000000	1078	10201
chr6	17000000	18000000	1079	11270
chr6	18000000	19000000	1080	13036
chr6	19000000	20000000	1081	16972
chr6	20000000	21000000	1082	9974
chr6	21000000	22000000	1083	11948
chr6	22000000	23000000	1084	18212
chr6	23000000	24000000	1085	20585
chr6	24000000	25000000	1086	12250
chr6	25000000	26000000	1087	11333
chr6	26000000	27000000	1088	9926
chr6	27000000	28000000	1089	15593
chr6	28000000	29000000	1090	14925
chr6	29000000	30000000	1091	15510
chr6	30000000	31000000	1092	8198
chr6	31000000	32000000	1093	8727
chr6	32000000	33000000	1094	14453
chr6	33000000	34000000	1095	9968
chr6	34000000	35000000	1096	8496
chr6	35000000	36000000	1097	8929
chr6	36000000	37000000	1098	9004
chr6	37000000	38000000	1099	10031
chr6	38000000	39000000	1100	10602
chr6	39000000	40000000	1101	14053
chr6	40000000	41000000	1102	18069
chr6	41000000	42000000	1103	10328
chr6	42000000	43000000	1104	9483
chr6	43000000	44000000	1105	8614
chr6	44000000	45000000	1106	10656
chr6	45000000	46000000	1107	11704
chr6	46000000	47000000	1108	12760
chr6	47000000	48000000	1109	12308
chr6	48000000	49000000	1110	23402
chr6	49000000	50000000	1111	26200
chr6	50000000	51000000	1112	23810
chr6	51000000	52000000	1113	13836
chr6	52000000	53000000	1114	9517
chr6	53000000	54000000	1115	11044
chr6	54000000	55000000	1116	24688
chr6	55000000	56000000	1117	27648
chr6	56000000	57000000	1118	11732
chr6	57000000	58000000	1119	32700
chr6	58000000	59000000	1120	18434
chr6	61000000	62000000	1123	5461
chr6	62000000	63000000	1124	36789
chr6	63000000	64000000	1125	32118
chr6	64000000	65000000	1126	15682
chr6	65000000	66000000	1127	27226
chr6	66000000	67000000	1128	28922
chr6	67000000	68000000	1129	28385
chr6	68000000	69000000	1130	27506
chr6	69000000	70000000	1131	26623
chr6	70000000	71000000	1132	20133
chr6	71000000	72000000	1133	13933
chr6	72000000	73000000	1134	25829
chr6	73000000	74000000	1135	18656
chr6	74000000	75000000	1136	14276
chr6	75000000	76000000	1137	19351
chr6	76000000	77000000	1138	13925
chr6	77000000	78000000	1139	24313
chr6	78000000	79000000	1140	27516
chr6	79000000	80000000	1141	19410
chr6	80000000	81000000	1142	10839
chr6	81000000	82000000	1143	17368
chr6	82000000	83000000	1144	12020
chr6	83000000	84000000	1145	15992
chr6	84000000	85000000	1146	18207
chr6	85000000	86000000	1147	27687
chr6	86000000	87000000	1148	17748
chr6	87000000	88000000	1149	22348
chr6	88000000	89000000	1150	13783
chr6	89000000	90000000	1151	11571
chr6	90000000	91000000	1152	8803
chr6	91000000	92000000	1153	19332
chr6	92000000	93000000	1154	28235
chr6	93000000	94000000	1155	31822
chr6	94000000	95000000	1156	30813
chr6	95000000	96000000	1157	26442
chr6	96000000	97000000	1158	24447
chr6	97000000	98000000	1159	15894
chr6	98000000	99000000	1160	27971
chr6	99000000	100000000	1161	15115
chr6	100000000	101000000	1162	19074
chr6	101000000	102000000	1163	15982
chr6	102000000	103000000	1164	28893
chr6	103000000	104000000	1165	33934
chr6	104000000	105000000	1166	33180
chr6	105000000	106000000	1167	12781
chr6	106000000	107000000	1168	12171
chr6	107000000	108000000	1169	8850
chr6	108000000	109000000	1170	7416
chr6	109000000	110000000	1171	7678
chr6	110000000	111000000	1172	9628
chr6	111000000	112000000	1173	6768
chr6	112000000	113000000	1174	12916
chr6	113000000	114000000	1175	13944
chr6	114000000	115000000	1176	14961
chr6	115000000	116000000	1177	27644
chr6	116000000	117000000	1178	11919
chr6	117000000	118000000	1179	18298
chr6	118000000	119000000	1180	14227
chr6	119000000	120000000	1181	14805
chr6	120000000	121000000	1182	28635
chr6	121000000	122000000	1183	18767
chr6	122000000	123000000	1184	18375
chr6	123000000	124000000	1185	19602
chr6	124000000	125000000	1186	29330
chr6	125000000	126000000	1187	15561
chr6	126000000	127000000	1188	11881
chr6	127000000	128000000	1189	15236
chr6	128000000	129000000	1190	16611
chr6	129000000	130000000	1191	15927
chr6	130000000	131000000	1192	19114
chr6	131000000	132000000	1193	13369
chr6	132000000	133000000	1194	10354
chr6	133000000	134000000	1195	16825
chr6	134000000	135000000	1196	10986
chr6	135000000	136000000	1197	8809
chr6	136000000	137000000	1198	12722
chr6	137000000	138000000	1199	10124
chr6	138000000	139000000	1200	8274
chr6	139000000	140000000	1201	9430
chr6	140000000	141000000	1202	13213
chr6	141000000	142000000	1203	15168
chr6	142000000	143000000	1204	13572
chr6	143000000	144000000	1205	8710
chr6	144000000	145000000	1206	9111
chr6	145000000	146000000	1207	12783
chr6	146000000	147000000	1208	13498
chr6	147000000	148000000	1209	10963
chr6	148000000	149000000	1210	11119
chr6	149000000	150000000	1211	8606
chr6	150000000	151000000	1212	9327
chr6	151000000	152000000	1213	8928
chr6	152000000	153000000	1214	13711
chr6	153000000	154000000	1215	19439
chr6	154000000	155000000	1216	13478
chr6	155000000	156000000	1217	10191
chr6	156000000	157000000	1218	17561
chr6	157000000	158000000	1219	6639
chr6	158000000	159000000	1220	7252
chr6	159000000	160000000	1221	12501
chr6	160000000	161000000	1222	10673
chr6	161000000	162000000	1223	15034
chr6	162000000	163000000	1224	17674
chr6	163000000	164000000	1225	15509
chr6	164000000	165000000	1226	19691
chr6	165000000	166000000	1227	20453
chr6	166000000	167000000	1228	12895
chr6	167000000	168000000	1229	10310
chr6	168000000	169000000	1230	11152
chr6	169000000	170000000	1231	14480
chr6	170000000	171000000	1232	10057
chr7	0	1000000	1233	12140
chr7	1000000	2000000	1234	11789
chr7	2000000	3000000	1235	9670
chr7	3000000	4000000	1236	17846
chr7	4000000	5000000	1237	16852
chr7	5000000	6000000	1238	9094
chr7	6000000	7000000	1239	9132
chr7	7000000	8000000	1240	10268
chr7	8000000	9000000	1241	20285
chr7	9000000	10000000	1242	29566
chr7	10000000	11000000	1243	25590
chr7	11000000	12000000	1244	16156
chr7	12000000	13000000	1245	15962
chr7	13000000	14000000	1246	21506
chr7	14000000	15000000	1247	21196
chr7	15000000	16000000	1248	20037
chr7	16000000	17000000	1249	12057
chr7	17000000	18000000	1250	10026
chr7	18000000	19000000	1251	22613
chr7	19000000	20000000	1252	23888
chr7	20000000	21000000	1253	17837
chr7	21000000	22000000	1254	18716
chr7	22000000	23000000	1255	14674
chr7	23000000	24000000	1256	13522
chr7	24000000	25000000	1257	18701
chr7	25000000	26000000	1258	14239
chr7	26000000	27000000	1259	12864
chr7	27000000	28000000	1260	10138
chr7	28000000	29000000	1261	12541
chr7	29000000	30000000	1262	9848
chr7	30000000	31000000	1263	8562
chr7	31000000	32000000	1264	20942
chr7	32000000	33000000	1265	18577
chr7	33000000	34000000	1266	12281
chr7	34000000	35000000	1267	29120
chr7	35000000	36000000	1268	16391
chr7	36000000	37000000	1269	12373
chr7	37000000	38000000	1270	22051
chr7	38000000	39000000	1271	16169
chr7	39000000	40000000	1272	17158
chr7	40000000	41000000	1273	16827
chr7	41000000	42000000	1274	29664
chr7	42000000	43000000	1275	21902
chr7	43000000	44000000	1276	14961
chr7	44000000	45000000	1277	9073
chr7	45000000	46000000	1278	14242
chr7	46000000	47000000	1279	14763
chr7	47000000	48000000	1280	11529
chr7	48000000	49000000	1281	19434
chr7	49000000	50000000	1282	34319
chr7	50000000	51000000	1283	16331
chr7	51000000	52000000	1284	21954
chr7	52000000	53000000	1285	38115
chr7	53000000	54000000	1286	44725
chr7	54000000	55000000	1287	33171
chr7	55000000	56000000	1288	13448
chr7	56000000	57000000	1289	27532
chr7	57000000	58000000	1290	37233
chr7	58000000	59000000	1291	2748
chr7	61000000	62000000	1294	23866
chr7	62000000	63000000	1295	38343
chr7	63000000	64000000	1296	28126
chr7	64000000	65000000	1297	13802
chr7	65000000	66000000	1298	9194
chr7	66000000	67000000	1299	10508
chr7	67000000	68000000	1300	26492
chr7	68000000	69000000	1301	30747
chr7	69000000	70000000	1302	16904
chr7	70000000	71000000	1303	26447
chr7	71000000	72000000	1304	25095
chr7	72000000	73000000	1305	7112
chr7	73000000	74000000	1306	9843
chr7	74000000	75000000	1307	2749
chr7	75000000	76000000	1308	8792
chr7	76000000	77000000	1309	8208
chr7	77000000	78000000	1310	11177
chr7	78000000	79000000	1311	19312
chr7	79000000	80000000	1312	19688
chr7	80000000	81000000	1313	14399
chr7	81000000	82000000	1314	21232
chr7	82000000	83000000	1315	26528
chr7	83000000	84000000	1316	20870
chr7	84000000	85000000	1317	22342
chr7	85000000	86000000	1318	31628
chr7	86000000	87000000	1319	25377
chr7	87000000	88000000	1320	15260
chr7	88000000	89000000	1321	23152
chr7	89000000	90000000	1322	19530
chr7	90000000	91000000	1323	15103
chr7	91000000	92000000	1324	13843
chr7	92000000	93000000	1325	10462
chr7	93000000	94000000	1326	22151
chr7	94000000	95000000	1327	14118
chr7	95000000	96000000	1328	11046
chr7	96000000	97000000	1329	16026
chr7	97000000	98000000	1330	18173
chr7	98000000	99000000	1331	12855
chr7	99000000	100000000	1332	8216
chr7	100000000	101000000	1333	9334
chr7	101000000	102000000	1334	10474
chr7	102000000	103000000	1335	7180
chr7	103000000	104000000	1336	16296
chr7	104000000	105000000	1337	11333
chr7	105000000	106000000	1338	8805
chr7	106000000	107000000	1339	11476
chr7	107000000	108000000	1340	9367
chr7	108000000	109000000	1341	21376
chr7	109000000	110000000	1342	25168
chr7	110000000	111000000	1343	19020
chr7	111000000	112000000	1344	11794
chr7	112000000	113000000	1345	16137
chr7	113000000	114000000	1346	26928
chr7	114000000	115000000	1347	18190
chr7	115000000	116000000	1348	21859
chr7	116000000	117000000	1349	9991
chr7	117000000	118000000	1350	15837
chr7	118000000	119000000	1351	31489
chr7	119000000	120000000	1352	37374
chr7	120000000	121000000	1353	21664
chr7	121000000	122000000	1354	13429
chr7	122000000	123000000	1355	16934
chr7	123000000	124000000	1356	17251
chr7	124000000	125000000	1357	20348
chr7	125000000	126000000	1358	32219
chr7	126000000	127000000	1359	29486
chr7	127000000	128000000	1360	9854
chr7	128000000	129000000	1361	8455
chr7	129000000	130000000	1362	8909
chr7	130000000	131000000	1363	8756
chr7	131000000	132000000	1364	17771
chr7	132000000	133000000	1365	13890
chr7	133000000	134000000	1366	10139
chr7	134000000	135000000	1367	10750
chr7	135000000	136000000	1368	15311
chr7	136000000	137000000	1369	30078
chr7	137000000	138000000	1370	19398
chr7	138000000	139000000	1371	12287
chr7	139000000	140000000	1372	9474
chr7	140000000	141000000	1373	10282
chr7	141000000	142000000	1374	19845
chr7	142000000	143000000	1375	20065
chr7	143000000	144000000	1376	11559
chr7	144000000	145000000	1377	20958
chr7	145000000	146000000	1378	42227
chr7	146000000	147000000	1379	38851
chr7	147000000	148000000	1380	33450
chr7	148000000	149000000	1381	11489
chr7	149000000	150000000	1382	11125
chr7	150000000	151000000	1383	14764
chr7	151000000	152000000	1384	10061
chr7	152000000	153000000	1385	18189
chr7	153000000	154000000	1386	29048
chr7	154000000	155000000	1387	19250
chr7	155000000	156000000	1388	15240
chr7	156000000	157000000	1389	12501
chr7	157000000	158000000	1390	19881
chr7	158000000	159000000	1391	16375
chr8	0	1000000	1547	11658
chr8	1000000	2000000	1548	17308
chr8	2000000	3000000	1549	28937
chr8	3000000	4000000	1550	30300
chr8	4000000	5000000	1551	30017
chr8	5000000	6000000	1552	35239
chr8	6000000	7000000	1553	14856
chr8	7000000	8000000	1554	5575
chr8	8000000	9000000	1555	8029
chr8	9000000	10000000	1556	10483
chr8	10000000	11000000	1557	11027
chr8	11000000	12000000	1558	9662
chr8	12000000	13000000	1559	9709
chr8	13000000	14000000	1560	23157
chr8	14000000	15000000	1561	36438
chr8	15000000	16000000	1562	28770
chr8	16000000	17000000	1563	20213
chr8	17000000	18000000	1564	8826
chr8	18000000	19000000	1565	10685
chr8	19000000	20000000	1566	9571
chr8	20000000	21000000	1567	19767
chr8	21000000	22000000	1568	14804
chr8	22000000	23000000	1569	7169
chr8	23000000	24000000	1570	13205
chr8	24000000	25000000	1571	20232
chr8	25000000	26000000	1572	15292
chr8	26000000	27000000	1573	12153
chr8	27000000	28000000	1574	8869
chr8	28000000	29000000	1575	6751
chr8	29000000	30000000	1576	8487
chr8	30000000	31000000	1577	8147
chr8	31000000	32000000	1578	23242
chr8	32000000	33000000	1579	22775
chr8	33000000	34000000	1580	20831
chr8	34000000	35000000	1581	30994
chr8	35000000	36000000	1582	29083
chr8	36000000	37000000	1583	21061
chr8	37000000	38000000	1584	9781
chr8	38000000	39000000	1585	8341
chr8	39000000	40000000	1586	21210
chr8	40000000	41000000	1587	25470
chr8	41000000	42000000	1588	12633
chr8	42000000	43000000	1589	8275
chr8	43000000	44000000	1590	21650
chr8	46000000	47000000	1593	5034
chr8	47000000	48000000	1594	32033
chr8	48000000	49000000	1595	9545
chr8	49000000	50000000	1596	16252
chr8	50000000	51000000	1597	34096
chr8	51000000	52000000	1598	32079
chr8	52000000	53000000	1599	23643
chr8	53000000	54000000	1600	20998
chr8	54000000	55000000	1601	19995
chr8	55000000	56000000	1602	30970
chr8	56000000	57000000	1603	21778
chr8	57000000	58000000	1604	23997
chr8	58000000	59000000	1605	22136
chr8	59000000	60000000	1606	14652
chr8	60000000	61000000	1607	23386
chr8	61000000	62000000	1608	11906
chr8	62000000	63000000	1609	16376
chr8	63000000	64000000	1610	18264
chr8	64000000	65000000	1611	31083
chr8	65000000	66000000	1612	30964
chr8	66000000	67000000	1613	20446
chr8	67000000	68000000	1614	11978
chr8	68000000	69000000	1615	21342
chr8	69000000	70000000	1616	34389
chr8	70000000	71000000	1617	20054
chr8	71000000	72000000	1618	14386
chr8	72000000	73000000	1619	21586
chr8	73000000	74000000	1620	28039
chr8	74000000	75000000	1621	12170
chr8	75000000	76000000	1622	16878
chr8	76000000	77000000	1623	26555
chr8	77000000	78000000	1624	27483
chr8	78000000	79000000	1625	35686
chr8	79000000	80000000	1626	26217
chr8	80000000	81000000	1627	18495
chr8	81000000	82000000	1628	9525
chr8	82000000	83000000	1629	15007
chr8	83000000	84000000	1630	35672
chr8	84000000	85000000	1631	37577
chr8	85000000	86000000	1632	26048
chr8	86000000	87000000	1633	11549
chr8	87000000	88000000	1634	20568
chr8	88000000	89000000	1635	35326
chr8	89000000	90000000	1636	34694
chr8	90000000	91000000	1637	20381
chr8	91000000	92000000	1638	19482
chr8	92000000	93000000	1639	24820
chr8	93000000	94000000	1640	29051
chr8	94000000	95000000	1641	20325
chr8	95000000	96000000	1642	10133
chr8	96000000	97000000	1643	22097
chr8	97000000	98000000	1644	15737
chr8	98000000	99000000	1645	11779
chr8	99000000	100000000	1646	9473
chr8	100000000	101000000	1647	10548
chr8	101000000	102000000	1648	10696
chr8	102000000	103000000	1649	12269
chr8	103000000	104000000	1650	10960
chr8	104000000	105000000	1651	17770
chr8	105000000	106000000	1652	27409
chr8	106000000	107000000	1653	32383
chr8	107000000	108000000	1654	20522
chr8	108000000	109000000	1655	34804
chr8	109000000	110000000	1656	19728
chr8	110000000	111000000	1657	21991
chr8	111000000	112000000	1658	38320
chr8	112000000	113000000	1659	36194
chr8	113000000	114000000	1660	34387
chr8	114000000	115000000	1661	42483
chr8	115000000	116000000	1662	39649
chr8	116000000	117000000	1663	22219
chr8	117000000	118000000	1664	18436
chr8	118000000	119000000	1665	21385
chr8	119000000	120000000	1666	19378
chr8	120000000	121000000	1667	13416
chr8	121000000	122000000	1668	12195
chr8	122000000	123000000	1669	15672
chr8	123000000	124000000	1670	14624
chr8	124000000	125000000	1671	9656
chr8	125000000	126000000	1672	11460
chr8	126000000	127000000	1673	11616
chr8	127000000	128000000	1674	16537
chr8	128000000	129000000	1675	13721
chr8	129000000	130000000	1676	14129
chr8	130000000	131000000	1677	15971
chr8	131000000	132000000	1678	17468
chr8	132000000	133000000	1679	34638
chr8	133000000	134000000	1680	21895
chr8	134000000	135000000	1681	13842
chr8	135000000	136000000	1682	18583
chr8	136000000	137000000	1683	24402
chr8	137000000	138000000	1684	33816
chr8	138000000	139000000	1685	40901
chr8	139000000	140000000	1686	27535
chr8	140000000	141000000	1687	24501
chr8	141000000	142000000	1688	9460
chr8	142000000	143000000	1689	14161
chr8	143000000	144000000	1690	16401
chr8	144000000	145000000	1691	11546
chr8	145000000	146000000	1692	6236
chr9	0	1000000	1693	9040
chr9	1000000	2000000	1694	21990
chr9	2000000	3000000	1695	9994
chr9	3000000	4000000	1696	11856
chr9	4000000	5000000	1697	8906
chr9	5000000	6000000	1698	7519
chr9	6000000	7000000	1699	8869
chr9	7000000	8000000	1700	15709
chr9	8000000	9000000	1701	22517
chr9	9000000	10000000	1702	25115
chr9	10000000	11000000	1703	23066
chr9	11000000	12000000	1704	24297
chr9	12000000	13000000	1705	17184
chr9	13000000	14000000	1706	13586
chr9	14000000	15000000	1707	11713
chr9	15000000	16000000	1708	9280
chr9	16000000	17000000	1709	13111
chr9	17000000	18000000	1710	15051
chr9	18000000	19000000	1711	13823
chr9	19000000	20000000	1712	10748
chr9	20000000	21000000	1713	10874
chr9	21000000	22000000	1714	10543
chr9	22000000	23000000	1715	17950
chr9	23000000	24000000	1716	27439
chr9	24000000	25000000	1717	32717
chr9	25000000	26000000	1718	26449
chr9	26000000	27000000	1719	20116
chr9	27000000	28000000	1720	11953
chr9	28000000	29000000	1721	22049
chr9	29000000	30000000	1722	25281
chr9	30000000	31000000	1723	25131
chr9	31000000	32000000	1724	18325
chr9	32000000	33000000	1725	14092
chr9	33000000	34000000	1726	8259
chr9	34000000	35000000	1727	7629
chr9	35000000	36000000	1728	7219
chr9	36000000	37000000	1729	8963
chr9	37000000	38000000	1730	9574
chr9	38000000	39000000	1731	12017
chr9	39000000	40000000	1732	3690
chr9	40000000	41000000	1733	3747
chr9	41000000	42000000	1734	1818
chr9	42000000	43000000	1735	2697
chr9	43000000	44000000	1736	6119
chr9	44000000	45000000	1737	8983
chr9	45000000	46000000	1738	4230
chr9	46000000	47000000	1739	2788
chr9	47000000	48000000	1740	1278
chr9	65000000	66000000	1758	1115
chr9	66000000	67000000	1759	12290
chr9	67000000	68000000	1760	4997
chr9	68000000	69000000	1761	17625
chr9	69000000	70000000	1762	10529
chr9	70000000	71000000	1763	3585
chr9	71000000	72000000	1764	10422
chr9	72000000	73000000	1765	9848
chr9	73000000	74000000	1766	12036
chr9	74000000	75000000	1767	12099
chr9	75000000	76000000	1768	12160
chr9	76000000	77000000	1769	23119
chr9	77000000	78000000	1770	17400
chr9	78000000	79000000	1771	22845
chr9	79000000	80000000	1772	12273
chr9	80000000	81000000	1773	9653
chr9	81000000	82000000	1774	22402
chr9	82000000	83000000	1775	20878
chr9	83000000	84000000	1776	18717
chr9	84000000	85000000	1777	11902
chr9	85000000	86000000	1778	14552
chr9	86000000	87000000	1779	9399
chr9	87000000	88000000	1780	13021
chr9	88000000	89000000	1781	8425
chr9	89000000	90000000	1782	12637
chr9	90000000	91000000	1783	11524
chr9	91000000	92000000	1784	13311
chr9	92000000	93000000	1785	8615
chr9	93000000	94000000	1786	13504
chr9	94000000	95000000	1787	11574
chr9	95000000	96000000	1788	7241
chr9	96000000	97000000	1789	10219
chr9	97000000	98000000	1790	7251
chr9	98000000	99000000	1791	9348
chr9	99000000	100000000	1792	8058
chr9	100000000	101000000	1793	7694
chr9	101000000	102000000	1794	10470
chr9	102000000	103000000	1795	10985
chr9	103000000	104000000	1796	16849
chr9	104000000	105000000	1797	21810
chr9	105000000	106000000	1798	32385
chr9	106000000	107000000	1799	28797
chr9	107000000	108000000	1800	15932
chr9	108000000	109000000	1801	10234
chr9	109000000	110000000	1802	12237
chr9	110000000	111000000	1803	10493
chr9	111000000	112000000	1804	9574
chr9	112000000	113000000	1805	9640
chr9	113000000	114000000	1806	15618
chr9	114000000	115000000	1807	8418
chr9	115000000	116000000	1808	8110
chr9	116000000	117000000	1809	8505
chr9	117000000	118000000	1810	11050
chr9	118000000	119000000	1811	20140
chr9	119000000	120000000	1812	21558
chr9	120000000	121000000	1813	28659
chr9	121000000	122000000	1814	29636
chr9	122000000	123000000	1815	26724
chr9	123000000	124000000	1816	8450
chr9	124000000	125000000	1817	7655
chr9	125000000	126000000	1818	10619
chr9	126000000	127000000	1819	8842
chr9	127000000	128000000	1820	7453
chr9	128000000	129000000	1821	9608
chr9	129000000	130000000	1822	9017
chr9	130000000	131000000	1823	6895
chr9	131000000	132000000	1824	6624
chr9	132000000	133000000	1825	8307
chr9	133000000	134000000	1826	8082
chr9	134000000	135000000	1827	8071
chr9	135000000	136000000	1828	9494
chr9	136000000	137000000	1829	9436
chr9	137000000	138000000	1830	13769
chr9	138000000	139000000	1831	12542
chr9	139000000	140000000	1832	7607
chr9	140000000	141000000	1833	9154
chrX	0	1000000	1392	4886
chrX	1000000	2000000	1393	3365
chrX	2000000	3000000	1394	3646
chrX	3000000	4000000	1395	12028
chrX	4000000	5000000	1396	20030
chrX	5000000	6000000	1397	19442
chrX	6000000	7000000	1398	11546
chrX	7000000	8000000	1399	8539
chrX	8000000	9000000	1400	8772
chrX	9000000	10000000	1401	7663
chrX	10000000	11000000	1402	8334
chrX	11000000	12000000	1403	13290
chrX	12000000	13000000	1404	13877
chrX	13000000	14000000	1405	7655
chrX	14000000	15000000	1406	10249
chrX	15000000	16000000	1407	6728
chrX	16000000	17000000	1408	7199
chrX	17000000	18000000	1409	7877
chrX	18000000	19000000	1410	8506
chrX	19000000	20000000	1411	7748
chrX	20000000	21000000	1412	9937
chrX	21000000	22000000	1413	10329
chrX	22000000	23000000	1414	9718
chrX	23000000	24000000	1415	8441
chrX	24000000	25000000	1416	6311
chrX	25000000	26000000	1417	16024
chrX	26000000	27000000	1418	19276
chrX	27000000	28000000	1419	16738
chrX	28000000	29000000	1420	17072
chrX	29000000	30000000	1421	12738
chrX	30000000	31000000	1422	11126
chrX	31000000	32000000	1423	9630
chrX	32000000	33000000	1424	11409
chrX	33000000	34000000	1425	15254
chrX	34000000	35000000	1426	15986
chrX	35000000	36000000	1427	12959
chrX	36000000	37000000	1428	16989
chrX	37000000	38000000	1429	8894
chrX	38000000	39000000	1430	8069
chrX	39000000	40000000	1431	7850
chrX	40000000	41000000	1432	6920
chrX	41000000	42000000	1433	6917
chrX	42000000	43000000	1434	11911
chrX	43000000	44000000	1435	9726
chrX	44000000	45000000	1436	7149
chrX	45000000	46000000	1437	10249
chrX	46000000	47000000	1438	7655
chrX	47000000	48000000	1439	6897
chrX	48000000	49000000	1440	6868
chrX	49000000	50000000	1441	6848
chrX	50000000	51000000	1442	10396
chrX	51000000	52000000	1443	10153
chrX	52000000	53000000	1444	4306
chrX	53000000	54000000	1445	6866
chrX	54000000	55000000	1446	7627
chrX	55000000	56000000	1447	10418
chrX	56000000	57000000	1448	10517
chrX	57000000	58000000	1449	12079
chrX	58000000	59000000	1450	9658
chrX	61000000	62000000	1453	5870
chrX	62000000	63000000	1454	11121
chrX	63000000	64000000	1455	15495
chrX	64000000	65000000	1456	14776
chrX	65000000	66000000	1457	15163
chrX	66000000	67000000	1458	17429
chrX	67000000	68000000	1459	9127
chrX	68000000	69000000	1460	9631
chrX	69000000	70000000	1461	9176
chrX	70000000	71000000	1462	6536
chrX	71000000	72000000	1463	7631
chrX	72000000	73000000	1464	12332
chrX	73000000	74000000	1465	8183
chrX	74000000	75000000	1466	13810
chrX	75000000	76000000	1467	15967
chrX	76000000	77000000	1468	13789
chrX	77000000	78000000	1469	13234
chrX	78000000	79000000	1470	16455
chrX	79000000	80000000	1471	14277
chrX	80000000	81000000	1472	14829
chrX	81000000	82000000	1473	16416
chrX	82000000	83000000	1474	16068
chrX	83000000	84000000	1475	16546
chrX	84000000	85000000	1476	15954
chrX	85000000	86000000	1477	14355
chrX	86000000	87000000	1478	19795
chrX	87000000	88000000	1479	19959
chrX	88000000	89000000	1480	14106
chrX	89000000	90000000	1481	11997
chrX	90000000	91000000	1482	12717
chrX	91000000	92000000	1483	11498
chrX	92000000	93000000	1484	17284
chrX	93000000	94000000	1485	20739
chrX	94000000	95000000	1486	18806
chrX	95000000	96000000	1487	14385
chrX	96000000	97000000	1488	9324
chrX	97000000	98000000	1489	16325
chrX	98000000	99000000	1490	18968
chrX	99000000	100000000	1491	12649
chrX	100000000	101000000	1492	7627
chrX	101000000	102000000	1493	8477
chrX	102000000	103000000	1494	7917
chrX	103000000	104000000	1495	10717
chrX	104000000	105000000	1496	13873
chrX	105000000	106000000	1497	13992
chrX	106000000	107000000	1498	8084
chrX	107000000	108000000	1499	9507
chrX	108000000	109000000	1500	13599
chrX	109000000	110000000	1501	7838
chrX	110000000	111000000	1502	11641
chrX	111000000	112000000	1503	13985
chrX	112000000	113000000	1504	13259
chrX	113000000	114000000	1505	15040
chrX	114000000	115000000	1506	10726
chrX	115000000	116000000	1507	14578
chrX	116000000	117000000	1508	17757
chrX	117000000	118000000	1509	9877
chrX	118000000	119000000	1510	7659
chrX	119000000	120000000	1511	7931
chrX	120000000	121000000	1512	11605
chrX	121000000	122000000	1513	18414
chrX	122000000	123000000	1514	12894
chrX	123000000	124000000	1515	11431
chrX	124000000	125000000	1516	18431
chrX	125000000	126000000	1517	20383
chrX	126000000	127000000	1518	21870
chrX	127000000	128000000	1519	17487
chrX	128000000	129000000	1520	9344
chrX	129000000	130000000	1521	7111
chrX	130000000	131000000	1522	13415
chrX	131000000	132000000	1523	8293
chrX	132000000	133000000	1524	9678
chrX	133000000	134000000	1525	8689
chrX	134000000	135000000	1526	7621
chrX	135000000	136000000	1527	8593
chrX	136000000	137000000	1528	16570
chrX	137000000	138000000	1529	18946
chrX	138000000	139000000	1530	13152
chrX	139000000	140000000	1531	15472
chrX	140000000	141000000	1532	16027
chrX	141000000	142000000	1533	22773
chrX	142000000	143000000	1534	22087
chrX	143000000	144000000	1535	18868
chrX	144000000	145000000	1536	19106
chrX	145000000	146000000	1537	17000
chrX	146000000	147000000	1538	14234
chrX	147000000	148000000	1539	12855
chrX	148000000	149000000	1540	9431
chrX	149000000	150000000	1541	7190
chrX	150000000	151000000	1542	13508
chrX	151000000	152000000	1543	15058
chrX	152000000	153000000	1544	5988
chrX	153000000	154000000	1545	4998
chrX	154000000	155000000	1546	6591
chrY	0	1000000	2873	458
chrY	1000000	2000000	2874	282
chrY	2000000	3000000	2875	690
chrY	3000000	4000000	2876	3614
chrY	4000000	5000000	2877	3927
chrY	5000000	6000000	2878	4447
chrY	6000000	7000000	2879	2436
chrY	7000000	8000000	2880	2697
chrY	8000000	9000000	2881	2397
chrY	9000000	10000000	2882	4745
chrY	10000000	11000000	2883	1270
chrY	13000000	14000000	2886	11218
chrY	14000000	15000000	2887	3877
chrY	15000000	16000000	2888	2765
chrY	16000000	17000000	2889	3704
chrY	17000000	18000000	2890	5323
chrY	18000000	19000000	2891	4806
chrY	19000000	20000000	2892	3477
chrY	20000000	21000000	2893	396
chrY	21000000	22000000	2894	2386
chrY	22000000	23000000	2895	4735
chrY	23000000	24000000	2896	3254
chrY	24000000	25000000	2897	756
chrY	25000000	26000000	2898	222
chrY	26000000	27000000	2899	221
chrY	27000000	28000000	2900	215
chrY	28000000	29000000	2901	2859
chrY	58000000	59000000	2931	3184
