chr1	0	1000000	1	4381
chr1	1000000	2000000	2	6592
chr1	2000000	3000000	3	11283
chr1	3000000	4000000	4	9166
chr1	4000000	5000000	5	22783
chr1	5000000	6000000	6	22627
chr1	6000000	7000000	7	6833
chr1	7000000	8000000	8	11828
chr1	8000000	9000000	9	8374
chr1	9000000	10000000	10	7517
chr1	10000000	11000000	11	7723
chr1	11000000	12000000	12	8627
chr1	12000000	13000000	13	10000
chr1	13000000	14000000	14	5206
chr1	14000000	15000000	15	14068
chr1	15000000	16000000	16	8548
chr1	16000000	17000000	17	7989
chr1	17000000	18000000	18	9913
chr1	18000000	19000000	19	16318
chr1	19000000	20000000	20	8338
chr1	20000000	21000000	21	10447
chr1	21000000	22000000	22	7384
chr1	22000000	23000000	23	8622
chr1	23000000	24000000	24	8595
chr1	24000000	25000000	25	6621
chr1	25000000	26000000	26	7380
chr1	26000000	27000000	27	7112
chr1	27000000	28000000	28	6352
chr1	28000000	29000000	29	6695
chr1	29000000	30000000	30	8571
chr1	30000000	31000000	31	17171
chr1	31000000	32000000	32	9150
chr1	32000000	33000000	33	7185
chr1	33000000	34000000	34	6672
chr1	34000000	35000000	35	23093
chr1	35000000	36000000	36	11007
chr1	36000000	37000000	37	6611
chr1	37000000	38000000	38	15648
chr1	38000000	39000000	39	11815
chr1	39000000	40000000	40	9410
chr1	40000000	41000000	41	7773
chr1	41000000	42000000	42	8245
chr1	42000000	43000000	43	9461
chr1	43000000	44000000	44	8204
chr1	44000000	45000000	45	8003
chr1	45000000	46000000	46	7392
chr1	46000000	47000000	47	7101
chr1	47000000	48000000	48	11622
chr1	48000000	49000000	49	11249
chr1	49000000	50000000	50	16115
chr1	50000000	51000000	51	19675
chr1	51000000	52000000	52	8462
chr1	52000000	53000000	53	6922
chr1	53000000	54000000	54	8745
chr1	54000000	55000000	55	8480
chr1	55000000	56000000	56	10793
chr1	56000000	57000000	57	19513
chr1	57000000	58000000	58	21083
chr1	58000000	59000000	59	17377
chr1	59000000	60000000	60	10676
chr1	60000000	61000000	61	13571
chr1	61000000	62000000	62	10979
chr1	62000000	63000000	63	10259
chr1	63000000	64000000	64	9214
chr1	64000000	65000000	65	9932
chr1	65000000	66000000	66	8682
chr1	66000000	67000000	67	14285
chr1	67000000	68000000	68	9008
chr1	68000000	69000000	69	9917
chr1	69000000	70000000	70	23904
chr1	70000000	71000000	71	14990
chr1	71000000	72000000	72	23051
chr1	72000000	73000000	73	22215
chr1	73000000	74000000	74	34846
chr1	74000000	75000000	75	23808
chr1	75000000	76000000	76	25792
chr1	76000000	77000000	77	14705
chr1	77000000	78000000	78	15096
chr1	78000000	79000000	79	13400
chr1	79000000	80000000	80	22117
chr1	80000000	81000000	81	26082
chr1	81000000	82000000	82	21502
chr1	82000000	83000000	83	20820
chr1	83000000	84000000	84	19325
chr1	84000000	85000000	85	9312
chr1	85000000	86000000	86	8646
chr1	86000000	87000000	87	11078
chr1	87000000	88000000	88	9884
chr1	88000000	89000000	89	15355
chr1	89000000	90000000	90	8789
chr1	90000000	91000000	91	14079
chr1	91000000	92000000	92	13570
chr1	92000000	93000000	93	9024
chr1	93000000	94000000	94	7282
chr1	94000000	95000000	95	8873
chr1	95000000	96000000	96	10439
chr1	96000000	97000000	97	22888
chr1	97000000	98000000	98	21376
chr1	98000000	99000000	99	19304
chr1	99000000	100000000	100	14545
chr1	100000000	101000000	101	7958
chr1	101000000	102000000	102	13988
chr1	102000000	103000000	103	26556
chr1	103000000	104000000	104	21701
chr1	104000000	105000000	105	23341
chr1	105000000	106000000	106	26812
chr1	106000000	107000000	107	32685
chr1	107000000	108000000	108	27228
chr1	108000000	109000000	109	10674
chr1	109000000	110000000	110	6797
chr1	110000000	111000000	111	7189
chr1	111000000	112000000	112	12917
chr1	112000000	113000000	113	15586
chr1	113000000	114000000	114	8842
chr1	114000000	115000000	115	10051
chr1	115000000	116000000	116	15792
chr1	116000000	117000000	117	10776
chr1	117000000	118000000	118	8636
chr1	118000000	119000000	119	13554
chr1	119000000	120000000	120	17875
chr1	120000000	121000000	121	7916
chr1	121000000	122000000	122	6534
chr1	142000000	143000000	143	12163
chr1	143000000	144000000	144	14292
chr1	144000000	145000000	145	5161
chr1	145000000	146000000	146	7411
chr1	146000000	147000000	147	7273
chr1	147000000	148000000	148	6941
chr1	148000000	149000000	149	6937
chr1	149000000	150000000	150	13125
chr1	150000000	151000000	151	7513
chr1	151000000	152000000	152	6524
chr1	152000000	153000000	153	16377
chr1	153000000	154000000	154	12898
chr1	154000000	155000000	155	9027
chr1	155000000	156000000	156	6806
chr1	156000000	157000000	157	6980
chr1	157000000	158000000	158	18374
chr1	158000000	159000000	159	23646
chr1	159000000	160000000	160	20960
chr1	160000000	161000000	161	10917
chr1	161000000	162000000	162	7919
chr1	162000000	163000000	163	11087
chr1	163000000	164000000	164	25603
chr1	164000000	165000000	165	27268
chr1	165000000	166000000	166	15691
chr1	166000000	167000000	167	24484
chr1	167000000	168000000	168	10551
chr1	168000000	169000000	169	11246
chr1	169000000	170000000	170	10151
chr1	170000000	171000000	171	18609
chr1	171000000	172000000	172	13377
chr1	172000000	173000000	173	14297
chr1	173000000	174000000	174	12460
chr1	174000000	175000000	175	10411
chr1	175000000	176000000	176	20462
chr1	176000000	177000000	177	24665
chr1	177000000	178000000	178	24948
chr1	178000000	179000000	179	9028
chr1	179000000	180000000	180	11349
chr1	180000000	181000000	181	8549
chr1	181000000	182000000	182	20219
chr1	182000000	183000000	183	12156
chr1	183000000	184000000	184	9665
chr1	184000000	185000000	185	10043
chr1	185000000	186000000	186	10752
chr1	186000000	187000000	187	13927
chr1	187000000	188000000	188	25876
chr1	188000000	189000000	189	33678
chr1	189000000	190000000	190	35153
chr1	190000000	191000000	191	39279
chr1	191000000	192000000	192	32039
chr1	192000000	193000000	193	17202
chr1	193000000	194000000	194	18941
chr1	194000000	195000000	195	35080
chr1	195000000	196000000	196	36870
chr1	196000000	197000000	197	26597
chr1	197000000	198000000	198	13997
chr1	198000000	199000000	199	17216
chr1	199000000	200000000	200	21971
chr1	200000000	201000000	201	11016
chr1	201000000	202000000	202	8475
chr1	202000000	203000000	203	8362
chr1	203000000	204000000	204	9728
chr1	204000000	205000000	205	9378
chr1	205000000	206000000	206	8113
chr1	206000000	207000000	207	6738
chr1	207000000	208000000	208	9761
chr1	208000000	209000000	209	18705
chr1	209000000	210000000	210	25009
chr1	210000000	211000000	211	12753
chr1	211000000	212000000	212	12813
chr1	212000000	213000000	213	8506
chr1	213000000	214000000	214	14450
chr1	214000000	215000000	215	14214
chr1	215000000	216000000	216	17233
chr1	216000000	217000000	217	20706
chr1	217000000	218000000	218	18054
chr1	218000000	219000000	219	18432
chr1	219000000	220000000	220	15238
chr1	220000000	221000000	221	11395
chr1	221000000	222000000	222	20889
chr1	222000000	223000000	223	12340
chr1	223000000	224000000	224	10813
chr1	224000000	225000000	225	9464
chr1	225000000	226000000	226	11769
chr1	226000000	227000000	227	9199
chr1	227000000	228000000	228	10347
chr1	228000000	229000000	229	10772
chr1	229000000	230000000	230	11852
chr1	230000000	231000000	231	11469
chr1	231000000	232000000	232	9273
chr1	232000000	233000000	233	13063
chr1	233000000	234000000	234	19309
chr1	234000000	235000000	235	17676
chr1	235000000	236000000	236	8126
chr1	236000000	237000000	237	10842
chr1	237000000	238000000	238	18429
chr1	238000000	239000000	239	26755
chr1	239000000	240000000	240	28045
chr1	240000000	241000000	241	27246
chr1	241000000	242000000	242	23972
chr1	242000000	243000000	243	22507
chr1	243000000	244000000	244	13361
chr1	244000000	245000000	245	12703
chr1	245000000	246000000	246	11626
chr1	246000000	247000000	247	10296
chr1	247000000	248000000	248	17425
chr1	248000000	249000000	249	21495
chr10	0	1000000	1834	7989
chr10	1000000	2000000	1835	17016
chr10	2000000	3000000	1836	23844
chr10	3000000	4000000	1837	12122
chr10	4000000	5000000	1838	10718
chr10	5000000	6000000	1839	9818
chr10	6000000	7000000	1840	12933
chr10	7000000	8000000	1841	13558
chr10	8000000	9000000	1842	25097
chr10	9000000	10000000	1843	28730
chr10	10000000	11000000	1844	24998
chr10	11000000	12000000	1845	11123
chr10	12000000	13000000	1846	12913
chr10	13000000	14000000	1847	9745
chr10	14000000	15000000	1848	12018
chr10	15000000	16000000	1849	14626
chr10	16000000	17000000	1850	17653
chr10	17000000	18000000	1851	9268
chr10	18000000	19000000	1852	13784
chr10	19000000	20000000	1853	31228
chr10	20000000	21000000	1854	29505
chr10	21000000	22000000	1855	14477
chr10	22000000	23000000	1856	10247
chr10	23000000	24000000	1857	13800
chr10	24000000	25000000	1858	17470
chr10	25000000	26000000	1859	14993
chr10	26000000	27000000	1860	19845
chr10	27000000	28000000	1861	10239
chr10	28000000	29000000	1862	15911
chr10	29000000	30000000	1863	10607
chr10	30000000	31000000	1864	12980
chr10	31000000	32000000	1865	12300
chr10	32000000	33000000	1866	9772
chr10	33000000	34000000	1867	12542
chr10	34000000	35000000	1868	12379
chr10	35000000	36000000	1869	9234
chr10	36000000	37000000	1870	25914
chr10	37000000	38000000	1871	33015
chr10	38000000	39000000	1872	21803
chr10	39000000	40000000	1873	7676
chr10	42000000	43000000	1876	23489
chr10	43000000	44000000	1877	11511
chr10	44000000	45000000	1878	20103
chr10	45000000	46000000	1879	17108
chr10	46000000	47000000	1880	3061
chr10	47000000	48000000	1881	7319
chr10	48000000	49000000	1882	6892
chr10	49000000	50000000	1883	9143
chr10	50000000	51000000	1884	18039
chr10	51000000	52000000	1885	3500
chr10	52000000	53000000	1886	13273
chr10	53000000	54000000	1887	17825
chr10	54000000	55000000	1888	23059
chr10	55000000	56000000	1889	31101
chr10	56000000	57000000	1890	30729
chr10	57000000	58000000	1891	31662
chr10	58000000	59000000	1892	25737
chr10	59000000	60000000	1893	21260
chr10	60000000	61000000	1894	12425
chr10	61000000	62000000	1895	14267
chr10	62000000	63000000	1896	13056
chr10	63000000	64000000	1897	10479
chr10	64000000	65000000	1898	11746
chr10	65000000	66000000	1899	12060
chr10	66000000	67000000	1900	21691
chr10	67000000	68000000	1901	20637
chr10	68000000	69000000	1902	25143
chr10	69000000	70000000	1903	14332
chr10	70000000	71000000	1904	7006
chr10	71000000	72000000	1905	9533
chr10	72000000	73000000	1906	9882
chr10	73000000	74000000	1907	8980
chr10	74000000	75000000	1908	7022
chr10	75000000	76000000	1909	5814
chr10	76000000	77000000	1910	7379
chr10	77000000	78000000	1911	9414
chr10	78000000	79000000	1912	12436
chr10	79000000	80000000	1913	9623
chr10	80000000	81000000	1914	10110
chr10	81000000	82000000	1915	8283
chr10	82000000	83000000	1916	16983
chr10	83000000	84000000	1917	28642
chr10	84000000	85000000	1918	30109
chr10	85000000	86000000	1919	26068
chr10	86000000	87000000	1920	16073
chr10	87000000	88000000	1921	16730
chr10	88000000	89000000	1922	7225
chr10	89000000	90000000	1923	6784
chr10	90000000	91000000	1924	8046
chr10	91000000	92000000	1925	14897
chr10	92000000	93000000	1926	19775
chr10	93000000	94000000	1927	7409
chr10	94000000	95000000	1928	7782
chr10	95000000	96000000	1929	9177
chr10	96000000	97000000	1930	15250
chr10	97000000	98000000	1931	7819
chr10	98000000	99000000	1932	9107
chr10	99000000	100000000	1933	7097
chr10	100000000	101000000	1934	12055
chr10	101000000	102000000	1935	7763
chr10	102000000	103000000	1936	8365
chr10	103000000	104000000	1937	6831
chr10	104000000	105000000	1938	6070
chr10	105000000	106000000	1939	7256
chr10	106000000	107000000	1940	23196
chr10	107000000	108000000	1941	33402
chr10	108000000	109000000	1942	22486
chr10	109000000	110000000	1943	25949
chr10	110000000	111000000	1944	26646
chr10	111000000	112000000	1945	14833
chr10	112000000	113000000	1946	9214
chr10	113000000	114000000	1947	16137
chr10	114000000	115000000	1948	8178
chr10	115000000	116000000	1949	9536
chr10	116000000	117000000	1950	9208
chr10	117000000	118000000	1951	19143
chr10	118000000	119000000	1952	12138
chr10	119000000	120000000	1953	12476
chr10	120000000	121000000	1954	10600
chr10	121000000	122000000	1955	9314
chr10	122000000	123000000	1956	16220
chr10	123000000	124000000	1957	11170
chr10	124000000	125000000	1958	12152
chr10	125000000	126000000	1959	15760
chr10	126000000	127000000	1960	8345
chr10	127000000	128000000	1961	11911
chr10	128000000	129000000	1962	11103
chr10	129000000	130000000	1963	14878
chr10	130000000	131000000	1964	29232
chr10	131000000	132000000	1965	17117
chr10	132000000	133000000	1966	26987
chr10	133000000	134000000	1967	16026
chr10	134000000	135000000	1968	10848
chr11	0	1000000	1969	5057
chr11	1000000	2000000	1970	8895
chr11	2000000	3000000	1971	9552
chr11	3000000	4000000	1972	7766
chr11	4000000	5000000	1973	17501
chr11	5000000	6000000	1974	19453
chr11	6000000	7000000	1975	10598
chr11	7000000	8000000	1976	15376
chr11	8000000	9000000	1977	10316
chr11	9000000	10000000	1978	6841
chr11	10000000	11000000	1979	8250
chr11	11000000	12000000	1980	10280
chr11	12000000	13000000	1981	7879
chr11	13000000	14000000	1982	11115
chr11	14000000	15000000	1983	9487
chr11	15000000	16000000	1984	12333
chr11	16000000	17000000	1985	9121
chr11	17000000	18000000	1986	9795
chr11	18000000	19000000	1987	10419
chr11	19000000	20000000	1988	11603
chr11	20000000	21000000	1989	17415
chr11	21000000	22000000	1990	24197
chr11	22000000	23000000	1991	19035
chr11	23000000	24000000	1992	20506
chr11	24000000	25000000	1993	24701
chr11	25000000	26000000	1994	29852
chr11	26000000	27000000	1995	17595
chr11	27000000	28000000	1996	12410
chr11	28000000	29000000	1997	17571
chr11	29000000	30000000	1998	23612
chr11	30000000	31000000	1999	18891
chr11	31000000	32000000	2000	16178
chr11	32000000	33000000	2001	14695
chr11	33000000	34000000	2002	8381
chr11	34000000	35000000	2003	9013
chr11	35000000	36000000	2004	9324
chr11	36000000	37000000	2005	15246
chr11	37000000	38000000	2006	33469
chr11	38000000	39000000	2007	32389
chr11	39000000	40000000	2008	36196
chr11	40000000	41000000	2009	37121
chr11	41000000	42000000	2010	30791
chr11	42000000	43000000	2011	33783
chr11	43000000	44000000	2012	16597
chr11	44000000	45000000	2013	10154
chr11	45000000	46000000	2014	11475
chr11	46000000	47000000	2015	6840
chr11	47000000	48000000	2016	6791
chr11	48000000	49000000	2017	27278
chr11	49000000	50000000	2018	27861
chr11	50000000	51000000	2019	28155
chr11	51000000	52000000	2020	15374
chr11	54000000	55000000	2023	9297
chr11	55000000	56000000	2024	30407
chr11	56000000	57000000	2025	21541
chr11	57000000	58000000	2026	9499
chr11	58000000	59000000	2027	15118
chr11	59000000	60000000	2028	11448
chr11	60000000	61000000	2029	10478
chr11	61000000	62000000	2030	7272
chr11	62000000	63000000	2031	8937
chr11	63000000	64000000	2032	9692
chr11	64000000	65000000	2033	7726
chr11	65000000	66000000	2034	5834
chr11	66000000	67000000	2035	6991
chr11	67000000	68000000	2036	7787
chr11	68000000	69000000	2037	9292
chr11	69000000	70000000	2038	11506
chr11	70000000	71000000	2039	12054
chr11	71000000	72000000	2040	10105
chr11	72000000	73000000	2041	8455
chr11	73000000	74000000	2042	6965
chr11	74000000	75000000	2043	8067
chr11	75000000	76000000	2044	8242
chr11	76000000	77000000	2045	9055
chr11	77000000	78000000	2046	7451
chr11	78000000	79000000	2047	13219
chr11	79000000	80000000	2048	25888
chr11	80000000	81000000	2049	30606
chr11	81000000	82000000	2050	32357
chr11	82000000	83000000	2051	16409
chr11	83000000	84000000	2052	16330
chr11	84000000	85000000	2053	24501
chr11	85000000	86000000	2054	10839
chr11	86000000	87000000	2055	8528
chr11	87000000	88000000	2056	13267
chr11	88000000	89000000	2057	17627
chr11	89000000	90000000	2058	13692
chr11	90000000	91000000	2059	31569
chr11	91000000	92000000	2060	26760
chr11	92000000	93000000	2061	17688
chr11	93000000	94000000	2062	12039
chr11	94000000	95000000	2063	8821
chr11	95000000	96000000	2064	9026
chr11	96000000	97000000	2065	22058
chr11	97000000	98000000	2066	32094
chr11	98000000	99000000	2067	33832
chr11	99000000	100000000	2068	31509
chr11	100000000	101000000	2069	18177
chr11	101000000	102000000	2070	18652
chr11	102000000	103000000	2071	8933
chr11	103000000	104000000	2072	18211
chr11	104000000	105000000	2073	15986
chr11	105000000	106000000	2074	16321
chr11	106000000	107000000	2075	21381
chr11	107000000	108000000	2076	12101
chr11	108000000	109000000	2077	8277
chr11	109000000	110000000	2078	15849
chr11	110000000	111000000	2079	10375
chr11	111000000	112000000	2080	7672
chr11	112000000	113000000	2081	13167
chr11	113000000	114000000	2082	11565
chr11	114000000	115000000	2083	17760
chr11	115000000	116000000	2084	16277
chr11	116000000	117000000	2085	11828
chr11	117000000	118000000	2086	9126
chr11	118000000	119000000	2087	5992
chr11	119000000	120000000	2088	10128
chr11	120000000	121000000	2089	10762
chr11	121000000	122000000	2090	15350
chr11	122000000	123000000	2091	15315
chr11	123000000	124000000	2092	16522
chr11	124000000	125000000	2093	14168
chr11	125000000	126000000	2094	9125
chr11	126000000	127000000	2095	13371
chr11	127000000	128000000	2096	26812
chr11	128000000	129000000	2097	10014
chr11	129000000	130000000	2098	11976
chr11	130000000	131000000	2099	13072
chr11	131000000	132000000	2100	26319
chr11	132000000	133000000	2101	26199
chr11	133000000	134000000	2102	22479
chr11	134000000	135000000	2103	14307
chr12	0	1000000	2104	8580
chr12	1000000	2000000	2105	7649
chr12	2000000	3000000	2106	13892
chr12	3000000	4000000	2107	10404
chr12	4000000	5000000	2108	14777
chr12	5000000	6000000	2109	17768
chr12	6000000	7000000	2110	7789
chr12	7000000	8000000	2111	14135
chr12	8000000	9000000	2112	11737
chr12	9000000	10000000	2113	9256
chr12	10000000	11000000	2114	11544
chr12	11000000	12000000	2115	10198
chr12	12000000	13000000	2116	7416
chr12	13000000	14000000	2117	14352
chr12	14000000	15000000	2118	13114
chr12	15000000	16000000	2119	12493
chr12	16000000	17000000	2120	14866
chr12	17000000	18000000	2121	28909
chr12	18000000	19000000	2122	22259
chr12	19000000	20000000	2123	13352
chr12	20000000	21000000	2124	20563
chr12	21000000	22000000	2125	19280
chr12	22000000	23000000	2126	10704
chr12	23000000	24000000	2127	17215
chr12	24000000	25000000	2128	15500
chr12	25000000	26000000	2129	13418
chr12	26000000	27000000	2130	8480
chr12	27000000	28000000	2131	7400
chr12	28000000	29000000	2132	11258
chr12	29000000	30000000	2133	12253
chr12	30000000	31000000	2134	16124
chr12	31000000	32000000	2135	9270
chr12	32000000	33000000	2136	9677
chr12	33000000	34000000	2137	31469
chr12	34000000	35000000	2138	31363
chr12	37000000	38000000	2141	4302
chr12	38000000	39000000	2142	28258
chr12	39000000	40000000	2143	15317
chr12	40000000	41000000	2144	14233
chr12	41000000	42000000	2145	19608
chr12	42000000	43000000	2146	13378
chr12	43000000	44000000	2147	20341
chr12	44000000	45000000	2148	11357
chr12	45000000	46000000	2149	13676
chr12	46000000	47000000	2150	11775
chr12	47000000	48000000	2151	17499
chr12	48000000	49000000	2152	10538
chr12	49000000	50000000	2153	6424
chr12	50000000	51000000	2154	6428
chr12	51000000	52000000	2155	7913
chr12	52000000	53000000	2156	8767
chr12	53000000	54000000	2157	7521
chr12	54000000	55000000	2158	9010
chr12	55000000	56000000	2159	19816
chr12	56000000	57000000	2160	5982
chr12	57000000	58000000	2161	6699
chr12	58000000	59000000	2162	13941
chr12	59000000	60000000	2163	17521
chr12	60000000	61000000	2164	23990
chr12	61000000	62000000	2165	33406
chr12	62000000	63000000	2166	18750
chr12	63000000	64000000	2167	12075
chr12	64000000	65000000	2168	9561
chr12	65000000	66000000	2169	11308
chr12	66000000	67000000	2170	13040
chr12	67000000	68000000	2171	13298
chr12	68000000	69000000	2172	13108
chr12	69000000	70000000	2173	9235
chr12	70000000	71000000	2174	15721
chr12	71000000	72000000	2175	17928
chr12	72000000	73000000	2176	17262
chr12	73000000	74000000	2177	32654
chr12	74000000	75000000	2178	23706
chr12	75000000	76000000	2179	15469
chr12	76000000	77000000	2180	8723
chr12	77000000	78000000	2181	12604
chr12	78000000	79000000	2182	17530
chr12	79000000	80000000	2183	20591
chr12	80000000	81000000	2184	14493
chr12	81000000	82000000	2185	22757
chr12	82000000	83000000	2186	18904
chr12	83000000	84000000	2187	14690
chr12	84000000	85000000	2188	27775
chr12	85000000	86000000	2189	17865
chr12	86000000	87000000	2190	23316
chr12	87000000	88000000	2191	30935
chr12	88000000	89000000	2192	17799
chr12	89000000	90000000	2193	13202
chr12	90000000	91000000	2194	18551
chr12	91000000	92000000	2195	17901
chr12	92000000	93000000	2196	9912
chr12	93000000	94000000	2197	8387
chr12	94000000	95000000	2198	8610
chr12	95000000	96000000	2199	9539
chr12	96000000	97000000	2200	9578
chr12	97000000	98000000	2201	23039
chr12	98000000	99000000	2202	23547
chr12	99000000	100000000	2203	15794
chr12	100000000	101000000	2204	14088
chr12	101000000	102000000	2205	16333
chr12	102000000	103000000	2206	11330
chr12	103000000	104000000	2207	17975
chr12	104000000	105000000	2208	9810
chr12	105000000	106000000	2209	9418
chr12	106000000	107000000	2210	11775
chr12	107000000	108000000	2211	13064
chr12	108000000	109000000	2212	14646
chr12	109000000	110000000	2213	7609
chr12	110000000	111000000	2214	6511
chr12	111000000	112000000	2215	10681
chr12	112000000	113000000	2216	7039
chr12	113000000	114000000	2217	11934
chr12	114000000	115000000	2218	19199
chr12	115000000	116000000	2219	16918
chr12	116000000	117000000	2220	12248
chr12	117000000	118000000	2221	12520
chr12	118000000	119000000	2222	15082
chr12	119000000	120000000	2223	22667
chr12	120000000	121000000	2224	8245
chr12	121000000	122000000	2225	7069
chr12	122000000	123000000	2226	6752
chr12	123000000	124000000	2227	6188
chr12	124000000	125000000	2228	8118
chr12	125000000	126000000	2229	11493
chr12	126000000	127000000	2230	24638
chr12	127000000	128000000	2231	31657
chr12	128000000	129000000	2232	36637
chr12	129000000	130000000	2233	24452
chr12	130000000	131000000	2234	21249
chr12	131000000	132000000	2235	16882
chr12	132000000	133000000	2236	10271
chr13	19000000	20000000	2256	20784
chr13	20000000	21000000	2257	9985
chr13	21000000	22000000	2258	8013
chr13	22000000	23000000	2259	18937
chr13	23000000	24000000	2260	23218
chr13	24000000	25000000	2261	9185
chr13	25000000	26000000	2262	11425
chr13	26000000	27000000	2263	12918
chr13	27000000	28000000	2264	12789
chr13	28000000	29000000	2265	10633
chr13	29000000	30000000	2266	18451
chr13	30000000	31000000	2267	8868
chr13	31000000	32000000	2268	10093
chr13	32000000	33000000	2269	12497
chr13	33000000	34000000	2270	10509
chr13	34000000	35000000	2271	11577
chr13	35000000	36000000	2272	17199
chr13	36000000	37000000	2273	17806
chr13	37000000	38000000	2274	17480
chr13	38000000	39000000	2275	20620
chr13	39000000	40000000	2276	14559
chr13	40000000	41000000	2277	11649
chr13	41000000	42000000	2278	7496
chr13	42000000	43000000	2279	8370
chr13	43000000	44000000	2280	11066
chr13	44000000	45000000	2281	9700
chr13	45000000	46000000	2282	7967
chr13	46000000	47000000	2283	10329
chr13	47000000	48000000	2284	13280
chr13	48000000	49000000	2285	11830
chr13	49000000	50000000	2286	7897
chr13	50000000	51000000	2287	7753
chr13	51000000	52000000	2288	8760
chr13	52000000	53000000	2289	7526
chr13	53000000	54000000	2290	16417
chr13	54000000	55000000	2291	31614
chr13	55000000	56000000	2292	34401
chr13	56000000	57000000	2293	37549
chr13	57000000	58000000	2294	31879
chr13	58000000	59000000	2295	31224
chr13	59000000	60000000	2296	24708
chr13	60000000	61000000	2297	12759
chr13	61000000	62000000	2298	20015
chr13	62000000	63000000	2299	30128
chr13	63000000	64000000	2300	30641
chr13	64000000	65000000	2301	31418
chr13	65000000	66000000	2302	35856
chr13	66000000	67000000	2303	28034
chr13	67000000	68000000	2304	22322
chr13	68000000	69000000	2305	28004
chr13	69000000	70000000	2306	30787
chr13	70000000	71000000	2307	23195
chr13	71000000	72000000	2308	27513
chr13	72000000	73000000	2309	25253
chr13	73000000	74000000	2310	14026
chr13	74000000	75000000	2311	11782
chr13	75000000	76000000	2312	16877
chr13	76000000	77000000	2313	12738
chr13	77000000	78000000	2314	12427
chr13	78000000	79000000	2315	16569
chr13	79000000	80000000	2316	21597
chr13	80000000	81000000	2317	12029
chr13	81000000	82000000	2318	24123
chr13	82000000	83000000	2319	30785
chr13	83000000	84000000	2320	36082
chr13	84000000	85000000	2321	37422
chr13	85000000	86000000	2322	28196
chr13	86000000	87000000	2323	20734
chr13	87000000	88000000	2324	34462
chr13	88000000	89000000	2325	29973
chr13	89000000	90000000	2326	27900
chr13	90000000	91000000	2327	25429
chr13	91000000	92000000	2328	24185
chr13	92000000	93000000	2329	29464
chr13	93000000	94000000	2330	31227
chr13	94000000	95000000	2331	24061
chr13	95000000	96000000	2332	12027
chr13	96000000	97000000	2333	13411
chr13	97000000	98000000	2334	19644
chr13	98000000	99000000	2335	10209
chr13	99000000	100000000	2336	7873
chr13	100000000	101000000	2337	9727
chr13	101000000	102000000	2338	16954
chr13	102000000	103000000	2339	21117
chr13	103000000	104000000	2340	19244
chr13	104000000	105000000	2341	26162
chr13	105000000	106000000	2342	22127
chr13	106000000	107000000	2343	17282
chr13	107000000	108000000	2344	23820
chr13	108000000	109000000	2345	27163
chr13	109000000	110000000	2346	16399
chr13	110000000	111000000	2347	13168
chr13	111000000	112000000	2348	10054
chr13	112000000	113000000	2349	15952
chr13	113000000	114000000	2350	9258
chr13	114000000	115000000	2351	7850
chr14	19000000	20000000	2371	19410
chr14	20000000	21000000	2372	18447
chr14	21000000	22000000	2373	7869
chr14	22000000	23000000	2374	19338
chr14	23000000	24000000	2375	6769
chr14	24000000	25000000	2376	7583
chr14	25000000	26000000	2377	13691
chr14	26000000	27000000	2378	31385
chr14	27000000	28000000	2379	32084
chr14	28000000	29000000	2380	36706
chr14	29000000	30000000	2381	29052
chr14	30000000	31000000	2382	19370
chr14	31000000	32000000	2383	7972
chr14	32000000	33000000	2384	8428
chr14	33000000	34000000	2385	14805
chr14	34000000	35000000	2386	10643
chr14	35000000	36000000	2387	7347
chr14	36000000	37000000	2388	10966
chr14	37000000	38000000	2389	13960
chr14	38000000	39000000	2390	22372
chr14	39000000	40000000	2391	15749
chr14	40000000	41000000	2392	30730
chr14	41000000	42000000	2393	32622
chr14	42000000	43000000	2394	26936
chr14	43000000	44000000	2395	24563
chr14	44000000	45000000	2396	19405
chr14	45000000	46000000	2397	13103
chr14	46000000	47000000	2398	20176
chr14	47000000	48000000	2399	21182
chr14	48000000	49000000	2400	25805
chr14	49000000	50000000	2401	21858
chr14	50000000	51000000	2402	6564
chr14	51000000	52000000	2403	9108
chr14	52000000	53000000	2404	11145
chr14	53000000	54000000	2405	9277
chr14	54000000	55000000	2406	13209
chr14	55000000	56000000	2407	7201
chr14	56000000	57000000	2408	9733
chr14	57000000	58000000	2409	14739
chr14	58000000	59000000	2410	13962
chr14	59000000	60000000	2411	10471
chr14	60000000	61000000	2412	12577
chr14	61000000	62000000	2413	7947
chr14	62000000	63000000	2414	18898
chr14	63000000	64000000	2415	19384
chr14	64000000	65000000	2416	6862
chr14	65000000	66000000	2417	8125
chr14	66000000	67000000	2418	11786
chr14	67000000	68000000	2419	7813
chr14	68000000	69000000	2420	6403
chr14	69000000	70000000	2421	7372
chr14	70000000	71000000	2422	13863
chr14	71000000	72000000	2423	9774
chr14	72000000	73000000	2424	21075
chr14	73000000	74000000	2425	8653
chr14	74000000	75000000	2426	6313
chr14	75000000	76000000	2427	6985
chr14	76000000	77000000	2428	8631
chr14	77000000	78000000	2429	8759
chr14	78000000	79000000	2430	15984
chr14	79000000	80000000	2431	22750
chr14	80000000	81000000	2432	19987
chr14	81000000	82000000	2433	10084
chr14	82000000	83000000	2434	29072
chr14	83000000	84000000	2435	35912
chr14	84000000	85000000	2436	24489
chr14	85000000	86000000	2437	26816
chr14	86000000	87000000	2438	25644
chr14	87000000	88000000	2439	32466
chr14	88000000	89000000	2440	16954
chr14	89000000	90000000	2441	9983
chr14	90000000	91000000	2442	10655
chr14	91000000	92000000	2443	7411
chr14	92000000	93000000	2444	10945
chr14	93000000	94000000	2445	9114
chr14	94000000	95000000	2446	12480
chr14	95000000	96000000	2447	11629
chr14	96000000	97000000	2448	14777
chr14	97000000	98000000	2449	19181
chr14	98000000	99000000	2450	26661
chr14	99000000	100000000	2451	15179
chr14	100000000	101000000	2452	7730
chr14	101000000	102000000	2453	16011
chr14	102000000	103000000	2454	7273
chr14	103000000	104000000	2455	7595
chr14	104000000	105000000	2456	10528
chr14	105000000	106000000	2457	6654
chr14	106000000	107000000	2458	49565
chr15	20000000	21000000	2479	22797
chr15	21000000	22000000	2480	6196
chr15	22000000	23000000	2481	17567
chr15	23000000	24000000	2482	11521
chr15	24000000	25000000	2483	34422
chr15	25000000	26000000	2484	21213
chr15	26000000	27000000	2485	25925
chr15	27000000	28000000	2486	22148
chr15	28000000	29000000	2487	9281
chr15	29000000	30000000	2488	13627
chr15	30000000	31000000	2489	5696
chr15	31000000	32000000	2490	8544
chr15	32000000	33000000	2491	8852
chr15	33000000	34000000	2492	12271
chr15	34000000	35000000	2493	8478
chr15	35000000	36000000	2494	10260
chr15	36000000	37000000	2495	19130
chr15	37000000	38000000	2496	18476
chr15	38000000	39000000	2497	11516
chr15	39000000	40000000	2498	13630
chr15	40000000	41000000	2499	6566
chr15	41000000	42000000	2500	6495
chr15	42000000	43000000	2501	5930
chr15	43000000	44000000	2502	5521
chr15	44000000	45000000	2503	6505
chr15	45000000	46000000	2504	7794
chr15	46000000	47000000	2505	22828
chr15	47000000	48000000	2506	17760
chr15	48000000	49000000	2507	11317
chr15	49000000	50000000	2508	8474
chr15	50000000	51000000	2509	10814
chr15	51000000	52000000	2510	9165
chr15	52000000	53000000	2511	6582
chr15	53000000	54000000	2512	16976
chr15	54000000	55000000	2513	25141
chr15	55000000	56000000	2514	17228
chr15	56000000	57000000	2515	8945
chr15	57000000	58000000	2516	8357
chr15	58000000	59000000	2517	10187
chr15	59000000	60000000	2518	6750
chr15	60000000	61000000	2519	11258
chr15	61000000	62000000	2520	17887
chr15	62000000	63000000	2521	10916
chr15	63000000	64000000	2522	7426
chr15	64000000	65000000	2523	6735
chr15	65000000	66000000	2524	6556
chr15	66000000	67000000	2525	8801
chr15	67000000	68000000	2526	7464
chr15	68000000	69000000	2527	8813
chr15	69000000	70000000	2528	9285
chr15	70000000	71000000	2529	10262
chr15	71000000	72000000	2530	11611
chr15	72000000	73000000	2531	6912
chr15	73000000	74000000	2532	9273
chr15	74000000	75000000	2533	7975
chr15	75000000	76000000	2534	6358
chr15	76000000	77000000	2535	8371
chr15	77000000	78000000	2536	7261
chr15	78000000	79000000	2537	8081
chr15	79000000	80000000	2538	10601
chr15	80000000	81000000	2539	8710
chr15	81000000	82000000	2540	10045
chr15	82000000	83000000	2541	7324
chr15	83000000	84000000	2542	7682
chr15	84000000	85000000	2543	13934
chr15	85000000	86000000	2544	6777
chr15	86000000	87000000	2545	13225
chr15	87000000	88000000	2546	29570
chr15	88000000	89000000	2547	25659
chr15	89000000	90000000	2548	9252
chr15	90000000	91000000	2549	7407
chr15	91000000	92000000	2550	9868
chr15	92000000	93000000	2551	15023
chr15	93000000	94000000	2552	13864
chr15	94000000	95000000	2553	21817
chr15	95000000	96000000	2554	30872
chr15	96000000	97000000	2555	19862
chr15	97000000	98000000	2556	32539
chr15	98000000	99000000	2557	24287
chr15	99000000	100000000	2558	9589
chr15	100000000	101000000	2559	9653
chr15	101000000	102000000	2560	9132
chr16	0	1000000	2561	5913
chr16	1000000	2000000	2562	7980
chr16	2000000	3000000	2563	5453
chr16	3000000	4000000	2564	6999
chr16	4000000	5000000	2565	6565
chr16	5000000	6000000	2566	20106
chr16	6000000	7000000	2567	29267
chr16	7000000	8000000	2568	34573
chr16	8000000	9000000	2569	21785
chr16	9000000	10000000	2570	19106
chr16	10000000	11000000	2571	16409
chr16	11000000	12000000	2572	7468
chr16	12000000	13000000	2573	10705
chr16	13000000	14000000	2574	29577
chr16	14000000	15000000	2575	6830
chr16	15000000	16000000	2576	7128
chr16	16000000	17000000	2577	10384
chr16	17000000	18000000	2578	20678
chr16	18000000	19000000	2579	11153
chr16	19000000	20000000	2580	10514
chr16	20000000	21000000	2581	15689
chr16	21000000	22000000	2582	7357
chr16	22000000	23000000	2583	12021
chr16	23000000	24000000	2584	12154
chr16	24000000	25000000	2585	16218
chr16	25000000	26000000	2586	24419
chr16	26000000	27000000	2587	36044
chr16	27000000	28000000	2588	12401
chr16	28000000	29000000	2589	5969
chr16	29000000	30000000	2590	6212
chr16	30000000	31000000	2591	5512
chr16	31000000	32000000	2592	11680
chr16	32000000	33000000	2593	23697
chr16	33000000	34000000	2594	27171
chr16	34000000	35000000	2595	25194
chr16	35000000	36000000	2596	8031
chr16	46000000	47000000	2607	9208
chr16	47000000	48000000	2608	9855
chr16	48000000	49000000	2609	13207
chr16	49000000	50000000	2610	20146
chr16	50000000	51000000	2611	10600
chr16	51000000	52000000	2612	28879
chr16	52000000	53000000	2613	14308
chr16	53000000	54000000	2614	7726
chr16	54000000	55000000	2615	11319
chr16	55000000	56000000	2616	13027
chr16	56000000	57000000	2617	8564
chr16	57000000	58000000	2618	6456
chr16	58000000	59000000	2619	9532
chr16	59000000	60000000	2620	20531
chr16	60000000	61000000	2621	26834
chr16	61000000	62000000	2622	32030
chr16	62000000	63000000	2623	34524
chr16	63000000	64000000	2624	21994
chr16	64000000	65000000	2625	21432
chr16	65000000	66000000	2626	26454
chr16	66000000	67000000	2627	12142
chr16	67000000	68000000	2628	4817
chr16	68000000	69000000	2629	6571
chr16	69000000	70000000	2630	6073
chr16	70000000	71000000	2631	7111
chr16	71000000	72000000	2632	11316
chr16	72000000	73000000	2633	11475
chr16	73000000	74000000	2634	19624
chr16	74000000	75000000	2635	11071
chr16	75000000	76000000	2636	8876
chr16	76000000	77000000	2637	24002
chr16	77000000	78000000	2638	24155
chr16	78000000	79000000	2639	15508
chr16	79000000	80000000	2640	14484
chr16	80000000	81000000	2641	16938
chr16	81000000	82000000	2642	8061
chr16	82000000	83000000	2643	19368
chr16	83000000	84000000	2644	18748
chr16	84000000	85000000	2645	8001
chr16	85000000	86000000	2646	8502
chr16	86000000	87000000	2647	13795
chr16	87000000	88000000	2648	9788
chr16	88000000	89000000	2649	7866
chr16	89000000	90000000	2650	7270
chr17	0	1000000	2651	7177
chr17	1000000	2000000	2652	5959
chr17	2000000	3000000	2653	7241
chr17	3000000	4000000	2654	9076
chr17	4000000	5000000	2655	5947
chr17	5000000	6000000	2656	11052
chr17	6000000	7000000	2657	9967
chr17	7000000	8000000	2658	5339
chr17	8000000	9000000	2659	7498
chr17	9000000	10000000	2660	9480
chr17	10000000	11000000	2661	13120
chr17	11000000	12000000	2662	15104
chr17	12000000	13000000	2663	19896
chr17	13000000	14000000	2664	16294
chr17	14000000	15000000	2665	14941
chr17	15000000	16000000	2666	7398
chr17	16000000	17000000	2667	7030
chr17	17000000	18000000	2668	5921
chr17	18000000	19000000	2669	4685
chr17	19000000	20000000	2670	6064
chr17	20000000	21000000	2671	7871
chr17	21000000	22000000	2672	14274
chr17	22000000	23000000	2673	6621
chr17	25000000	26000000	2676	10194
chr17	26000000	27000000	2677	8178
chr17	27000000	28000000	2678	6554
chr17	28000000	29000000	2679	7191
chr17	29000000	30000000	2680	6941
chr17	30000000	31000000	2681	7502
chr17	31000000	32000000	2682	16779
chr17	32000000	33000000	2683	19306
chr17	33000000	34000000	2684	10509
chr17	34000000	35000000	2685	5440
chr17	35000000	36000000	2686	8510
chr17	36000000	37000000	2687	8857
chr17	37000000	38000000	2688	8542
chr17	38000000	39000000	2689	8146
chr17	39000000	40000000	2690	9385
chr17	40000000	41000000	2691	5425
chr17	41000000	42000000	2692	7543
chr17	42000000	43000000	2693	6804
chr17	43000000	44000000	2694	7902
chr17	44000000	45000000	2695	5436
chr17	45000000	46000000	2696	7372
chr17	46000000	47000000	2697	9112
chr17	47000000	48000000	2698	9638
chr17	48000000	49000000	2699	8291
chr17	49000000	50000000	2700	15121
chr17	50000000	51000000	2701	32034
chr17	51000000	52000000	2702	29403
chr17	52000000	53000000	2703	30524
chr17	53000000	54000000	2704	13439
chr17	54000000	55000000	2705	21305
chr17	55000000	56000000	2706	8375
chr17	56000000	57000000	2707	8776
chr17	57000000	58000000	2708	7812
chr17	58000000	59000000	2709	7468
chr17	59000000	60000000	2710	9751
chr17	60000000	61000000	2711	10404
chr17	61000000	62000000	2712	7453
chr17	62000000	63000000	2713	7010
chr17	63000000	64000000	2714	10712
chr17	64000000	65000000	2715	10239
chr17	65000000	66000000	2716	8195
chr17	66000000	67000000	2717	9465
chr17	67000000	68000000	2718	12152
chr17	68000000	69000000	2719	16547
chr17	69000000	70000000	2720	16050
chr17	70000000	71000000	2721	10194
chr17	71000000	72000000	2722	11616
chr17	72000000	73000000	2723	10926
chr17	73000000	74000000	2724	5705
chr17	74000000	75000000	2725	7449
chr17	75000000	76000000	2726	10048
chr17	76000000	77000000	2727	8234
chr17	77000000	78000000	2728	10922
chr17	78000000	79000000	2729	8051
chr17	79000000	80000000	2730	5922
chr17	80000000	81000000	2731	7279
chr18	0	1000000	2732	11552
chr18	1000000	2000000	2733	30704
chr18	2000000	3000000	2734	17919
chr18	3000000	4000000	2735	10162
chr18	4000000	5000000	2736	22766
chr18	5000000	6000000	2737	20701
chr18	6000000	7000000	2738	20574
chr18	7000000	8000000	2739	15918
chr18	8000000	9000000	2740	11387
chr18	9000000	10000000	2741	8713
chr18	10000000	11000000	2742	12744
chr18	11000000	12000000	2743	14006
chr18	12000000	13000000	2744	8500
chr18	13000000	14000000	2745	11886
chr18	14000000	15000000	2746	18473
chr18	15000000	16000000	2747	9156
chr18	18000000	19000000	2750	5244
chr18	19000000	20000000	2751	10139
chr18	20000000	21000000	2752	10954
chr18	21000000	22000000	2753	8353
chr18	22000000	23000000	2754	18026
chr18	23000000	24000000	2755	16625
chr18	24000000	25000000	2756	13118
chr18	25000000	26000000	2757	21090
chr18	26000000	27000000	2758	30314
chr18	27000000	28000000	2759	30566
chr18	28000000	29000000	2760	21203
chr18	29000000	30000000	2761	9409
chr18	30000000	31000000	2762	15061
chr18	31000000	32000000	2763	23043
chr18	32000000	33000000	2764	10546
chr18	33000000	34000000	2765	9160
chr18	34000000	35000000	2766	10550
chr18	35000000	36000000	2767	32432
chr18	36000000	37000000	2768	32755
chr18	37000000	38000000	2769	32857
chr18	38000000	39000000	2770	36713
chr18	39000000	40000000	2771	23219
chr18	40000000	41000000	2772	25074
chr18	41000000	42000000	2773	25034
chr18	42000000	43000000	2774	15653
chr18	43000000	44000000	2775	10505
chr18	44000000	45000000	2776	14581
chr18	45000000	46000000	2777	13817
chr18	46000000	47000000	2778	7556
chr18	47000000	48000000	2779	11991
chr18	48000000	49000000	2780	13866
chr18	49000000	50000000	2781	26137
chr18	50000000	51000000	2782	33275
chr18	51000000	52000000	2783	21266
chr18	52000000	53000000	2784	17830
chr18	53000000	54000000	2785	20493
chr18	54000000	55000000	2786	16521
chr18	55000000	56000000	2787	9598
chr18	56000000	57000000	2788	9360
chr18	57000000	58000000	2789	17961
chr18	58000000	59000000	2790	26473
chr18	59000000	60000000	2791	15119
chr18	60000000	61000000	2792	9122
chr18	61000000	62000000	2793	18717
chr18	62000000	63000000	2794	31918
chr18	63000000	64000000	2795	30574
chr18	64000000	65000000	2796	21632
chr18	65000000	66000000	2797	30141
chr18	66000000	67000000	2798	25230
chr18	67000000	68000000	2799	15515
chr18	68000000	69000000	2800	22781
chr18	69000000	70000000	2801	28801
chr18	70000000	71000000	2802	28001
chr18	71000000	72000000	2803	17482
chr18	72000000	73000000	2804	8229
chr18	73000000	74000000	2805	19075
chr18	74000000	75000000	2806	10522
chr18	75000000	76000000	2807	27012
chr18	76000000	77000000	2808	20474
chr18	77000000	78000000	2809	9434
chr19	0	1000000	2932	6674
chr19	1000000	2000000	2933	5909
chr19	2000000	3000000	2934	7315
chr19	3000000	4000000	2935	7876
chr19	4000000	5000000	2936	7177
chr19	5000000	6000000	2937	8914
chr19	6000000	7000000	2938	10315
chr19	7000000	8000000	2939	7097
chr19	8000000	9000000	2940	9804
chr19	9000000	10000000	2941	12863
chr19	10000000	11000000	2942	7322
chr19	11000000	12000000	2943	6609
chr19	12000000	13000000	2944	6462
chr19	13000000	14000000	2945	11060
chr19	14000000	15000000	2946	7973
chr19	15000000	16000000	2947	11731
chr19	16000000	17000000	2948	8916
chr19	17000000	18000000	2949	8229
chr19	18000000	19000000	2950	6758
chr19	19000000	20000000	2951	7227
chr19	20000000	21000000	2952	17897
chr19	21000000	22000000	2953	15369
chr19	22000000	23000000	2954	29256
chr19	23000000	24000000	2955	21330
chr19	24000000	25000000	2956	16803
chr19	27000000	28000000	2959	11217
chr19	28000000	29000000	2960	26320
chr19	29000000	30000000	2961	24363
chr19	30000000	31000000	2962	18103
chr19	31000000	32000000	2963	28565
chr19	32000000	33000000	2964	27250
chr19	33000000	34000000	2965	9833
chr19	34000000	35000000	2966	11670
chr19	35000000	36000000	2967	10756
chr19	36000000	37000000	2968	7460
chr19	37000000	38000000	2969	9522
chr19	38000000	39000000	2970	9008
chr19	39000000	40000000	2971	6907
chr19	40000000	41000000	2972	10059
chr19	41000000	42000000	2973	8176
chr19	42000000	43000000	2974	9317
chr19	43000000	44000000	2975	17995
chr19	44000000	45000000	2976	7866
chr19	45000000	46000000	2977	7842
chr19	46000000	47000000	2978	8011
chr19	47000000	48000000	2979	6893
chr19	48000000	49000000	2980	7502
chr19	49000000	50000000	2981	6503
chr19	50000000	51000000	2982	7223
chr19	51000000	52000000	2983	11868
chr19	52000000	53000000	2984	11503
chr19	53000000	54000000	2985	10760
chr19	54000000	55000000	2986	13567
chr19	55000000	56000000	2987	11010
chr19	56000000	57000000	2988	12980
chr19	57000000	58000000	2989	15976
chr19	58000000	59000000	2990	6821
chr2	0	1000000	250	22534
chr2	1000000	2000000	251	27157
chr2	2000000	3000000	252	31106
chr2	3000000	4000000	253	12608
chr2	4000000	5000000	254	31604
chr2	5000000	6000000	255	28198
chr2	6000000	7000000	256	28858
chr2	7000000	8000000	257	14829
chr2	8000000	9000000	258	11837
chr2	9000000	10000000	259	8785
chr2	10000000	11000000	260	8818
chr2	11000000	12000000	261	9519
chr2	12000000	13000000	262	12035
chr2	13000000	14000000	263	26546
chr2	14000000	15000000	264	28387
chr2	15000000	16000000	265	14980
chr2	16000000	17000000	266	18887
chr2	17000000	18000000	267	21836
chr2	18000000	19000000	268	18648
chr2	19000000	20000000	269	17384
chr2	20000000	21000000	270	8899
chr2	21000000	22000000	271	21057
chr2	22000000	23000000	272	28617
chr2	23000000	24000000	273	14178
chr2	24000000	25000000	274	7141
chr2	25000000	26000000	275	7738
chr2	26000000	27000000	276	8313
chr2	27000000	28000000	277	7087
chr2	28000000	29000000	278	8520
chr2	29000000	30000000	279	11770
chr2	30000000	31000000	280	12943
chr2	31000000	32000000	281	18731
chr2	32000000	33000000	282	7935
chr2	33000000	34000000	283	12075
chr2	34000000	35000000	284	21396
chr2	35000000	36000000	285	26185
chr2	36000000	37000000	286	15883
chr2	37000000	38000000	287	8175
chr2	38000000	39000000	288	8541
chr2	39000000	40000000	289	7921
chr2	40000000	41000000	290	20112
chr2	41000000	42000000	291	19504
chr2	42000000	43000000	292	9236
chr2	43000000	44000000	293	8172
chr2	44000000	45000000	294	8500
chr2	45000000	46000000	295	10848
chr2	46000000	47000000	296	7600
chr2	47000000	48000000	297	9860
chr2	48000000	49000000	298	12089
chr2	49000000	50000000	299	29817
chr2	50000000	51000000	300	25996
chr2	51000000	52000000	301	35475
chr2	52000000	53000000	302	26292
chr2	53000000	54000000	303	16582
chr2	54000000	55000000	304	8147
chr2	55000000	56000000	305	8574
chr2	56000000	57000000	306	22579
chr2	57000000	58000000	307	24481
chr2	58000000	59000000	308	16481
chr2	59000000	60000000	309	25165
chr2	60000000	61000000	310	15178
chr2	61000000	62000000	311	7903
chr2	62000000	63000000	312	8450
chr2	63000000	64000000	313	9089
chr2	64000000	65000000	314	8169
chr2	65000000	66000000	315	9712
chr2	66000000	67000000	316	16579
chr2	67000000	68000000	317	17013
chr2	68000000	69000000	318	10852
chr2	69000000	70000000	319	8569
chr2	70000000	71000000	320	9281
chr2	71000000	72000000	321	11204
chr2	72000000	73000000	322	12008
chr2	73000000	74000000	323	8898
chr2	74000000	75000000	324	6753
chr2	75000000	76000000	325	13754
chr2	76000000	77000000	326	29242
chr2	77000000	78000000	327	25734
chr2	78000000	79000000	328	28459
chr2	79000000	80000000	329	27896
chr2	80000000	81000000	330	30287
chr2	81000000	82000000	331	40714
chr2	82000000	83000000	332	38386
chr2	83000000	84000000	333	33096
chr2	84000000	85000000	334	21237
chr2	85000000	86000000	335	8007
chr2	86000000	87000000	336	8137
chr2	87000000	88000000	337	7625
chr2	88000000	89000000	338	11942
chr2	89000000	90000000	339	28822
chr2	90000000	91000000	340	8441
chr2	91000000	92000000	341	7735
chr2	92000000	93000000	342	7896
chr2	95000000	96000000	345	9832
chr2	96000000	97000000	346	7367
chr2	97000000	98000000	347	7941
chr2	98000000	99000000	348	8911
chr2	99000000	100000000	349	8960
chr2	100000000	101000000	350	11891
chr2	101000000	102000000	351	10322
chr2	102000000	103000000	352	12085
chr2	103000000	104000000	353	23968
chr2	104000000	105000000	354	32189
chr2	105000000	106000000	355	15524
chr2	106000000	107000000	356	11756
chr2	107000000	108000000	357	27240
chr2	108000000	109000000	358	21146
chr2	109000000	110000000	359	9217
chr2	110000000	111000000	360	4840
chr2	111000000	112000000	361	8050
chr2	112000000	113000000	362	7540
chr2	113000000	114000000	363	10008
chr2	114000000	115000000	364	13571
chr2	115000000	116000000	365	32894
chr2	116000000	117000000	366	34148
chr2	117000000	118000000	367	29268
chr2	118000000	119000000	368	16776
chr2	119000000	120000000	369	26018
chr2	120000000	121000000	370	8974
chr2	121000000	122000000	371	12380
chr2	122000000	123000000	372	11386
chr2	123000000	124000000	373	23244
chr2	124000000	125000000	374	29231
chr2	125000000	126000000	375	31718
chr2	126000000	127000000	376	29993
chr2	127000000	128000000	377	18935
chr2	128000000	129000000	378	7425
chr2	129000000	130000000	379	21814
chr2	130000000	131000000	380	22138
chr2	131000000	132000000	381	9816
chr2	132000000	133000000	382	15286
chr2	133000000	134000000	383	16630
chr2	134000000	135000000	384	12948
chr2	135000000	136000000	385	11502
chr2	136000000	137000000	386	9995
chr2	137000000	138000000	387	32142
chr2	138000000	139000000	388	25079
chr2	139000000	140000000	389	22320
chr2	140000000	141000000	390	39629
chr2	141000000	142000000	391	30754
chr2	142000000	143000000	392	24889
chr2	143000000	144000000	393	17207
chr2	144000000	145000000	394	14981
chr2	145000000	146000000	395	15348
chr2	146000000	147000000	396	18282
chr2	147000000	148000000	397	20524
chr2	148000000	149000000	398	15815
chr2	149000000	150000000	399	9847
chr2	150000000	151000000	400	11669
chr2	151000000	152000000	401	13145
chr2	152000000	153000000	402	9364
chr2	153000000	154000000	403	15522
chr2	154000000	155000000	404	34659
chr2	155000000	156000000	405	25838
chr2	156000000	157000000	406	17111
chr2	157000000	158000000	407	13204
chr2	158000000	159000000	408	11433
chr2	159000000	160000000	409	9625
chr2	160000000	161000000	410	8537
chr2	161000000	162000000	411	11136
chr2	162000000	163000000	412	16285
chr2	163000000	164000000	413	21173
chr2	164000000	165000000	414	19117
chr2	165000000	166000000	415	14053
chr2	166000000	167000000	416	12219
chr2	167000000	168000000	417	22664
chr2	168000000	169000000	418	15367
chr2	169000000	170000000	419	10197
chr2	170000000	171000000	420	8791
chr2	171000000	172000000	421	11123
chr2	172000000	173000000	422	8726
chr2	173000000	174000000	423	9679
chr2	174000000	175000000	424	11422
chr2	175000000	176000000	425	8932
chr2	176000000	177000000	426	15881
chr2	177000000	178000000	427	14493
chr2	178000000	179000000	428	9347
chr2	179000000	180000000	429	13212
chr2	180000000	181000000	430	14981
chr2	181000000	182000000	431	18115
chr2	182000000	183000000	432	15493
chr2	183000000	184000000	433	14939
chr2	184000000	185000000	434	22776
chr2	185000000	186000000	435	29993
chr2	186000000	187000000	436	20028
chr2	187000000	188000000	437	15662
chr2	188000000	189000000	438	20465
chr2	189000000	190000000	439	16754
chr2	190000000	191000000	440	10895
chr2	191000000	192000000	441	7561
chr2	192000000	193000000	442	12179
chr2	193000000	194000000	443	27804
chr2	194000000	195000000	444	31612
chr2	195000000	196000000	445	32541
chr2	196000000	197000000	446	20390
chr2	197000000	198000000	447	10771
chr2	198000000	199000000	448	10391
chr2	199000000	200000000	449	27060
chr2	200000000	201000000	450	13942
chr2	201000000	202000000	451	7831
chr2	202000000	203000000	452	7897
chr2	203000000	204000000	453	7374
chr2	204000000	205000000	454	9085
chr2	205000000	206000000	455	11815
chr2	206000000	207000000	456	10814
chr2	207000000	208000000	457	13635
chr2	208000000	209000000	458	9055
chr2	209000000	210000000	459	18862
chr2	210000000	211000000	460	13649
chr2	211000000	212000000	461	19383
chr2	212000000	213000000	462	27580
chr2	213000000	214000000	463	23846
chr2	214000000	215000000	464	23057
chr2	215000000	216000000	465	17125
chr2	216000000	217000000	466	10538
chr2	217000000	218000000	467	12184
chr2	218000000	219000000	468	13515
chr2	219000000	220000000	469	6720
chr2	220000000	221000000	470	14996
chr2	221000000	222000000	471	24983
chr2	222000000	223000000	472	18395
chr2	223000000	224000000	473	9733
chr2	224000000	225000000	474	11081
chr2	225000000	226000000	475	11263
chr2	226000000	227000000	476	17898
chr2	227000000	228000000	477	10938
chr2	228000000	229000000	478	13472
chr2	229000000	230000000	479	31139
chr2	230000000	231000000	480	17403
chr2	231000000	232000000	481	10874
chr2	232000000	233000000	482	8193
chr2	233000000	234000000	483	8147
chr2	234000000	235000000	484	9366
chr2	235000000	236000000	485	10229
chr2	236000000	237000000	486	10207
chr2	237000000	238000000	487	13072
chr2	238000000	239000000	488	7975
chr2	239000000	240000000	489	10451
chr2	240000000	241000000	490	11604
chr2	241000000	242000000	491	10286
chr2	242000000	243000000	492	7331
chr20	0	1000000	2810	9787
chr20	1000000	2000000	2811	11145
chr20	2000000	3000000	2812	11136
chr20	3000000	4000000	2813	7229
chr20	4000000	5000000	2814	14318
chr20	5000000	6000000	2815	12425
chr20	6000000	7000000	2816	24139
chr20	7000000	8000000	2817	26412
chr20	8000000	9000000	2818	19751
chr20	9000000	10000000	2819	23149
chr20	10000000	11000000	2820	13335
chr20	11000000	12000000	2821	16614
chr20	12000000	13000000	2822	22097
chr20	13000000	14000000	2823	11518
chr20	14000000	15000000	2824	14870
chr20	15000000	16000000	2825	15368
chr20	16000000	17000000	2826	14111
chr20	17000000	18000000	2827	11167
chr20	18000000	19000000	2828	12860
chr20	19000000	20000000	2829	16501
chr20	20000000	21000000	2830	12122
chr20	21000000	22000000	2831	19685
chr20	22000000	23000000	2832	22948
chr20	23000000	24000000	2833	15054
chr20	24000000	25000000	2834	22923
chr20	25000000	26000000	2835	9011
chr20	26000000	27000000	2836	6030
chr20	29000000	30000000	2839	13447
chr20	30000000	31000000	2840	9210
chr20	31000000	32000000	2841	10482
chr20	32000000	33000000	2842	8199
chr20	33000000	34000000	2843	7610
chr20	34000000	35000000	2844	7585
chr20	35000000	36000000	2845	8017
chr20	36000000	37000000	2846	10051
chr20	37000000	38000000	2847	13851
chr20	38000000	39000000	2848	25099
chr20	39000000	40000000	2849	14427
chr20	40000000	41000000	2850	26262
chr20	41000000	42000000	2851	35874
chr20	42000000	43000000	2852	15019
chr20	43000000	44000000	2853	9472
chr20	44000000	45000000	2854	10734
chr20	45000000	46000000	2855	12516
chr20	46000000	47000000	2856	14614
chr20	47000000	48000000	2857	10890
chr20	48000000	49000000	2858	9325
chr20	49000000	50000000	2859	11576
chr20	50000000	51000000	2860	11679
chr20	51000000	52000000	2861	26721
chr20	52000000	53000000	2862	13072
chr20	53000000	54000000	2863	30565
chr20	54000000	55000000	2864	28678
chr20	55000000	56000000	2865	14300
chr20	56000000	57000000	2866	14248
chr20	57000000	58000000	2867	14366
chr20	58000000	59000000	2868	19287
chr20	59000000	60000000	2869	31518
chr20	60000000	61000000	2870	16462
chr20	61000000	62000000	2871	10306
chr20	62000000	63000000	2872	8974
chr21	9000000	10000000	3051	13830
chr21	10000000	11000000	3052	34551
chr21	11000000	12000000	3053	8726
chr21	14000000	15000000	3056	14241
chr21	15000000	16000000	3057	17350
chr21	16000000	17000000	3058	13748
chr21	17000000	18000000	3059	17688
chr21	18000000	19000000	3060	20652
chr21	19000000	20000000	3061	18358
chr21	20000000	21000000	3062	24971
chr21	21000000	22000000	3063	33836
chr21	22000000	23000000	3064	26929
chr21	23000000	24000000	3065	32722
chr21	24000000	25000000	3066	36790
chr21	25000000	26000000	3067	35517
chr21	26000000	27000000	3068	29876
chr21	27000000	28000000	3069	15739
chr21	28000000	29000000	3070	20659
chr21	29000000	30000000	3071	16232
chr21	30000000	31000000	3072	9261
chr21	31000000	32000000	3073	16288
chr21	32000000	33000000	3074	14781
chr21	33000000	34000000	3075	9840
chr21	34000000	35000000	3076	9031
chr21	35000000	36000000	3077	8558
chr21	36000000	37000000	3078	11866
chr21	37000000	38000000	3079	8856
chr21	38000000	39000000	3080	8164
chr21	39000000	40000000	3081	17953
chr21	40000000	41000000	3082	10551
chr21	41000000	42000000	3083	23206
chr21	42000000	43000000	3084	13988
chr21	43000000	44000000	3085	9048
chr21	44000000	45000000	3086	8586
chr21	45000000	46000000	3087	7932
chr21	46000000	47000000	3088	9195
chr21	47000000	48000000	3089	10367
chr22	16000000	17000000	3007	13266
chr22	17000000	18000000	3008	14355
chr22	18000000	19000000	3009	6935
chr22	19000000	20000000	3010	8053
chr22	20000000	21000000	3011	5303
chr22	21000000	22000000	3012	5983
chr22	22000000	23000000	3013	11020
chr22	23000000	24000000	3014	19107
chr22	24000000	25000000	3015	6370
chr22	25000000	26000000	3016	8933
chr22	26000000	27000000	3017	15879
chr22	27000000	28000000	3018	16196
chr22	28000000	29000000	3019	9007
chr22	29000000	30000000	3020	6993
chr22	30000000	31000000	3021	7440
chr22	31000000	32000000	3022	6901
chr22	32000000	33000000	3023	8449
chr22	33000000	34000000	3024	12122
chr22	34000000	35000000	3025	20166
chr22	35000000	36000000	3026	17195
chr22	36000000	37000000	3027	7883
chr22	37000000	38000000	3028	10202
chr22	38000000	39000000	3029	5978
chr22	39000000	40000000	3030	8016
chr22	40000000	41000000	3031	8583
chr22	41000000	42000000	3032	6391
chr22	42000000	43000000	3033	6911
chr22	43000000	44000000	3034	8976
chr22	44000000	45000000	3035	10660
chr22	45000000	46000000	3036	9731
chr22	46000000	47000000	3037	7671
chr22	47000000	48000000	3038	12277
chr22	48000000	49000000	3039	22070
chr22	49000000	50000000	3040	18436
chr22	50000000	51000000	3041	7495
chr3	0	1000000	493	24038
chr3	1000000	2000000	494	28271
chr3	2000000	3000000	495	28161
chr3	3000000	4000000	496	21165
chr3	4000000	5000000	497	10229
chr3	5000000	6000000	498	18951
chr3	6000000	7000000	499	24728
chr3	7000000	8000000	500	25081
chr3	8000000	9000000	501	11765
chr3	9000000	10000000	502	8185
chr3	10000000	11000000	503	11626
chr3	11000000	12000000	504	9748
chr3	12000000	13000000	505	9849
chr3	13000000	14000000	506	11279
chr3	14000000	15000000	507	9868
chr3	15000000	16000000	508	7278
chr3	16000000	17000000	509	12225
chr3	17000000	18000000	510	11099
chr3	18000000	19000000	511	20422
chr3	19000000	20000000	512	18821
chr3	20000000	21000000	513	20908
chr3	21000000	22000000	514	32759
chr3	22000000	23000000	515	27992
chr3	23000000	24000000	516	10872
chr3	24000000	25000000	517	13624
chr3	25000000	26000000	518	12507
chr3	26000000	27000000	519	32679
chr3	27000000	28000000	520	13005
chr3	28000000	29000000	521	16738
chr3	29000000	30000000	522	16634
chr3	30000000	31000000	523	12109
chr3	31000000	32000000	524	11024
chr3	32000000	33000000	525	8409
chr3	33000000	34000000	526	8580
chr3	34000000	35000000	527	30039
chr3	35000000	36000000	528	22839
chr3	36000000	37000000	529	25458
chr3	37000000	38000000	530	7504
chr3	38000000	39000000	531	12522
chr3	39000000	40000000	532	12786
chr3	40000000	41000000	533	9790
chr3	41000000	42000000	534	9112
chr3	42000000	43000000	535	7876
chr3	43000000	44000000	536	9046
chr3	44000000	45000000	537	8864
chr3	45000000	46000000	538	7858
chr3	46000000	47000000	539	9459
chr3	47000000	48000000	540	6246
chr3	48000000	49000000	541	5946
chr3	49000000	50000000	542	5445
chr3	50000000	51000000	543	10366
chr3	51000000	52000000	544	12929
chr3	52000000	53000000	545	5674
chr3	53000000	54000000	546	8636
chr3	54000000	55000000	547	25452
chr3	55000000	56000000	548	23645
chr3	56000000	57000000	549	16480
chr3	57000000	58000000	550	7363
chr3	58000000	59000000	551	8250
chr3	59000000	60000000	552	13266
chr3	60000000	61000000	553	17931
chr3	61000000	62000000	554	10787
chr3	62000000	63000000	555	11025
chr3	63000000	64000000	556	12091
chr3	64000000	65000000	557	11321
chr3	65000000	66000000	558	15670
chr3	66000000	67000000	559	12920
chr3	67000000	68000000	560	15926
chr3	68000000	69000000	561	31079
chr3	69000000	70000000	562	8759
chr3	70000000	71000000	563	16280
chr3	71000000	72000000	564	11063
chr3	72000000	73000000	565	9877
chr3	73000000	74000000	566	14863
chr3	74000000	75000000	567	23731
chr3	75000000	76000000	568	19991
chr3	76000000	77000000	569	25282
chr3	77000000	78000000	570	22205
chr3	78000000	79000000	571	24078
chr3	79000000	80000000	572	24233
chr3	80000000	81000000	573	30908
chr3	81000000	82000000	574	20838
chr3	82000000	83000000	575	26059
chr3	83000000	84000000	576	27868
chr3	84000000	85000000	577	30011
chr3	85000000	86000000	578	28506
chr3	86000000	87000000	579	34327
chr3	87000000	88000000	580	22628
chr3	88000000	89000000	581	24061
chr3	89000000	90000000	582	25009
chr3	90000000	91000000	583	12014
chr3	93000000	94000000	586	7404
chr3	94000000	95000000	587	29219
chr3	95000000	96000000	588	32825
chr3	96000000	97000000	589	35546
chr3	97000000	98000000	590	23081
chr3	98000000	99000000	591	17776
chr3	99000000	100000000	592	15849
chr3	100000000	101000000	593	10935
chr3	101000000	102000000	594	9570
chr3	102000000	103000000	595	27091
chr3	103000000	104000000	596	33360
chr3	104000000	105000000	597	20813
chr3	105000000	106000000	598	12555
chr3	106000000	107000000	599	21146
chr3	107000000	108000000	600	10734
chr3	108000000	109000000	601	19503
chr3	109000000	110000000	602	22777
chr3	110000000	111000000	603	17182
chr3	111000000	112000000	604	14521
chr3	112000000	113000000	605	11136
chr3	113000000	114000000	606	8503
chr3	114000000	115000000	607	9966
chr3	115000000	116000000	608	16176
chr3	116000000	117000000	609	22976
chr3	117000000	118000000	610	28305
chr3	118000000	119000000	611	23713
chr3	119000000	120000000	612	8036
chr3	120000000	121000000	613	17263
chr3	121000000	122000000	614	15305
chr3	122000000	123000000	615	8237
chr3	123000000	124000000	616	10032
chr3	124000000	125000000	617	8825
chr3	125000000	126000000	618	9165
chr3	126000000	127000000	619	11091
chr3	127000000	128000000	620	10389
chr3	128000000	129000000	621	8068
chr3	129000000	130000000	622	8113
chr3	130000000	131000000	623	12096
chr3	131000000	132000000	624	18191
chr3	132000000	133000000	625	12254
chr3	133000000	134000000	626	10715
chr3	134000000	135000000	627	12742
chr3	135000000	136000000	628	16407
chr3	136000000	137000000	629	10929
chr3	137000000	138000000	630	18496
chr3	138000000	139000000	631	10777
chr3	139000000	140000000	632	18630
chr3	140000000	141000000	633	16523
chr3	141000000	142000000	634	8072
chr3	142000000	143000000	635	9638
chr3	143000000	144000000	636	15880
chr3	144000000	145000000	637	29536
chr3	145000000	146000000	638	23700
chr3	146000000	147000000	639	22314
chr3	147000000	148000000	640	26347
chr3	148000000	149000000	641	15520
chr3	149000000	150000000	642	8628
chr3	150000000	151000000	643	10564
chr3	151000000	152000000	644	12361
chr3	152000000	153000000	645	12424
chr3	153000000	154000000	646	14416
chr3	154000000	155000000	647	20337
chr3	155000000	156000000	648	12978
chr3	156000000	157000000	649	10872
chr3	157000000	158000000	650	15959
chr3	158000000	159000000	651	16565
chr3	159000000	160000000	652	18525
chr3	160000000	161000000	653	10301
chr3	161000000	162000000	654	30073
chr3	162000000	163000000	655	34330
chr3	163000000	164000000	656	35569
chr3	164000000	165000000	657	26987
chr3	165000000	166000000	658	27935
chr3	166000000	167000000	659	34436
chr3	167000000	168000000	660	16524
chr3	168000000	169000000	661	23350
chr3	169000000	170000000	662	16023
chr3	170000000	171000000	663	10560
chr3	171000000	172000000	664	9856
chr3	172000000	173000000	665	15627
chr3	173000000	174000000	666	16663
chr3	174000000	175000000	667	14757
chr3	175000000	176000000	668	19635
chr3	176000000	177000000	669	17006
chr3	177000000	178000000	670	10920
chr3	178000000	179000000	671	16483
chr3	179000000	180000000	672	16366
chr3	180000000	181000000	673	22583
chr3	181000000	182000000	674	15893
chr3	182000000	183000000	675	9810
chr3	183000000	184000000	676	8200
chr3	184000000	185000000	677	9130
chr3	185000000	186000000	678	8704
chr3	186000000	187000000	679	10064
chr3	187000000	188000000	680	13692
chr3	188000000	189000000	681	10434
chr3	189000000	190000000	682	19674
chr3	190000000	191000000	683	16723
chr3	191000000	192000000	684	27291
chr3	192000000	193000000	685	20864
chr3	193000000	194000000	686	12032
chr3	194000000	195000000	687	9032
chr3	195000000	196000000	688	10514
chr3	196000000	197000000	689	7591
chr3	197000000	198000000	690	8524
chr4	0	1000000	691	9702
chr4	1000000	2000000	692	7594
chr4	2000000	3000000	693	6577
chr4	3000000	4000000	694	9975
chr4	4000000	5000000	695	10660
chr4	5000000	6000000	696	14408
chr4	6000000	7000000	697	11213
chr4	7000000	8000000	698	11173
chr4	8000000	9000000	699	13763
chr4	9000000	10000000	700	13716
chr4	10000000	11000000	701	13212
chr4	11000000	12000000	702	19523
chr4	12000000	13000000	703	24627
chr4	13000000	14000000	704	11873
chr4	14000000	15000000	705	13076
chr4	15000000	16000000	706	9431
chr4	16000000	17000000	707	16668
chr4	17000000	18000000	708	16355
chr4	18000000	19000000	709	23466
chr4	19000000	20000000	710	30039
chr4	20000000	21000000	711	23262
chr4	21000000	22000000	712	29564
chr4	22000000	23000000	713	18406
chr4	23000000	24000000	714	15823
chr4	24000000	25000000	715	11833
chr4	25000000	26000000	716	9216
chr4	26000000	27000000	717	9693
chr4	27000000	28000000	718	23545
chr4	28000000	29000000	719	29799
chr4	29000000	30000000	720	29775
chr4	30000000	31000000	721	21880
chr4	31000000	32000000	722	20221
chr4	32000000	33000000	723	26898
chr4	33000000	34000000	724	31762
chr4	34000000	35000000	725	29952
chr4	35000000	36000000	726	29096
chr4	36000000	37000000	727	19213
chr4	37000000	38000000	728	13593
chr4	38000000	39000000	729	9013
chr4	39000000	40000000	730	6966
chr4	40000000	41000000	731	10536
chr4	41000000	42000000	732	12535
chr4	42000000	43000000	733	19179
chr4	43000000	44000000	734	33641
chr4	44000000	45000000	735	31121
chr4	45000000	46000000	736	35627
chr4	46000000	47000000	737	30465
chr4	47000000	48000000	738	15556
chr4	48000000	49000000	739	8561
chr4	49000000	50000000	740	18598
chr4	52000000	53000000	743	3953
chr4	53000000	54000000	744	13019
chr4	54000000	55000000	745	9829
chr4	55000000	56000000	746	12853
chr4	56000000	57000000	747	10397
chr4	57000000	58000000	748	9147
chr4	58000000	59000000	749	29063
chr4	59000000	60000000	750	29619
chr4	60000000	61000000	751	26769
chr4	61000000	62000000	752	30506
chr4	62000000	63000000	753	20796
chr4	63000000	64000000	754	26616
chr4	64000000	65000000	755	29668
chr4	65000000	66000000	756	29443
chr4	66000000	67000000	757	24442
chr4	67000000	68000000	758	30000
chr4	68000000	69000000	759	15312
chr4	69000000	70000000	760	15592
chr4	70000000	71000000	761	17366
chr4	71000000	72000000	762	10998
chr4	72000000	73000000	763	13188
chr4	73000000	74000000	764	16607
chr4	74000000	75000000	765	11723
chr4	75000000	76000000	766	15432
chr4	76000000	77000000	767	12593
chr4	77000000	78000000	768	8253
chr4	78000000	79000000	769	11316
chr4	79000000	80000000	770	10130
chr4	80000000	81000000	771	17867
chr4	81000000	82000000	772	22621
chr4	82000000	83000000	773	12566
chr4	83000000	84000000	774	9356
chr4	84000000	85000000	775	12488
chr4	85000000	86000000	776	14325
chr4	86000000	87000000	777	11262
chr4	87000000	88000000	778	10714
chr4	88000000	89000000	779	8962
chr4	89000000	90000000	780	7751
chr4	90000000	91000000	781	11252
chr4	91000000	92000000	782	19114
chr4	92000000	93000000	783	27440
chr4	93000000	94000000	784	27708
chr4	94000000	95000000	785	23973
chr4	95000000	96000000	786	10711
chr4	96000000	97000000	787	18055
chr4	97000000	98000000	788	24246
chr4	98000000	99000000	789	24565
chr4	99000000	100000000	790	9624
chr4	100000000	101000000	791	12624
chr4	101000000	102000000	792	18226
chr4	102000000	103000000	793	12533
chr4	103000000	104000000	794	8766
chr4	104000000	105000000	795	20016
chr4	105000000	106000000	796	22756
chr4	106000000	107000000	797	9212
chr4	107000000	108000000	798	20847
chr4	108000000	109000000	799	14676
chr4	109000000	110000000	800	10703
chr4	110000000	111000000	801	9968
chr4	111000000	112000000	802	19713
chr4	112000000	113000000	803	22096
chr4	113000000	114000000	804	9587
chr4	114000000	115000000	805	9717
chr4	115000000	116000000	806	16936
chr4	116000000	117000000	807	27463
chr4	117000000	118000000	808	32354
chr4	118000000	119000000	809	26446
chr4	119000000	120000000	810	10296
chr4	120000000	121000000	811	12343
chr4	121000000	122000000	812	17897
chr4	122000000	123000000	813	16121
chr4	123000000	124000000	814	11977
chr4	124000000	125000000	815	9589
chr4	125000000	126000000	816	12868
chr4	126000000	127000000	817	24533
chr4	127000000	128000000	818	28184
chr4	128000000	129000000	819	15594
chr4	129000000	130000000	820	7956
chr4	130000000	131000000	821	21905
chr4	131000000	132000000	822	33814
chr4	132000000	133000000	823	25663
chr4	133000000	134000000	824	30878
chr4	134000000	135000000	825	31401
chr4	135000000	136000000	826	34046
chr4	136000000	137000000	827	38579
chr4	137000000	138000000	828	35875
chr4	138000000	139000000	829	28265
chr4	139000000	140000000	830	14645
chr4	140000000	141000000	831	7235
chr4	141000000	142000000	832	9945
chr4	142000000	143000000	833	13239
chr4	143000000	144000000	834	12204
chr4	144000000	145000000	835	15399
chr4	145000000	146000000	836	19920
chr4	146000000	147000000	837	12438
chr4	147000000	148000000	838	15875
chr4	148000000	149000000	839	14098
chr4	149000000	150000000	840	14234
chr4	150000000	151000000	841	15463
chr4	151000000	152000000	842	8935
chr4	152000000	153000000	843	10179
chr4	153000000	154000000	844	8523
chr4	154000000	155000000	845	11047
chr4	155000000	156000000	846	17140
chr4	156000000	157000000	847	18967
chr4	157000000	158000000	848	21116
chr4	158000000	159000000	849	19132
chr4	159000000	160000000	850	13153
chr4	160000000	161000000	851	20043
chr4	161000000	162000000	852	28520
chr4	162000000	163000000	853	28915
chr4	163000000	164000000	854	28087
chr4	164000000	165000000	855	26026
chr4	165000000	166000000	856	26711
chr4	166000000	167000000	857	21447
chr4	167000000	168000000	858	29605
chr4	168000000	169000000	859	28699
chr4	169000000	170000000	860	10698
chr4	170000000	171000000	861	7965
chr4	171000000	172000000	862	24385
chr4	172000000	173000000	863	23101
chr4	173000000	174000000	864	18844
chr4	174000000	175000000	865	18558
chr4	175000000	176000000	866	17645
chr4	176000000	177000000	867	24371
chr4	177000000	178000000	868	23658
chr4	178000000	179000000	869	20780
chr4	179000000	180000000	870	27953
chr4	180000000	181000000	871	29379
chr4	181000000	182000000	872	26078
chr4	182000000	183000000	873	26569
chr4	183000000	184000000	874	18617
chr4	184000000	185000000	875	8854
chr4	185000000	186000000	876	9287
chr4	186000000	187000000	877	7997
chr4	187000000	188000000	878	13742
chr4	188000000	189000000	879	25443
chr4	189000000	190000000	880	26453
chr4	190000000	191000000	881	24427
chr5	0	1000000	882	10805
chr5	1000000	2000000	883	14724
chr5	2000000	3000000	884	34041
chr5	3000000	4000000	885	32863
chr5	4000000	5000000	886	34054
chr5	5000000	6000000	887	26979
chr5	6000000	7000000	888	22102
chr5	7000000	8000000	889	18807
chr5	8000000	9000000	890	25381
chr5	9000000	10000000	891	21987
chr5	10000000	11000000	892	15628
chr5	11000000	12000000	893	31068
chr5	12000000	13000000	894	40688
chr5	13000000	14000000	895	32588
chr5	14000000	15000000	896	11041
chr5	15000000	16000000	897	21356
chr5	16000000	17000000	898	18966
chr5	17000000	18000000	899	17771
chr5	18000000	19000000	900	29013
chr5	19000000	20000000	901	35656
chr5	20000000	21000000	902	33650
chr5	21000000	22000000	903	24336
chr5	22000000	23000000	904	32379
chr5	23000000	24000000	905	39684
chr5	24000000	25000000	906	40548
chr5	25000000	26000000	907	40946
chr5	26000000	27000000	908	43222
chr5	27000000	28000000	909	41330
chr5	28000000	29000000	910	41232
chr5	29000000	30000000	911	38111
chr5	30000000	31000000	912	38279
chr5	31000000	32000000	913	15536
chr5	32000000	33000000	914	13768
chr5	33000000	34000000	915	20494
chr5	34000000	35000000	916	9999
chr5	35000000	36000000	917	19716
chr5	36000000	37000000	918	13339
chr5	37000000	38000000	919	10575
chr5	38000000	39000000	920	20768
chr5	39000000	40000000	921	15864
chr5	40000000	41000000	922	18695
chr5	41000000	42000000	923	22649
chr5	42000000	43000000	924	23868
chr5	43000000	44000000	925	11289
chr5	44000000	45000000	926	24199
chr5	45000000	46000000	927	33583
chr5	46000000	47000000	928	17398
chr5	49000000	50000000	931	15296
chr5	50000000	51000000	932	22554
chr5	51000000	52000000	933	24254
chr5	52000000	53000000	934	11010
chr5	53000000	54000000	935	10230
chr5	54000000	55000000	936	9596
chr5	55000000	56000000	937	9187
chr5	56000000	57000000	938	8818
chr5	57000000	58000000	939	12509
chr5	58000000	59000000	940	9288
chr5	59000000	60000000	941	9954
chr5	60000000	61000000	942	9096
chr5	61000000	62000000	943	12574
chr5	62000000	63000000	944	28095
chr5	63000000	64000000	945	23575
chr5	64000000	65000000	946	11723
chr5	65000000	66000000	947	10423
chr5	66000000	67000000	948	9909
chr5	67000000	68000000	949	9978
chr5	68000000	69000000	950	7756
chr5	69000000	70000000	951	715
chr5	70000000	71000000	952	3641
chr5	71000000	72000000	953	10055
chr5	72000000	73000000	954	8999
chr5	73000000	74000000	955	9834
chr5	74000000	75000000	956	8654
chr5	75000000	76000000	957	11893
chr5	76000000	77000000	958	10391
chr5	77000000	78000000	959	8029
chr5	78000000	79000000	960	8490
chr5	79000000	80000000	961	8942
chr5	80000000	81000000	962	8637
chr5	81000000	82000000	963	10642
chr5	82000000	83000000	964	11331
chr5	83000000	84000000	965	21872
chr5	84000000	85000000	966	29000
chr5	85000000	86000000	967	26159
chr5	86000000	87000000	968	19008
chr5	87000000	88000000	969	19564
chr5	88000000	89000000	970	16733
chr5	89000000	90000000	971	14552
chr5	90000000	91000000	972	11783
chr5	91000000	92000000	973	21481
chr5	92000000	93000000	974	14651
chr5	93000000	94000000	975	10303
chr5	94000000	95000000	976	16620
chr5	95000000	96000000	977	9700
chr5	96000000	97000000	978	12257
chr5	97000000	98000000	979	18169
chr5	98000000	99000000	980	14878
chr5	99000000	100000000	981	21438
chr5	100000000	101000000	982	26596
chr5	101000000	102000000	983	22453
chr5	102000000	103000000	984	11179
chr5	103000000	104000000	985	23526
chr5	104000000	105000000	986	28389
chr5	105000000	106000000	987	26425
chr5	106000000	107000000	988	15929
chr5	107000000	108000000	989	11830
chr5	108000000	109000000	990	10718
chr5	109000000	110000000	991	17261
chr5	110000000	111000000	992	19524
chr5	111000000	112000000	993	16974
chr5	112000000	113000000	994	8955
chr5	113000000	114000000	995	24332
chr5	114000000	115000000	996	17020
chr5	115000000	116000000	997	10153
chr5	116000000	117000000	998	17156
chr5	117000000	118000000	999	20519
chr5	118000000	119000000	1000	9734
chr5	119000000	120000000	1001	26083
chr5	120000000	121000000	1002	20932
chr5	121000000	122000000	1003	18285
chr5	122000000	123000000	1004	12314
chr5	123000000	124000000	1005	11369
chr5	124000000	125000000	1006	9985
chr5	125000000	126000000	1007	10087
chr5	126000000	127000000	1008	9724
chr5	127000000	128000000	1009	12168
chr5	128000000	129000000	1010	21959
chr5	129000000	130000000	1011	17699
chr5	130000000	131000000	1012	13165
chr5	131000000	132000000	1013	8303
chr5	132000000	133000000	1014	8550
chr5	133000000	134000000	1015	8093
chr5	134000000	135000000	1016	9785
chr5	135000000	136000000	1017	15781
chr5	136000000	137000000	1018	17667
chr5	137000000	138000000	1019	6986
chr5	138000000	139000000	1020	6290
chr5	139000000	140000000	1021	7242
chr5	140000000	141000000	1022	10391
chr5	141000000	142000000	1023	8662
chr5	142000000	143000000	1024	8323
chr5	143000000	144000000	1025	18810
chr5	144000000	145000000	1026	22503
chr5	145000000	146000000	1027	10437
chr5	146000000	147000000	1028	12159
chr5	147000000	148000000	1029	13843
chr5	148000000	149000000	1030	9124
chr5	149000000	150000000	1031	7311
chr5	150000000	151000000	1032	8911
chr5	151000000	152000000	1033	18100
chr5	152000000	153000000	1034	28951
chr5	153000000	154000000	1035	15115
chr5	154000000	155000000	1036	17504
chr5	155000000	156000000	1037	17808
chr5	156000000	157000000	1038	13371
chr5	157000000	158000000	1039	12751
chr5	158000000	159000000	1040	14121
chr5	159000000	160000000	1041	12289
chr5	160000000	161000000	1042	20184
chr5	161000000	162000000	1043	27172
chr5	162000000	163000000	1044	21377
chr5	163000000	164000000	1045	22092
chr5	164000000	165000000	1046	27528
chr5	165000000	166000000	1047	27494
chr5	166000000	167000000	1048	28679
chr5	167000000	168000000	1049	17161
chr5	168000000	169000000	1050	20397
chr5	169000000	170000000	1051	15678
chr5	170000000	171000000	1052	12944
chr5	171000000	172000000	1053	9703
chr5	172000000	173000000	1054	10374
chr5	173000000	174000000	1055	11583
chr5	174000000	175000000	1056	15317
chr5	175000000	176000000	1057	9450
chr5	176000000	177000000	1058	7831
chr5	177000000	178000000	1059	9456
chr5	178000000	179000000	1060	14952
chr5	179000000	180000000	1061	8168
chr6	0	1000000	1062	11196
chr6	1000000	2000000	1063	10820
chr6	2000000	3000000	1064	9726
chr6	3000000	4000000	1065	8984
chr6	4000000	5000000	1066	10450
chr6	5000000	6000000	1067	10222
chr6	6000000	7000000	1068	15406
chr6	7000000	8000000	1069	10704
chr6	8000000	9000000	1070	13450
chr6	9000000	10000000	1071	16265
chr6	10000000	11000000	1072	10734
chr6	11000000	12000000	1073	10303
chr6	12000000	13000000	1074	15532
chr6	13000000	14000000	1075	9389
chr6	14000000	15000000	1076	12202
chr6	15000000	16000000	1077	10345
chr6	16000000	17000000	1078	10109
chr6	17000000	18000000	1079	10976
chr6	18000000	19000000	1080	12852
chr6	19000000	20000000	1081	16945
chr6	20000000	21000000	1082	9849
chr6	21000000	22000000	1083	11929
chr6	22000000	23000000	1084	18110
chr6	23000000	24000000	1085	20585
chr6	24000000	25000000	1086	11678
chr6	25000000	26000000	1087	10784
chr6	26000000	27000000	1088	8641
chr6	27000000	28000000	1089	14751
chr6	28000000	29000000	1090	14259
chr6	29000000	30000000	1091	14423
chr6	30000000	31000000	1092	7353
chr6	31000000	32000000	1093	7387
chr6	32000000	33000000	1094	13123
chr6	33000000	34000000	1095	9334
chr6	34000000	35000000	1096	7898
chr6	35000000	36000000	1097	8279
chr6	36000000	37000000	1098	8416
chr6	37000000	38000000	1099	9697
chr6	38000000	39000000	1100	10303
chr6	39000000	40000000	1101	13473
chr6	40000000	41000000	1102	18042
chr6	41000000	42000000	1103	9410
chr6	42000000	43000000	1104	8883
chr6	43000000	44000000	1105	7811
chr6	44000000	45000000	1106	10240
chr6	45000000	46000000	1107	11553
chr6	46000000	47000000	1108	12091
chr6	47000000	48000000	1109	12074
chr6	48000000	49000000	1110	23369
chr6	49000000	50000000	1111	25094
chr6	50000000	51000000	1112	23627
chr6	51000000	52000000	1113	13785
chr6	52000000	53000000	1114	8900
chr6	53000000	54000000	1115	10563
chr6	54000000	55000000	1116	24526
chr6	55000000	56000000	1117	27250
chr6	56000000	57000000	1118	11276
chr6	57000000	58000000	1119	32629
chr6	58000000	59000000	1120	18434
chr6	61000000	62000000	1123	5461
chr6	62000000	63000000	1124	36607
chr6	63000000	64000000	1125	32062
chr6	64000000	65000000	1126	15464
chr6	65000000	66000000	1127	27226
chr6	66000000	67000000	1128	28762
chr6	67000000	68000000	1129	28385
chr6	68000000	69000000	1130	27506
chr6	69000000	70000000	1131	26526
chr6	70000000	71000000	1132	19824
chr6	71000000	72000000	1133	13710
chr6	72000000	73000000	1134	25472
chr6	73000000	74000000	1135	18330
chr6	74000000	75000000	1136	13960
chr6	75000000	76000000	1137	19150
chr6	76000000	77000000	1138	13636
chr6	77000000	78000000	1139	24313
chr6	78000000	79000000	1140	27402
chr6	79000000	80000000	1141	19318
chr6	80000000	81000000	1142	10706
chr6	81000000	82000000	1143	17368
chr6	82000000	83000000	1144	11928
chr6	83000000	84000000	1145	15818
chr6	84000000	85000000	1146	17830
chr6	85000000	86000000	1147	27639
chr6	86000000	87000000	1148	17555
chr6	87000000	88000000	1149	22217
chr6	88000000	89000000	1150	13275
chr6	89000000	90000000	1151	11428
chr6	90000000	91000000	1152	8482
chr6	91000000	92000000	1153	19165
chr6	92000000	93000000	1154	28235
chr6	93000000	94000000	1155	31822
chr6	94000000	95000000	1156	30760
chr6	95000000	96000000	1157	26442
chr6	96000000	97000000	1158	24340
chr6	97000000	98000000	1159	15675
chr6	98000000	99000000	1160	27971
chr6	99000000	100000000	1161	14852
chr6	100000000	101000000	1162	18886
chr6	101000000	102000000	1163	15923
chr6	102000000	103000000	1164	28716
chr6	103000000	104000000	1165	33934
chr6	104000000	105000000	1166	33180
chr6	105000000	106000000	1167	12582
chr6	106000000	107000000	1168	12024
chr6	107000000	108000000	1169	8744
chr6	108000000	109000000	1170	7115
chr6	109000000	110000000	1171	7294
chr6	110000000	111000000	1172	9227
chr6	111000000	112000000	1173	6569
chr6	112000000	113000000	1174	12536
chr6	113000000	114000000	1175	13944
chr6	114000000	115000000	1176	14828
chr6	115000000	116000000	1177	27644
chr6	116000000	117000000	1178	11400
chr6	117000000	118000000	1179	17920
chr6	118000000	119000000	1180	14146
chr6	119000000	120000000	1181	14542
chr6	120000000	121000000	1182	28635
chr6	121000000	122000000	1183	18699
chr6	122000000	123000000	1184	18227
chr6	123000000	124000000	1185	19307
chr6	124000000	125000000	1186	29234
chr6	125000000	126000000	1187	15301
chr6	126000000	127000000	1188	11552
chr6	127000000	128000000	1189	14957
chr6	128000000	129000000	1190	16306
chr6	129000000	130000000	1191	15883
chr6	130000000	131000000	1192	18560
chr6	131000000	132000000	1193	12876
chr6	132000000	133000000	1194	10010
chr6	133000000	134000000	1195	16568
chr6	134000000	135000000	1196	10793
chr6	135000000	136000000	1197	8466
chr6	136000000	137000000	1198	12443
chr6	137000000	138000000	1199	9937
chr6	138000000	139000000	1200	8081
chr6	139000000	140000000	1201	9165
chr6	140000000	141000000	1202	13213
chr6	141000000	142000000	1203	15168
chr6	142000000	143000000	1204	13420
chr6	143000000	144000000	1205	8470
chr6	144000000	145000000	1206	8648
chr6	145000000	146000000	1207	12718
chr6	146000000	147000000	1208	13239
chr6	147000000	148000000	1209	10748
chr6	148000000	149000000	1210	11068
chr6	149000000	150000000	1211	8276
chr6	150000000	151000000	1212	8931
chr6	151000000	152000000	1213	8604
chr6	152000000	153000000	1214	13213
chr6	153000000	154000000	1215	19060
chr6	154000000	155000000	1216	13150
chr6	155000000	156000000	1217	9875
chr6	156000000	157000000	1218	17561
chr6	157000000	158000000	1219	6556
chr6	158000000	159000000	1220	7068
chr6	159000000	160000000	1221	12189
chr6	160000000	161000000	1222	10290
chr6	161000000	162000000	1223	14760
chr6	162000000	163000000	1224	17674
chr6	163000000	164000000	1225	15219
chr6	164000000	165000000	1226	19691
chr6	165000000	166000000	1227	20358
chr6	166000000	167000000	1228	12660
chr6	167000000	168000000	1229	9840
chr6	168000000	169000000	1230	10750
chr6	169000000	170000000	1231	14381
chr6	170000000	171000000	1232	9791
chr7	0	1000000	1233	11489
chr7	1000000	2000000	1234	11120
chr7	2000000	3000000	1235	8795
chr7	3000000	4000000	1236	17590
chr7	4000000	5000000	1237	16632
chr7	5000000	6000000	1238	8539
chr7	6000000	7000000	1239	8367
chr7	7000000	8000000	1240	10011
chr7	8000000	9000000	1241	20154
chr7	9000000	10000000	1242	29566
chr7	10000000	11000000	1243	25565
chr7	11000000	12000000	1244	16073
chr7	12000000	13000000	1245	15717
chr7	13000000	14000000	1246	21506
chr7	14000000	15000000	1247	21000
chr7	15000000	16000000	1248	19827
chr7	16000000	17000000	1249	11642
chr7	17000000	18000000	1250	9991
chr7	18000000	19000000	1251	22380
chr7	19000000	20000000	1252	23722
chr7	20000000	21000000	1253	17626
chr7	21000000	22000000	1254	18476
chr7	22000000	23000000	1255	14382
chr7	23000000	24000000	1256	13183
chr7	24000000	25000000	1257	18414
chr7	25000000	26000000	1258	14081
chr7	26000000	27000000	1259	12541
chr7	27000000	28000000	1260	9565
chr7	28000000	29000000	1261	12154
chr7	29000000	30000000	1262	9471
chr7	30000000	31000000	1263	8071
chr7	31000000	32000000	1264	20316
chr7	32000000	33000000	1265	18278
chr7	33000000	34000000	1266	11954
chr7	34000000	35000000	1267	28900
chr7	35000000	36000000	1268	16196
chr7	36000000	37000000	1269	12053
chr7	37000000	38000000	1270	21338
chr7	38000000	39000000	1271	15713
chr7	39000000	40000000	1272	16857
chr7	40000000	41000000	1273	16782
chr7	41000000	42000000	1274	29592
chr7	42000000	43000000	1275	21746
chr7	43000000	44000000	1276	14680
chr7	44000000	45000000	1277	8318
chr7	45000000	46000000	1278	13904
chr7	46000000	47000000	1279	14722
chr7	47000000	48000000	1280	11251
chr7	48000000	49000000	1281	18993
chr7	49000000	50000000	1282	34234
chr7	50000000	51000000	1283	15627
chr7	51000000	52000000	1284	21882
chr7	52000000	53000000	1285	38115
chr7	53000000	54000000	1286	44600
chr7	54000000	55000000	1287	33074
chr7	55000000	56000000	1288	13039
chr7	56000000	57000000	1289	27289
chr7	57000000	58000000	1290	37011
chr7	58000000	59000000	1291	2748
chr7	61000000	62000000	1294	23866
chr7	62000000	63000000	1295	38327
chr7	63000000	64000000	1296	27675
chr7	64000000	65000000	1297	13519
chr7	65000000	66000000	1298	8979
chr7	66000000	67000000	1299	10319
chr7	67000000	68000000	1300	26492
chr7	68000000	69000000	1301	30747
chr7	69000000	70000000	1302	16870
chr7	70000000	71000000	1303	26180
chr7	71000000	72000000	1304	24814
chr7	72000000	73000000	1305	6741
chr7	73000000	74000000	1306	9108
chr7	74000000	75000000	1307	2606
chr7	75000000	76000000	1308	8093
chr7	76000000	77000000	1309	7884
chr7	77000000	78000000	1310	10925
chr7	78000000	79000000	1311	19251
chr7	79000000	80000000	1312	19534
chr7	80000000	81000000	1313	14004
chr7	81000000	82000000	1314	21009
chr7	82000000	83000000	1315	26414
chr7	83000000	84000000	1316	20665
chr7	84000000	85000000	1317	22191
chr7	85000000	86000000	1318	31628
chr7	86000000	87000000	1319	24971
chr7	87000000	88000000	1320	14744
chr7	88000000	89000000	1321	23036
chr7	89000000	90000000	1322	19236
chr7	90000000	91000000	1323	14889
chr7	91000000	92000000	1324	13537
chr7	92000000	93000000	1325	10069
chr7	93000000	94000000	1326	21760
chr7	94000000	95000000	1327	13846
chr7	95000000	96000000	1328	10833
chr7	96000000	97000000	1329	15859
chr7	97000000	98000000	1330	17926
chr7	98000000	99000000	1331	12522
chr7	99000000	100000000	1332	7098
chr7	100000000	101000000	1333	7979
chr7	101000000	102000000	1334	10269
chr7	102000000	103000000	1335	6519
chr7	103000000	104000000	1336	16054
chr7	104000000	105000000	1337	11149
chr7	105000000	106000000	1338	8404
chr7	106000000	107000000	1339	11287
chr7	107000000	108000000	1340	8918
chr7	108000000	109000000	1341	21129
chr7	109000000	110000000	1342	25168
chr7	110000000	111000000	1343	18934
chr7	111000000	112000000	1344	11502
chr7	112000000	113000000	1345	15856
chr7	113000000	114000000	1346	26717
chr7	114000000	115000000	1347	17984
chr7	115000000	116000000	1348	21624
chr7	116000000	117000000	1349	9581
chr7	117000000	118000000	1350	15459
chr7	118000000	119000000	1351	31489
chr7	119000000	120000000	1352	37315
chr7	120000000	121000000	1353	21335
chr7	121000000	122000000	1354	13262
chr7	122000000	123000000	1355	16541
chr7	123000000	124000000	1356	16724
chr7	124000000	125000000	1357	20173
chr7	125000000	126000000	1358	32219
chr7	126000000	127000000	1359	29311
chr7	127000000	128000000	1360	9533
chr7	128000000	129000000	1361	7815
chr7	129000000	130000000	1362	8503
chr7	130000000	131000000	1363	8371
chr7	131000000	132000000	1364	17717
chr7	132000000	133000000	1365	13683
chr7	133000000	134000000	1366	10054
chr7	134000000	135000000	1367	10205
chr7	135000000	136000000	1368	15064
chr7	136000000	137000000	1369	30012
chr7	137000000	138000000	1370	19112
chr7	138000000	139000000	1371	11824
chr7	139000000	140000000	1372	9197
chr7	140000000	141000000	1373	9692
chr7	141000000	142000000	1374	18996
chr7	142000000	143000000	1375	19152
chr7	143000000	144000000	1376	10609
chr7	144000000	145000000	1377	20672
chr7	145000000	146000000	1378	42153
chr7	146000000	147000000	1379	38851
chr7	147000000	148000000	1380	33287
chr7	148000000	149000000	1381	11190
chr7	149000000	150000000	1382	10934
chr7	150000000	151000000	1383	13298
chr7	151000000	152000000	1384	9588
chr7	152000000	153000000	1385	18109
chr7	153000000	154000000	1386	28938
chr7	154000000	155000000	1387	19019
chr7	155000000	156000000	1388	14914
chr7	156000000	157000000	1389	12285
chr7	157000000	158000000	1390	19659
chr7	158000000	159000000	1391	16013
chr8	0	1000000	1547	11478
chr8	1000000	2000000	1548	17048
chr8	2000000	3000000	1549	28937
chr8	3000000	4000000	1550	30209
chr8	4000000	5000000	1551	29950
chr8	5000000	6000000	1552	35239
chr8	6000000	7000000	1553	14416
chr8	7000000	8000000	1554	5151
chr8	8000000	9000000	1555	7914
chr8	9000000	10000000	1556	10358
chr8	10000000	11000000	1557	10761
chr8	11000000	12000000	1558	8930
chr8	12000000	13000000	1559	9517
chr8	13000000	14000000	1560	23014
chr8	14000000	15000000	1561	36344
chr8	15000000	16000000	1562	28603
chr8	16000000	17000000	1563	19714
chr8	17000000	18000000	1564	8275
chr8	18000000	19000000	1565	10371
chr8	19000000	20000000	1566	9339
chr8	20000000	21000000	1567	19629
chr8	21000000	22000000	1568	14486
chr8	22000000	23000000	1569	6466
chr8	23000000	24000000	1570	12740
chr8	24000000	25000000	1571	19821
chr8	25000000	26000000	1572	15078
chr8	26000000	27000000	1573	11972
chr8	27000000	28000000	1574	8313
chr8	28000000	29000000	1575	6322
chr8	29000000	30000000	1576	8370
chr8	30000000	31000000	1577	7901
chr8	31000000	32000000	1578	23184
chr8	32000000	33000000	1579	22572
chr8	33000000	34000000	1580	20684
chr8	34000000	35000000	1581	30994
chr8	35000000	36000000	1582	28854
chr8	36000000	37000000	1583	20958
chr8	37000000	38000000	1584	9407
chr8	38000000	39000000	1585	7823
chr8	39000000	40000000	1586	20834
chr8	40000000	41000000	1587	25261
chr8	41000000	42000000	1588	12239
chr8	42000000	43000000	1589	7696
chr8	43000000	44000000	1590	21582
chr8	46000000	47000000	1593	5034
chr8	47000000	48000000	1594	32033
chr8	48000000	49000000	1595	9289
chr8	49000000	50000000	1596	15959
chr8	50000000	51000000	1597	33875
chr8	51000000	52000000	1598	31986
chr8	52000000	53000000	1599	23500
chr8	53000000	54000000	1600	20650
chr8	54000000	55000000	1601	19753
chr8	55000000	56000000	1602	30777
chr8	56000000	57000000	1603	21285
chr8	57000000	58000000	1604	23705
chr8	58000000	59000000	1605	22108
chr8	59000000	60000000	1606	14501
chr8	60000000	61000000	1607	23364
chr8	61000000	62000000	1608	11705
chr8	62000000	63000000	1609	16076
chr8	63000000	64000000	1610	18190
chr8	64000000	65000000	1611	31035
chr8	65000000	66000000	1612	30856
chr8	66000000	67000000	1613	20205
chr8	67000000	68000000	1614	11402
chr8	68000000	69000000	1615	21113
chr8	69000000	70000000	1616	34050
chr8	70000000	71000000	1617	19781
chr8	71000000	72000000	1618	14184
chr8	72000000	73000000	1619	21179
chr8	73000000	74000000	1620	27950
chr8	74000000	75000000	1621	11898
chr8	75000000	76000000	1622	16659
chr8	76000000	77000000	1623	26478
chr8	77000000	78000000	1624	27198
chr8	78000000	79000000	1625	35686
chr8	79000000	80000000	1626	25928
chr8	80000000	81000000	1627	18337
chr8	81000000	82000000	1628	9446
chr8	82000000	83000000	1629	14612
chr8	83000000	84000000	1630	35672
chr8	84000000	85000000	1631	37577
chr8	85000000	86000000	1632	25909
chr8	86000000	87000000	1633	10842
chr8	87000000	88000000	1634	19897
chr8	88000000	89000000	1635	35011
chr8	89000000	90000000	1636	34645
chr8	90000000	91000000	1637	20296
chr8	91000000	92000000	1638	19123
chr8	92000000	93000000	1639	24612
chr8	93000000	94000000	1640	28485
chr8	94000000	95000000	1641	19772
chr8	95000000	96000000	1642	9553
chr8	96000000	97000000	1643	22000
chr8	97000000	98000000	1644	15410
chr8	98000000	99000000	1645	11523
chr8	99000000	100000000	1646	9194
chr8	100000000	101000000	1647	10423
chr8	101000000	102000000	1648	10038
chr8	102000000	103000000	1649	12083
chr8	103000000	104000000	1650	10503
chr8	104000000	105000000	1651	17399
chr8	105000000	106000000	1652	26998
chr8	106000000	107000000	1653	32104
chr8	107000000	108000000	1654	20165
chr8	108000000	109000000	1655	34599
chr8	109000000	110000000	1656	19294
chr8	110000000	111000000	1657	21361
chr8	111000000	112000000	1658	38320
chr8	112000000	113000000	1659	36194
chr8	113000000	114000000	1660	34306
chr8	114000000	115000000	1661	42193
chr8	115000000	116000000	1662	39649
chr8	116000000	117000000	1663	21995
chr8	117000000	118000000	1664	18149
chr8	118000000	119000000	1665	21260
chr8	119000000	120000000	1666	19115
chr8	120000000	121000000	1667	13136
chr8	121000000	122000000	1668	11955
chr8	122000000	123000000	1669	15644
chr8	123000000	124000000	1670	14574
chr8	124000000	125000000	1671	9030
chr8	125000000	126000000	1672	11235
chr8	126000000	127000000	1673	11447
chr8	127000000	128000000	1674	16500
chr8	128000000	129000000	1675	13578
chr8	129000000	130000000	1676	14129
chr8	130000000	131000000	1677	15889
chr8	131000000	132000000	1678	17260
chr8	132000000	133000000	1679	34368
chr8	133000000	134000000	1680	21053
chr8	134000000	135000000	1681	13478
chr8	135000000	136000000	1682	18457
chr8	136000000	137000000	1683	24361
chr8	137000000	138000000	1684	33816
chr8	138000000	139000000	1685	40901
chr8	139000000	140000000	1686	27242
chr8	140000000	141000000	1687	24431
chr8	141000000	142000000	1688	9059
chr8	142000000	143000000	1689	13659
chr8	143000000	144000000	1690	15713
chr8	144000000	145000000	1691	10246
chr8	145000000	146000000	1692	5316
chr9	0	1000000	1693	8777
chr9	1000000	2000000	1694	21948
chr9	2000000	3000000	1695	9812
chr9	3000000	4000000	1696	11715
chr9	4000000	5000000	1697	8579
chr9	5000000	6000000	1698	7196
chr9	6000000	7000000	1699	8618
chr9	7000000	8000000	1700	15673
chr9	8000000	9000000	1701	22433
chr9	9000000	10000000	1702	25115
chr9	10000000	11000000	1703	22981
chr9	11000000	12000000	1704	24297
chr9	12000000	13000000	1705	17083
chr9	13000000	14000000	1706	13475
chr9	14000000	15000000	1707	11445
chr9	15000000	16000000	1708	9070
chr9	16000000	17000000	1709	12808
chr9	17000000	18000000	1710	14933
chr9	18000000	19000000	1711	13732
chr9	19000000	20000000	1712	10460
chr9	20000000	21000000	1713	10742
chr9	21000000	22000000	1714	9878
chr9	22000000	23000000	1715	17903
chr9	23000000	24000000	1716	27184
chr9	24000000	25000000	1717	32611
chr9	25000000	26000000	1718	26415
chr9	26000000	27000000	1719	19970
chr9	27000000	28000000	1720	11830
chr9	28000000	29000000	1721	21938
chr9	29000000	30000000	1722	25281
chr9	30000000	31000000	1723	25131
chr9	31000000	32000000	1724	18325
chr9	32000000	33000000	1725	13865
chr9	33000000	34000000	1726	7276
chr9	34000000	35000000	1727	7045
chr9	35000000	36000000	1728	6572
chr9	36000000	37000000	1729	8760
chr9	37000000	38000000	1730	9043
chr9	38000000	39000000	1731	11873
chr9	39000000	40000000	1732	3681
chr9	40000000	41000000	1733	3725
chr9	41000000	42000000	1734	1815
chr9	42000000	43000000	1735	2674
chr9	43000000	44000000	1736	6023
chr9	44000000	45000000	1737	8780
chr9	45000000	46000000	1738	4153
chr9	46000000	47000000	1739	2781
chr9	47000000	48000000	1740	1278
chr9	65000000	66000000	1758	1115
chr9	66000000	67000000	1759	12290
chr9	67000000	68000000	1760	4928
chr9	68000000	69000000	1761	17625
chr9	69000000	70000000	1762	10485
chr9	70000000	71000000	1763	3419
chr9	71000000	72000000	1764	10058
chr9	72000000	73000000	1765	9715
chr9	73000000	74000000	1766	11932
chr9	74000000	75000000	1767	11615
chr9	75000000	76000000	1768	11914
chr9	76000000	77000000	1769	23119
chr9	77000000	78000000	1770	17127
chr9	78000000	79000000	1771	22695
chr9	79000000	80000000	1772	11984
chr9	80000000	81000000	1773	9502
chr9	81000000	82000000	1774	22402
chr9	82000000	83000000	1775	20726
chr9	83000000	84000000	1776	18717
chr9	84000000	85000000	1777	11801
chr9	85000000	86000000	1778	14426
chr9	86000000	87000000	1779	9134
chr9	87000000	88000000	1780	12965
chr9	88000000	89000000	1781	8165
chr9	89000000	90000000	1782	12584
chr9	90000000	91000000	1783	11388
chr9	91000000	92000000	1784	13054
chr9	92000000	93000000	1785	8460
chr9	93000000	94000000	1786	13412
chr9	94000000	95000000	1787	11459
chr9	95000000	96000000	1788	6721
chr9	96000000	97000000	1789	10034
chr9	97000000	98000000	1790	6999
chr9	98000000	99000000	1791	9172
chr9	99000000	100000000	1792	7743
chr9	100000000	101000000	1793	7285
chr9	101000000	102000000	1794	10227
chr9	102000000	103000000	1795	10884
chr9	103000000	104000000	1796	16598
chr9	104000000	105000000	1797	21539
chr9	105000000	106000000	1798	32286
chr9	106000000	107000000	1799	28779
chr9	107000000	108000000	1800	15341
chr9	108000000	109000000	1801	9995
chr9	109000000	110000000	1802	12162
chr9	110000000	111000000	1803	10389
chr9	111000000	112000000	1804	9391
chr9	112000000	113000000	1805	9345
chr9	113000000	114000000	1806	15256
chr9	114000000	115000000	1807	8113
chr9	115000000	116000000	1808	7843
chr9	116000000	117000000	1809	7955
chr9	117000000	118000000	1810	10489
chr9	118000000	119000000	1811	20063
chr9	119000000	120000000	1812	21400
chr9	120000000	121000000	1813	28563
chr9	121000000	122000000	1814	29636
chr9	122000000	123000000	1815	26587
chr9	123000000	124000000	1816	8022
chr9	124000000	125000000	1817	7315
chr9	125000000	126000000	1818	9672
chr9	126000000	127000000	1819	8647
chr9	127000000	128000000	1820	6955
chr9	128000000	129000000	1821	9384
chr9	129000000	130000000	1822	8707
chr9	130000000	131000000	1823	5987
chr9	131000000	132000000	1824	5704
chr9	132000000	133000000	1825	7900
chr9	133000000	134000000	1826	7440
chr9	134000000	135000000	1827	7583
chr9	135000000	136000000	1828	8969
chr9	136000000	137000000	1829	8756
chr9	137000000	138000000	1830	13387
chr9	138000000	139000000	1831	11847
chr9	139000000	140000000	1832	6323
chr9	140000000	141000000	1833	8381
chrX	0	1000000	1392	4786
chrX	1000000	2000000	1393	3273
chrX	2000000	3000000	1394	3395
chrX	3000000	4000000	1395	11895
chrX	4000000	5000000	1396	20030
chrX	5000000	6000000	1397	19442
chrX	6000000	7000000	1398	11471
chrX	7000000	8000000	1399	8454
chrX	8000000	9000000	1400	8708
chrX	9000000	10000000	1401	7479
chrX	10000000	11000000	1402	8151
chrX	11000000	12000000	1403	13059
chrX	12000000	13000000	1404	13706
chrX	13000000	14000000	1405	7438
chrX	14000000	15000000	1406	10143
chrX	15000000	16000000	1407	6447
chrX	16000000	17000000	1408	6946
chrX	17000000	18000000	1409	7788
chrX	18000000	19000000	1410	8255
chrX	19000000	20000000	1411	7429
chrX	20000000	21000000	1412	9823
chrX	21000000	22000000	1413	10195
chrX	22000000	23000000	1414	9630
chrX	23000000	24000000	1415	8238
chrX	24000000	25000000	1416	6178
chrX	25000000	26000000	1417	15999
chrX	26000000	27000000	1418	19059
chrX	27000000	28000000	1419	16627
chrX	28000000	29000000	1420	16937
chrX	29000000	30000000	1421	12738
chrX	30000000	31000000	1422	10800
chrX	31000000	32000000	1423	9513
chrX	32000000	33000000	1424	11304
chrX	33000000	34000000	1425	15125
chrX	34000000	35000000	1426	15870
chrX	35000000	36000000	1427	12861
chrX	36000000	37000000	1428	16807
chrX	37000000	38000000	1429	8689
chrX	38000000	39000000	1430	7925
chrX	39000000	40000000	1431	7770
chrX	40000000	41000000	1432	6786
chrX	41000000	42000000	1433	6795
chrX	42000000	43000000	1434	11911
chrX	43000000	44000000	1435	9638
chrX	44000000	45000000	1436	7033
chrX	45000000	46000000	1437	10217
chrX	46000000	47000000	1438	7484
chrX	47000000	48000000	1439	6508
chrX	48000000	49000000	1440	6014
chrX	49000000	50000000	1441	6347
chrX	50000000	51000000	1442	10289
chrX	51000000	52000000	1443	9984
chrX	52000000	53000000	1444	4162
chrX	53000000	54000000	1445	6642
chrX	54000000	55000000	1446	7301
chrX	55000000	56000000	1447	10051
chrX	56000000	57000000	1448	10437
chrX	57000000	58000000	1449	11964
chrX	58000000	59000000	1450	9658
chrX	61000000	62000000	1453	5870
chrX	62000000	63000000	1454	11065
chrX	63000000	64000000	1455	15336
chrX	64000000	65000000	1456	14609
chrX	65000000	66000000	1457	14917
chrX	66000000	67000000	1458	17358
chrX	67000000	68000000	1459	9048
chrX	68000000	69000000	1460	9522
chrX	69000000	70000000	1461	8831
chrX	70000000	71000000	1462	6069
chrX	71000000	72000000	1463	7493
chrX	72000000	73000000	1464	12144
chrX	73000000	74000000	1465	8100
chrX	74000000	75000000	1466	13698
chrX	75000000	76000000	1467	15872
chrX	76000000	77000000	1468	13703
chrX	77000000	78000000	1469	12954
chrX	78000000	79000000	1470	16288
chrX	79000000	80000000	1471	14128
chrX	80000000	81000000	1472	14734
chrX	81000000	82000000	1473	16416
chrX	82000000	83000000	1474	16059
chrX	83000000	84000000	1475	16424
chrX	84000000	85000000	1476	15776
chrX	85000000	86000000	1477	14203
chrX	86000000	87000000	1478	19759
chrX	87000000	88000000	1479	19954
chrX	88000000	89000000	1480	14043
chrX	89000000	90000000	1481	11964
chrX	90000000	91000000	1482	12681
chrX	91000000	92000000	1483	11436
chrX	92000000	93000000	1484	17260
chrX	93000000	94000000	1485	20739
chrX	94000000	95000000	1486	18806
chrX	95000000	96000000	1487	14370
chrX	96000000	97000000	1488	9301
chrX	97000000	98000000	1489	16325
chrX	98000000	99000000	1490	18968
chrX	99000000	100000000	1491	12513
chrX	100000000	101000000	1492	7084
chrX	101000000	102000000	1493	8120
chrX	102000000	103000000	1494	7463
chrX	103000000	104000000	1495	10387
chrX	104000000	105000000	1496	13838
chrX	105000000	106000000	1497	13698
chrX	106000000	107000000	1498	7710
chrX	107000000	108000000	1499	9204
chrX	108000000	109000000	1500	13481
chrX	109000000	110000000	1501	7697
chrX	110000000	111000000	1502	11394
chrX	111000000	112000000	1503	13880
chrX	112000000	113000000	1504	13211
chrX	113000000	114000000	1505	15014
chrX	114000000	115000000	1506	10494
chrX	115000000	116000000	1507	14453
chrX	116000000	117000000	1508	17757
chrX	117000000	118000000	1509	9552
chrX	118000000	119000000	1510	7399
chrX	119000000	120000000	1511	7627
chrX	120000000	121000000	1512	11553
chrX	121000000	122000000	1513	18414
chrX	122000000	123000000	1514	12730
chrX	123000000	124000000	1515	11351
chrX	124000000	125000000	1516	18379
chrX	125000000	126000000	1517	20232
chrX	126000000	127000000	1518	21870
chrX	127000000	128000000	1519	17444
chrX	128000000	129000000	1520	9167
chrX	129000000	130000000	1521	6865
chrX	130000000	131000000	1522	13124
chrX	131000000	132000000	1523	8113
chrX	132000000	133000000	1524	9442
chrX	133000000	134000000	1525	8541
chrX	134000000	135000000	1526	7234
chrX	135000000	136000000	1527	8120
chrX	136000000	137000000	1528	16526
chrX	137000000	138000000	1529	18842
chrX	138000000	139000000	1530	12724
chrX	139000000	140000000	1531	15314
chrX	140000000	141000000	1532	15549
chrX	141000000	142000000	1533	22716
chrX	142000000	143000000	1534	21813
chrX	143000000	144000000	1535	18868
chrX	144000000	145000000	1536	19009
chrX	145000000	146000000	1537	17000
chrX	146000000	147000000	1538	14228
chrX	147000000	148000000	1539	12731
chrX	148000000	149000000	1540	9233
chrX	149000000	150000000	1541	6971
chrX	150000000	151000000	1542	13091
chrX	151000000	152000000	1543	14674
chrX	152000000	153000000	1544	5347
chrX	153000000	154000000	1545	3966
chrX	154000000	155000000	1546	6282
chrY	0	1000000	2873	458
chrY	1000000	2000000	2874	282
chrY	2000000	3000000	2875	680
chrY	3000000	4000000	2876	3602
chrY	4000000	5000000	2877	3904
chrY	5000000	6000000	2878	4435
chrY	6000000	7000000	2879	2416
chrY	7000000	8000000	2880	2697
chrY	8000000	9000000	2881	2397
chrY	9000000	10000000	2882	4704
chrY	10000000	11000000	2883	1270
chrY	13000000	14000000	2886	11159
chrY	14000000	15000000	2887	3861
chrY	15000000	16000000	2888	2746
chrY	16000000	17000000	2889	3679
chrY	17000000	18000000	2890	5323
chrY	18000000	19000000	2891	4806
chrY	19000000	20000000	2892	3477
chrY	20000000	21000000	2893	396
chrY	21000000	22000000	2894	2370
chrY	22000000	23000000	2895	4718
chrY	23000000	24000000	2896	3238
chrY	24000000	25000000	2897	740
chrY	25000000	26000000	2898	220
chrY	26000000	27000000	2899	221
chrY	27000000	28000000	2900	215
chrY	28000000	29000000	2901	2859
chrY	58000000	59000000	2931	3184
