chr1	0	1000000	1	706
chr1	1000000	2000000	2	1925
chr1	2000000	3000000	3	1009
chr1	3000000	4000000	4	727
chr1	4000000	5000000	5	51
chr1	6000000	7000000	7	1503
chr1	7000000	8000000	8	197
chr1	8000000	9000000	9	476
chr1	9000000	10000000	10	766
chr1	10000000	11000000	11	416
chr1	11000000	12000000	12	1096
chr1	12000000	13000000	13	1193
chr1	13000000	14000000	14	327
chr1	14000000	15000000	15	141
chr1	15000000	16000000	16	586
chr1	16000000	17000000	17	1319
chr1	17000000	18000000	18	565
chr1	18000000	19000000	19	222
chr1	19000000	20000000	20	786
chr1	20000000	21000000	21	654
chr1	21000000	22000000	22	690
chr1	22000000	23000000	23	861
chr1	23000000	24000000	24	712
chr1	24000000	25000000	25	898
chr1	25000000	26000000	26	369
chr1	26000000	27000000	27	1236
chr1	27000000	28000000	28	950
chr1	28000000	29000000	29	795
chr1	29000000	30000000	30	251
chr1	31000000	32000000	32	512
chr1	32000000	33000000	33	997
chr1	33000000	34000000	34	761
chr1	34000000	35000000	35	417
chr1	35000000	36000000	36	530
chr1	36000000	37000000	37	872
chr1	37000000	38000000	38	128
chr1	38000000	39000000	39	674
chr1	39000000	40000000	40	580
chr1	40000000	41000000	41	834
chr1	41000000	42000000	42	462
chr1	42000000	43000000	43	388
chr1	43000000	44000000	44	991
chr1	44000000	45000000	45	819
chr1	45000000	46000000	46	758
chr1	46000000	47000000	47	595
chr1	47000000	48000000	48	1148
chr1	48000000	49000000	49	167
chr1	49000000	50000000	50	112
chr1	50000000	51000000	51	371
chr1	51000000	52000000	52	333
chr1	52000000	53000000	53	438
chr1	53000000	54000000	54	595
chr1	54000000	55000000	55	523
chr1	55000000	56000000	56	499
chr1	57000000	58000000	58	341
chr1	58000000	59000000	59	47
chr1	59000000	60000000	60	180
chr1	60000000	61000000	61	199
chr1	61000000	62000000	62	211
chr1	62000000	63000000	63	382
chr1	63000000	64000000	64	287
chr1	64000000	65000000	65	280
chr1	65000000	66000000	66	205
chr1	66000000	67000000	67	428
chr1	67000000	68000000	68	639
chr1	68000000	69000000	69	218
chr1	70000000	71000000	71	259
chr1	71000000	72000000	72	101
chr1	72000000	73000000	73	139
chr1	74000000	75000000	75	470
chr1	75000000	76000000	76	435
chr1	76000000	77000000	77	234
chr1	77000000	78000000	78	173
chr1	78000000	79000000	79	459
chr1	79000000	80000000	80	334
chr1	81000000	82000000	82	49
chr1	82000000	83000000	83	221
chr1	84000000	85000000	85	328
chr1	85000000	86000000	86	371
chr1	86000000	87000000	87	244
chr1	87000000	88000000	88	194
chr1	89000000	90000000	90	441
chr1	90000000	91000000	91	151
chr1	91000000	92000000	92	172
chr1	92000000	93000000	93	432
chr1	93000000	94000000	94	266
chr1	94000000	95000000	95	306
chr1	95000000	96000000	96	213
chr1	96000000	97000000	97	84
chr1	97000000	98000000	98	35
chr1	98000000	99000000	99	38
chr1	99000000	100000000	100	154
chr1	100000000	101000000	101	396
chr1	101000000	102000000	102	228
chr1	102000000	103000000	103	230
chr1	103000000	104000000	104	144
chr1	104000000	105000000	105	246
chr1	107000000	108000000	108	158
chr1	108000000	109000000	109	209
chr1	109000000	110000000	110	690
chr1	110000000	111000000	111	921
chr1	111000000	112000000	112	759
chr1	112000000	113000000	113	471
chr1	113000000	114000000	114	373
chr1	114000000	115000000	115	396
chr1	115000000	116000000	116	551
chr1	116000000	117000000	117	346
chr1	117000000	118000000	118	450
chr1	118000000	119000000	119	217
chr1	119000000	120000000	120	243
chr1	120000000	121000000	121	426
chr1	143000000	144000000	144	116
chr1	144000000	145000000	145	390
chr1	145000000	146000000	146	1097
chr1	146000000	147000000	147	186
chr1	147000000	148000000	148	379
chr1	148000000	149000000	149	173
chr1	149000000	150000000	150	507
chr1	150000000	151000000	151	1082
chr1	151000000	152000000	152	1736
chr1	152000000	153000000	153	2388
chr1	153000000	154000000	154	2808
chr1	154000000	155000000	155	1361
chr1	155000000	156000000	156	1445
chr1	156000000	157000000	157	1495
chr1	157000000	158000000	158	674
chr1	158000000	159000000	159	2683
chr1	159000000	160000000	160	1477
chr1	160000000	161000000	161	1256
chr1	161000000	162000000	162	1610
chr1	162000000	163000000	163	517
chr1	163000000	164000000	164	264
chr1	164000000	165000000	165	323
chr1	165000000	166000000	166	312
chr1	166000000	167000000	167	256
chr1	167000000	168000000	168	450
chr1	168000000	169000000	169	394
chr1	169000000	170000000	170	710
chr1	170000000	171000000	171	344
chr1	171000000	172000000	172	496
chr1	172000000	173000000	173	253
chr1	173000000	174000000	174	470
chr1	174000000	175000000	175	301
chr1	175000000	176000000	176	273
chr1	176000000	177000000	177	192
chr1	177000000	178000000	178	219
chr1	178000000	179000000	179	402
chr1	179000000	180000000	180	689
chr1	180000000	181000000	181	367
chr1	181000000	182000000	182	192
chr1	182000000	183000000	183	532
chr1	183000000	184000000	184	440
chr1	184000000	185000000	185	191
chr1	185000000	186000000	186	203
chr1	186000000	187000000	187	360
chr1	190000000	191000000	191	158
chr1	192000000	193000000	193	352
chr1	193000000	194000000	194	184
chr1	196000000	197000000	197	685
chr1	197000000	198000000	198	703
chr1	198000000	199000000	199	245
chr1	199000000	200000000	200	44
chr1	200000000	201000000	201	449
chr1	201000000	202000000	202	1113
chr1	202000000	203000000	203	837
chr1	203000000	204000000	204	1154
chr1	204000000	205000000	205	960
chr1	205000000	206000000	206	888
chr1	206000000	207000000	207	579
chr1	207000000	208000000	208	668
chr1	208000000	209000000	209	81
chr1	209000000	210000000	210	475
chr1	210000000	211000000	211	296
chr1	211000000	212000000	212	287
chr1	212000000	213000000	213	410
chr1	213000000	214000000	214	208
chr1	214000000	215000000	215	288
chr1	215000000	216000000	216	193
chr1	216000000	217000000	217	168
chr1	217000000	218000000	218	250
chr1	218000000	219000000	219	131
chr1	219000000	220000000	220	36
chr1	220000000	221000000	221	552
chr1	221000000	222000000	222	142
chr1	222000000	223000000	223	280
chr1	223000000	224000000	224	403
chr1	224000000	225000000	225	352
chr1	225000000	226000000	226	529
chr1	226000000	227000000	227	552
chr1	227000000	228000000	228	570
chr1	228000000	229000000	229	1017
chr1	229000000	230000000	230	319
chr1	230000000	231000000	231	331
chr1	231000000	232000000	232	405
chr1	232000000	233000000	233	138
chr1	233000000	234000000	234	578
chr1	234000000	235000000	235	244
chr1	235000000	236000000	236	343
chr1	236000000	237000000	237	588
chr1	237000000	238000000	238	255
chr1	238000000	239000000	239	167
chr1	239000000	240000000	240	77
chr1	240000000	241000000	241	440
chr1	241000000	242000000	242	675
chr1	242000000	243000000	243	234
chr1	243000000	244000000	244	268
chr1	244000000	245000000	245	361
chr1	245000000	246000000	246	244
chr1	246000000	247000000	247	250
chr1	247000000	248000000	248	1854
chr1	248000000	249000000	249	3755
chr10	0	1000000	1834	517
chr10	1000000	2000000	1835	252
chr10	3000000	4000000	1837	444
chr10	4000000	5000000	1838	135
chr10	5000000	6000000	1839	929
chr10	6000000	7000000	1840	525
chr10	7000000	8000000	1841	317
chr10	8000000	9000000	1842	45
chr10	11000000	12000000	1845	307
chr10	12000000	13000000	1846	383
chr10	13000000	14000000	1847	476
chr10	14000000	15000000	1848	517
chr10	15000000	16000000	1849	452
chr10	16000000	17000000	1850	130
chr10	17000000	18000000	1851	432
chr10	18000000	19000000	1852	423
chr10	19000000	20000000	1853	307
chr10	20000000	21000000	1854	116
chr10	21000000	22000000	1855	414
chr10	22000000	23000000	1856	249
chr10	23000000	24000000	1857	296
chr10	24000000	25000000	1858	287
chr10	25000000	26000000	1859	157
chr10	26000000	27000000	1860	367
chr10	27000000	28000000	1861	296
chr10	28000000	29000000	1862	552
chr10	29000000	30000000	1863	172
chr10	30000000	31000000	1864	258
chr10	31000000	32000000	1865	137
chr10	32000000	33000000	1866	325
chr10	33000000	34000000	1867	405
chr10	34000000	35000000	1868	82
chr10	35000000	36000000	1869	452
chr10	36000000	37000000	1870	174
chr10	37000000	38000000	1871	213
chr10	38000000	39000000	1872	167
chr10	43000000	44000000	1877	375
chr10	44000000	45000000	1878	238
chr10	45000000	46000000	1879	317
chr10	46000000	47000000	1880	489
chr10	47000000	48000000	1881	226
chr10	48000000	49000000	1882	300
chr10	49000000	50000000	1883	529
chr10	50000000	51000000	1884	1079
chr10	51000000	52000000	1885	282
chr10	52000000	53000000	1886	605
chr10	53000000	54000000	1887	93
chr10	54000000	55000000	1888	119
chr10	56000000	57000000	1890	79
chr10	57000000	58000000	1891	258
chr10	58000000	59000000	1892	71
chr10	60000000	61000000	1894	208
chr10	61000000	62000000	1895	637
chr10	62000000	63000000	1896	272
chr10	63000000	64000000	1897	276
chr10	64000000	65000000	1898	316
chr10	65000000	66000000	1899	80
chr10	68000000	69000000	1902	103
chr10	69000000	70000000	1903	334
chr10	70000000	71000000	1904	567
chr10	71000000	72000000	1905	650
chr10	72000000	73000000	1906	469
chr10	73000000	74000000	1907	560
chr10	74000000	75000000	1908	366
chr10	75000000	76000000	1909	969
chr10	76000000	77000000	1910	216
chr10	77000000	78000000	1911	67
chr10	78000000	79000000	1912	124
chr10	79000000	80000000	1913	228
chr10	80000000	81000000	1914	26
chr10	81000000	82000000	1915	563
chr10	82000000	83000000	1916	296
chr10	83000000	84000000	1917	97
chr10	84000000	85000000	1918	66
chr10	85000000	86000000	1919	213
chr10	86000000	87000000	1920	116
chr10	87000000	88000000	1921	42
chr10	88000000	89000000	1922	402
chr10	89000000	90000000	1923	211
chr10	90000000	91000000	1924	406
chr10	91000000	92000000	1925	353
chr10	92000000	93000000	1926	173
chr10	93000000	94000000	1927	159
chr10	94000000	95000000	1928	395
chr10	95000000	96000000	1929	394
chr10	96000000	97000000	1930	456
chr10	97000000	98000000	1931	410
chr10	98000000	99000000	1932	326
chr10	99000000	100000000	1933	796
chr10	100000000	101000000	1934	176
chr10	101000000	102000000	1935	357
chr10	102000000	103000000	1936	784
chr10	103000000	104000000	1937	535
chr10	104000000	105000000	1938	624
chr10	105000000	106000000	1939	675
chr10	106000000	107000000	1940	473
chr10	108000000	109000000	1942	172
chr10	111000000	112000000	1945	162
chr10	112000000	113000000	1946	198
chr10	113000000	114000000	1947	29
chr10	114000000	115000000	1948	247
chr10	115000000	116000000	1949	519
chr10	116000000	117000000	1950	241
chr10	117000000	118000000	1951	93
chr10	118000000	119000000	1952	729
chr10	119000000	120000000	1953	142
chr10	120000000	121000000	1954	258
chr10	121000000	122000000	1955	316
chr10	122000000	123000000	1956	186
chr10	123000000	124000000	1957	534
chr10	124000000	125000000	1958	721
chr10	125000000	126000000	1959	201
chr10	126000000	127000000	1960	279
chr10	127000000	128000000	1961	773
chr10	128000000	129000000	1962	353
chr10	129000000	130000000	1963	394
chr10	131000000	132000000	1965	211
chr10	133000000	134000000	1967	268
chr10	134000000	135000000	1968	742
chr11	0	1000000	1969	2206
chr11	1000000	2000000	1970	2438
chr11	2000000	3000000	1971	798
chr11	3000000	4000000	1972	857
chr11	4000000	5000000	1973	2236
chr11	5000000	6000000	1974	4051
chr11	6000000	7000000	1975	1649
chr11	7000000	8000000	1976	1169
chr11	8000000	9000000	1977	1302
chr11	9000000	10000000	1978	681
chr11	10000000	11000000	1979	503
chr11	11000000	12000000	1980	88
chr11	12000000	13000000	1981	389
chr11	13000000	14000000	1982	202
chr11	14000000	15000000	1983	401
chr11	15000000	16000000	1984	148
chr11	16000000	17000000	1985	318
chr11	17000000	18000000	1986	684
chr11	18000000	19000000	1987	1227
chr11	19000000	20000000	1988	299
chr11	20000000	21000000	1989	248
chr11	22000000	23000000	1991	362
chr11	24000000	25000000	1993	58
chr11	26000000	27000000	1995	347
chr11	27000000	28000000	1996	406
chr11	28000000	29000000	1997	48
chr11	30000000	31000000	1999	345
chr11	31000000	32000000	2000	363
chr11	32000000	33000000	2001	621
chr11	33000000	34000000	2002	446
chr11	34000000	35000000	2003	478
chr11	35000000	36000000	2004	431
chr11	36000000	37000000	2005	448
chr11	40000000	41000000	2009	206
chr11	41000000	42000000	2010	52
chr11	43000000	44000000	2012	281
chr11	44000000	45000000	2013	482
chr11	45000000	46000000	2014	581
chr11	46000000	47000000	2015	816
chr11	47000000	48000000	2016	1051
chr11	48000000	49000000	2017	1095
chr11	49000000	50000000	2018	361
chr11	50000000	51000000	2019	134
chr11	51000000	52000000	2020	254
chr11	55000000	56000000	2024	3404
chr11	56000000	57000000	2025	2401
chr11	57000000	58000000	2026	1398
chr11	58000000	59000000	2027	1255
chr11	59000000	60000000	2028	1124
chr11	60000000	61000000	2029	1566
chr11	61000000	62000000	2030	1532
chr11	62000000	63000000	2031	1817
chr11	63000000	64000000	2032	1010
chr11	64000000	65000000	2033	2302
chr11	65000000	66000000	2034	1796
chr11	66000000	67000000	2035	1417
chr11	67000000	68000000	2036	1432
chr11	68000000	69000000	2037	601
chr11	69000000	70000000	2038	506
chr11	70000000	71000000	2039	816
chr11	71000000	72000000	2040	1405
chr11	72000000	73000000	2041	1037
chr11	73000000	74000000	2042	820
chr11	74000000	75000000	2043	822
chr11	75000000	76000000	2044	818
chr11	76000000	77000000	2045	559
chr11	77000000	78000000	2046	777
chr11	78000000	79000000	2047	348
chr11	79000000	80000000	2048	30
chr11	82000000	83000000	2051	481
chr11	83000000	84000000	2052	275
chr11	84000000	85000000	2053	252
chr11	85000000	86000000	2054	624
chr11	86000000	87000000	2055	265
chr11	87000000	88000000	2056	32
chr11	88000000	89000000	2057	355
chr11	89000000	90000000	2058	819
chr11	92000000	93000000	2061	297
chr11	93000000	94000000	2062	685
chr11	94000000	95000000	2063	443
chr11	95000000	96000000	2064	133
chr11	96000000	97000000	2065	112
chr11	98000000	99000000	2067	62
chr11	99000000	100000000	2068	96
chr11	100000000	101000000	2069	96
chr11	101000000	102000000	2070	445
chr11	102000000	103000000	2071	791
chr11	103000000	104000000	2072	226
chr11	104000000	105000000	2073	441
chr11	105000000	106000000	2074	242
chr11	106000000	107000000	2075	40
chr11	107000000	108000000	2076	456
chr11	108000000	109000000	2077	456
chr11	109000000	110000000	2078	80
chr11	110000000	111000000	2079	276
chr11	111000000	112000000	2080	767
chr11	112000000	113000000	2081	323
chr11	113000000	114000000	2082	831
chr11	114000000	115000000	2083	674
chr11	115000000	116000000	2084	150
chr11	116000000	117000000	2085	283
chr11	117000000	118000000	2086	729
chr11	118000000	119000000	2087	1253
chr11	119000000	120000000	2088	619
chr11	120000000	121000000	2089	530
chr11	121000000	122000000	2090	284
chr11	122000000	123000000	2091	334
chr11	123000000	124000000	2092	1509
chr11	124000000	125000000	2093	1626
chr11	125000000	126000000	2094	777
chr11	126000000	127000000	2095	387
chr11	128000000	129000000	2097	507
chr11	129000000	130000000	2098	452
chr11	130000000	131000000	2099	312
chr11	131000000	132000000	2100	383
chr11	132000000	133000000	2101	174
chr11	133000000	134000000	2102	283
chr11	134000000	135000000	2103	460
chr12	0	1000000	2104	594
chr12	1000000	2000000	2105	521
chr12	2000000	3000000	2106	531
chr12	3000000	4000000	2107	373
chr12	4000000	5000000	2108	713
chr12	5000000	6000000	2109	286
chr12	6000000	7000000	2110	1454
chr12	7000000	8000000	2111	1701
chr12	8000000	9000000	2112	1210
chr12	9000000	10000000	2113	691
chr12	10000000	11000000	2114	1729
chr12	11000000	12000000	2115	868
chr12	12000000	13000000	2116	518
chr12	13000000	14000000	2117	490
chr12	14000000	15000000	2118	540
chr12	15000000	16000000	2119	651
chr12	16000000	17000000	2120	463
chr12	18000000	19000000	2122	664
chr12	19000000	20000000	2123	205
chr12	20000000	21000000	2124	287
chr12	21000000	22000000	2125	1124
chr12	22000000	23000000	2126	444
chr12	23000000	24000000	2127	46
chr12	24000000	25000000	2128	157
chr12	25000000	26000000	2129	711
chr12	26000000	27000000	2130	256
chr12	27000000	28000000	2131	675
chr12	28000000	29000000	2132	315
chr12	29000000	30000000	2133	397
chr12	30000000	31000000	2134	216
chr12	31000000	32000000	2135	486
chr12	32000000	33000000	2136	297
chr12	33000000	34000000	2137	129
chr12	34000000	35000000	2138	65
chr12	38000000	39000000	2142	74
chr12	39000000	40000000	2143	239
chr12	40000000	41000000	2144	480
chr12	41000000	42000000	2145	359
chr12	42000000	43000000	2146	328
chr12	43000000	44000000	2147	160
chr12	44000000	45000000	2148	161
chr12	45000000	46000000	2149	344
chr12	46000000	47000000	2150	364
chr12	47000000	48000000	2151	351
chr12	48000000	49000000	2152	1347
chr12	49000000	50000000	2153	1427
chr12	50000000	51000000	2154	1483
chr12	51000000	52000000	2155	809
chr12	52000000	53000000	2156	1540
chr12	53000000	54000000	2157	2003
chr12	54000000	55000000	2158	1369
chr12	55000000	56000000	2159	1719
chr12	56000000	57000000	2160	1752
chr12	57000000	58000000	2161	1942
chr12	58000000	59000000	2162	774
chr12	59000000	60000000	2163	271
chr12	60000000	61000000	2164	124
chr12	62000000	63000000	2166	441
chr12	63000000	64000000	2167	164
chr12	64000000	65000000	2168	361
chr12	65000000	66000000	2169	433
chr12	66000000	67000000	2170	448
chr12	67000000	68000000	2171	192
chr12	68000000	69000000	2172	288
chr12	69000000	70000000	2173	498
chr12	70000000	71000000	2174	714
chr12	71000000	72000000	2175	506
chr12	72000000	73000000	2176	316
chr12	74000000	75000000	2178	30
chr12	75000000	76000000	2179	333
chr12	76000000	77000000	2180	244
chr12	77000000	78000000	2181	167
chr12	78000000	79000000	2182	242
chr12	79000000	80000000	2183	442
chr12	80000000	81000000	2184	595
chr12	81000000	82000000	2185	949
chr12	82000000	83000000	2186	273
chr12	83000000	84000000	2187	59
chr12	85000000	86000000	2189	412
chr12	86000000	87000000	2190	310
chr12	87000000	88000000	2191	75
chr12	88000000	89000000	2192	234
chr12	89000000	90000000	2193	116
chr12	90000000	91000000	2194	83
chr12	91000000	92000000	2195	414
chr12	92000000	93000000	2196	323
chr12	93000000	94000000	2197	353
chr12	94000000	95000000	2198	230
chr12	95000000	96000000	2199	427
chr12	96000000	97000000	2200	430
chr12	97000000	98000000	2201	107
chr12	98000000	99000000	2202	144
chr12	99000000	100000000	2203	257
chr12	100000000	101000000	2204	483
chr12	101000000	102000000	2205	411
chr12	102000000	103000000	2206	375
chr12	103000000	104000000	2207	379
chr12	104000000	105000000	2208	613
chr12	105000000	106000000	2209	381
chr12	106000000	107000000	2210	327
chr12	107000000	108000000	2211	354
chr12	108000000	109000000	2212	643
chr12	109000000	110000000	2213	804
chr12	110000000	111000000	2214	690
chr12	111000000	112000000	2215	575
chr12	112000000	113000000	2216	531
chr12	113000000	114000000	2217	1671
chr12	114000000	115000000	2218	186
chr12	115000000	116000000	2219	82
chr12	116000000	117000000	2220	106
chr12	117000000	118000000	2221	397
chr12	118000000	119000000	2222	499
chr12	119000000	120000000	2223	173
chr12	120000000	121000000	2224	982
chr12	121000000	122000000	2225	854
chr12	122000000	123000000	2226	1431
chr12	123000000	124000000	2227	1257
chr12	124000000	125000000	2228	738
chr12	125000000	126000000	2229	696
chr12	126000000	127000000	2230	67
chr12	128000000	129000000	2232	74
chr12	129000000	130000000	2233	486
chr12	130000000	131000000	2234	374
chr12	131000000	132000000	2235	655
chr12	132000000	133000000	2236	737
chr13	19000000	20000000	2256	134
chr13	20000000	21000000	2257	495
chr13	21000000	22000000	2258	259
chr13	22000000	23000000	2259	92
chr13	23000000	24000000	2260	206
chr13	24000000	25000000	2261	466
chr13	25000000	26000000	2262	584
chr13	26000000	27000000	2263	261
chr13	27000000	28000000	2264	193
chr13	28000000	29000000	2265	479
chr13	29000000	30000000	2266	166
chr13	30000000	31000000	2267	115
chr13	31000000	32000000	2268	276
chr13	32000000	33000000	2269	239
chr13	33000000	34000000	2270	253
chr13	34000000	35000000	2271	26
chr13	35000000	36000000	2272	36
chr13	36000000	37000000	2273	512
chr13	37000000	38000000	2274	406
chr13	38000000	39000000	2275	220
chr13	39000000	40000000	2276	90
chr13	40000000	41000000	2277	91
chr13	41000000	42000000	2278	349
chr13	42000000	43000000	2279	154
chr13	43000000	44000000	2280	257
chr13	44000000	45000000	2281	172
chr13	45000000	46000000	2282	280
chr13	46000000	47000000	2283	549
chr13	47000000	48000000	2284	248
chr13	48000000	49000000	2285	132
chr13	49000000	50000000	2286	326
chr13	50000000	51000000	2287	344
chr13	51000000	52000000	2288	200
chr13	52000000	53000000	2289	317
chr13	53000000	54000000	2290	271
chr13	57000000	58000000	2294	64
chr13	58000000	59000000	2295	72
chr13	60000000	61000000	2297	77
chr13	61000000	62000000	2298	71
chr13	62000000	63000000	2299	62
chr13	64000000	65000000	2301	70
chr13	67000000	68000000	2304	77
chr13	70000000	71000000	2307	86
chr13	72000000	73000000	2309	37
chr13	73000000	74000000	2310	142
chr13	74000000	75000000	2311	102
chr13	75000000	76000000	2312	43
chr13	76000000	77000000	2313	403
chr13	77000000	78000000	2314	208
chr13	78000000	79000000	2315	243
chr13	79000000	80000000	2316	123
chr13	80000000	81000000	2317	59
chr13	84000000	85000000	2321	107
chr13	86000000	87000000	2323	62
chr13	88000000	89000000	2325	54
chr13	92000000	93000000	2329	43
chr13	93000000	94000000	2330	80
chr13	95000000	96000000	2332	134
chr13	96000000	97000000	2333	265
chr13	97000000	98000000	2334	78
chr13	98000000	99000000	2335	275
chr13	99000000	100000000	2336	494
chr13	100000000	101000000	2337	309
chr13	101000000	102000000	2338	170
chr13	102000000	103000000	2339	354
chr13	103000000	104000000	2340	474
chr13	106000000	107000000	2343	44
chr13	107000000	108000000	2344	70
chr13	108000000	109000000	2345	110
chr13	109000000	110000000	2346	162
chr13	110000000	111000000	2347	110
chr13	111000000	112000000	2348	485
chr13	112000000	113000000	2349	118
chr13	113000000	114000000	2350	852
chr13	114000000	115000000	2351	579
chr14	19000000	20000000	2371	167
chr14	20000000	21000000	2372	2362
chr14	21000000	22000000	2373	1652
chr14	22000000	23000000	2374	281
chr14	23000000	24000000	2375	1705
chr14	24000000	25000000	2376	2121
chr14	25000000	26000000	2377	187
chr14	27000000	28000000	2379	82
chr14	29000000	30000000	2381	135
chr14	30000000	31000000	2382	150
chr14	31000000	32000000	2383	678
chr14	32000000	33000000	2384	224
chr14	33000000	34000000	2385	210
chr14	34000000	35000000	2386	105
chr14	35000000	36000000	2387	410
chr14	36000000	37000000	2388	304
chr14	37000000	38000000	2389	286
chr14	38000000	39000000	2390	374
chr14	39000000	40000000	2391	388
chr14	42000000	43000000	2394	164
chr14	44000000	45000000	2396	45
chr14	45000000	46000000	2397	364
chr14	47000000	48000000	2399	318
chr14	48000000	49000000	2400	73
chr14	50000000	51000000	2402	653
chr14	51000000	52000000	2403	396
chr14	52000000	53000000	2404	637
chr14	53000000	54000000	2405	384
chr14	54000000	55000000	2406	272
chr14	55000000	56000000	2407	445
chr14	56000000	57000000	2408	240
chr14	57000000	58000000	2409	397
chr14	58000000	59000000	2410	400
chr14	59000000	60000000	2411	190
chr14	60000000	61000000	2412	576
chr14	61000000	62000000	2413	519
chr14	62000000	63000000	2414	232
chr14	63000000	64000000	2415	185
chr14	64000000	65000000	2416	500
chr14	65000000	66000000	2417	485
chr14	66000000	67000000	2418	80
chr14	67000000	68000000	2419	436
chr14	68000000	69000000	2420	398
chr14	69000000	70000000	2421	706
chr14	70000000	71000000	2422	670
chr14	71000000	72000000	2423	335
chr14	72000000	73000000	2424	415
chr14	73000000	74000000	2425	491
chr14	74000000	75000000	2426	1115
chr14	75000000	76000000	2427	808
chr14	76000000	77000000	2428	467
chr14	77000000	78000000	2429	840
chr14	78000000	79000000	2430	322
chr14	79000000	80000000	2431	168
chr14	80000000	81000000	2432	310
chr14	81000000	82000000	2433	408
chr14	82000000	83000000	2434	37
chr14	85000000	86000000	2437	83
chr14	87000000	88000000	2439	78
chr14	88000000	89000000	2440	338
chr14	89000000	90000000	2441	369
chr14	90000000	91000000	2442	336
chr14	91000000	92000000	2443	571
chr14	92000000	93000000	2444	630
chr14	93000000	94000000	2445	541
chr14	94000000	95000000	2446	1090
chr14	95000000	96000000	2447	607
chr14	96000000	97000000	2448	762
chr14	97000000	98000000	2449	116
chr14	98000000	99000000	2450	212
chr14	99000000	100000000	2451	140
chr14	100000000	101000000	2452	941
chr14	101000000	102000000	2453	324
chr14	102000000	103000000	2454	694
chr14	103000000	104000000	2455	632
chr14	104000000	105000000	2456	721
chr14	105000000	106000000	2457	1493
chr14	106000000	107000000	2458	236
chr15	20000000	21000000	2479	17
chr15	21000000	22000000	2480	67
chr15	22000000	23000000	2481	689
chr15	23000000	24000000	2482	460
chr15	24000000	25000000	2483	136
chr15	25000000	26000000	2484	546
chr15	26000000	27000000	2485	234
chr15	27000000	28000000	2486	661
chr15	28000000	29000000	2487	117
chr15	29000000	30000000	2488	377
chr15	30000000	31000000	2489	147
chr15	31000000	32000000	2490	306
chr15	32000000	33000000	2491	179
chr15	33000000	34000000	2492	304
chr15	34000000	35000000	2493	522
chr15	35000000	36000000	2494	224
chr15	36000000	37000000	2495	100
chr15	37000000	38000000	2496	109
chr15	38000000	39000000	2497	331
chr15	39000000	40000000	2498	101
chr15	40000000	41000000	2499	933
chr15	41000000	42000000	2500	803
chr15	42000000	43000000	2501	899
chr15	43000000	44000000	2502	814
chr15	44000000	45000000	2503	662
chr15	45000000	46000000	2504	968
chr15	47000000	48000000	2506	198
chr15	48000000	49000000	2507	591
chr15	49000000	50000000	2508	413
chr15	50000000	51000000	2509	621
chr15	51000000	52000000	2510	475
chr15	52000000	53000000	2511	494
chr15	53000000	54000000	2512	92
chr15	54000000	55000000	2513	497
chr15	55000000	56000000	2514	419
chr15	56000000	57000000	2515	222
chr15	57000000	58000000	2516	329
chr15	58000000	59000000	2517	328
chr15	59000000	60000000	2518	772
chr15	60000000	61000000	2519	274
chr15	61000000	62000000	2520	28
chr15	62000000	63000000	2521	164
chr15	63000000	64000000	2522	450
chr15	64000000	65000000	2523	435
chr15	65000000	66000000	2524	912
chr15	66000000	67000000	2525	499
chr15	67000000	68000000	2526	519
chr15	68000000	69000000	2527	404
chr15	69000000	70000000	2528	312
chr15	70000000	71000000	2529	85
chr15	71000000	72000000	2530	358
chr15	72000000	73000000	2531	621
chr15	73000000	74000000	2532	345
chr15	74000000	75000000	2533	1152
chr15	75000000	76000000	2534	1077
chr15	76000000	77000000	2535	346
chr15	77000000	78000000	2536	568
chr15	78000000	79000000	2537	1052
chr15	79000000	80000000	2538	372
chr15	80000000	81000000	2539	441
chr15	81000000	82000000	2540	443
chr15	82000000	83000000	2541	125
chr15	83000000	84000000	2542	747
chr15	84000000	85000000	2543	164
chr15	85000000	86000000	2544	283
chr15	86000000	87000000	2545	302
chr15	88000000	89000000	2547	377
chr15	89000000	90000000	2548	746
chr15	90000000	91000000	2549	1058
chr15	91000000	92000000	2550	639
chr15	92000000	93000000	2551	67
chr15	93000000	94000000	2552	538
chr15	94000000	95000000	2553	170
chr15	96000000	97000000	2555	223
chr15	97000000	98000000	2556	134
chr15	98000000	99000000	2557	217
chr15	99000000	100000000	2558	422
chr15	100000000	101000000	2559	249
chr15	101000000	102000000	2560	450
chr16	0	1000000	2561	2505
chr16	1000000	2000000	2562	2059
chr16	2000000	3000000	2563	2062
chr16	3000000	4000000	2564	1890
chr16	4000000	5000000	2565	1331
chr16	5000000	6000000	2566	205
chr16	6000000	7000000	2567	263
chr16	7000000	8000000	2568	381
chr16	8000000	9000000	2569	364
chr16	9000000	10000000	2570	191
chr16	10000000	11000000	2571	1088
chr16	11000000	12000000	2572	945
chr16	12000000	13000000	2573	442
chr16	14000000	15000000	2575	380
chr16	15000000	16000000	2576	634
chr16	16000000	17000000	2577	131
chr16	17000000	18000000	2578	25
chr16	18000000	19000000	2579	299
chr16	19000000	20000000	2580	768
chr16	20000000	21000000	2581	1454
chr16	21000000	22000000	2582	561
chr16	22000000	23000000	2583	439
chr16	23000000	24000000	2584	686
chr16	24000000	25000000	2585	492
chr16	25000000	26000000	2586	218
chr16	27000000	28000000	2588	721
chr16	28000000	29000000	2589	1224
chr16	29000000	30000000	2590	719
chr16	30000000	31000000	2591	1799
chr16	31000000	32000000	2592	1202
chr16	32000000	33000000	2593	77
chr16	33000000	34000000	2594	85
chr16	34000000	35000000	2595	111
chr16	46000000	47000000	2607	244
chr16	47000000	48000000	2608	299
chr16	48000000	49000000	2609	326
chr16	49000000	50000000	2610	406
chr16	50000000	51000000	2611	563
chr16	51000000	52000000	2612	68
chr16	52000000	53000000	2613	149
chr16	53000000	54000000	2614	322
chr16	54000000	55000000	2615	160
chr16	55000000	56000000	2616	768
chr16	56000000	57000000	2617	986
chr16	57000000	58000000	2618	1530
chr16	58000000	59000000	2619	854
chr16	59000000	60000000	2620	61
chr16	62000000	63000000	2623	287
chr16	65000000	66000000	2626	181
chr16	66000000	67000000	2627	841
chr16	67000000	68000000	2628	1632
chr16	68000000	69000000	2629	884
chr16	69000000	70000000	2630	686
chr16	70000000	71000000	2631	800
chr16	71000000	72000000	2632	1085
chr16	72000000	73000000	2633	432
chr16	73000000	74000000	2634	83
chr16	74000000	75000000	2635	326
chr16	75000000	76000000	2636	916
chr16	76000000	77000000	2637	296
chr16	77000000	78000000	2638	434
chr16	78000000	79000000	2639	119
chr16	79000000	80000000	2640	66
chr16	80000000	81000000	2641	126
chr16	81000000	82000000	2642	534
chr16	82000000	83000000	2643	280
chr16	83000000	84000000	2644	185
chr16	84000000	85000000	2645	735
chr16	85000000	86000000	2646	990
chr16	86000000	87000000	2647	148
chr16	87000000	88000000	2648	446
chr16	88000000	89000000	2649	883
chr16	89000000	90000000	2650	1521
chr17	0	1000000	2651	857
chr17	1000000	2000000	2652	1124
chr17	2000000	3000000	2653	657
chr17	3000000	4000000	2654	1083
chr17	4000000	5000000	2655	1222
chr17	5000000	6000000	2656	626
chr17	6000000	7000000	2657	929
chr17	7000000	8000000	2658	3468
chr17	8000000	9000000	2659	1147
chr17	9000000	10000000	2660	784
chr17	10000000	11000000	2661	656
chr17	11000000	12000000	2662	357
chr17	12000000	13000000	2663	409
chr17	13000000	14000000	2664	119
chr17	14000000	15000000	2665	69
chr17	15000000	16000000	2666	702
chr17	16000000	17000000	2667	463
chr17	17000000	18000000	2668	861
chr17	18000000	19000000	2669	955
chr17	19000000	20000000	2670	721
chr17	20000000	21000000	2671	263
chr17	21000000	22000000	2672	535
chr17	22000000	23000000	2673	134
chr17	25000000	26000000	2676	313
chr17	26000000	27000000	2677	990
chr17	27000000	28000000	2678	1293
chr17	28000000	29000000	2679	413
chr17	29000000	30000000	2680	561
chr17	30000000	31000000	2681	550
chr17	31000000	32000000	2682	263
chr17	32000000	33000000	2683	479
chr17	33000000	34000000	2684	955
chr17	34000000	35000000	2685	1080
chr17	35000000	36000000	2686	474
chr17	36000000	37000000	2687	977
chr17	37000000	38000000	2688	1320
chr17	38000000	39000000	2689	1692
chr17	39000000	40000000	2690	3826
chr17	40000000	41000000	2691	1397
chr17	41000000	42000000	2692	1013
chr17	42000000	43000000	2693	1638
chr17	43000000	44000000	2694	835
chr17	44000000	45000000	2695	415
chr17	45000000	46000000	2696	820
chr17	46000000	47000000	2697	1364
chr17	47000000	48000000	2698	806
chr17	48000000	49000000	2699	1469
chr17	49000000	50000000	2700	358
chr17	50000000	51000000	2701	218
chr17	51000000	52000000	2702	192
chr17	52000000	53000000	2703	65
chr17	53000000	54000000	2704	349
chr17	54000000	55000000	2705	324
chr17	55000000	56000000	2706	509
chr17	56000000	57000000	2707	1247
chr17	57000000	58000000	2708	654
chr17	58000000	59000000	2709	509
chr17	59000000	60000000	2710	293
chr17	60000000	61000000	2711	638
chr17	61000000	62000000	2712	1179
chr17	62000000	63000000	2713	733
chr17	63000000	64000000	2714	194
chr17	64000000	65000000	2715	387
chr17	65000000	66000000	2716	546
chr17	66000000	67000000	2717	468
chr17	67000000	68000000	2718	298
chr17	68000000	69000000	2719	234
chr17	70000000	71000000	2721	153
chr17	71000000	72000000	2722	388
chr17	72000000	73000000	2723	1641
chr17	73000000	74000000	2724	2460
chr17	74000000	75000000	2725	1511
chr17	75000000	76000000	2726	841
chr17	76000000	77000000	2727	1068
chr17	77000000	78000000	2728	768
chr17	78000000	79000000	2729	805
chr17	79000000	80000000	2730	2290
chr17	80000000	81000000	2731	1654
chr18	0	1000000	2732	682
chr18	2000000	3000000	2734	256
chr18	3000000	4000000	2735	447
chr18	4000000	5000000	2736	96
chr18	5000000	6000000	2737	658
chr18	6000000	7000000	2738	795
chr18	7000000	8000000	2739	282
chr18	8000000	9000000	2740	295
chr18	9000000	10000000	2741	288
chr18	10000000	11000000	2742	447
chr18	11000000	12000000	2743	396
chr18	12000000	13000000	2744	581
chr18	13000000	14000000	2745	468
chr18	14000000	15000000	2746	251
chr18	18000000	19000000	2750	199
chr18	19000000	20000000	2751	422
chr18	20000000	21000000	2752	250
chr18	21000000	22000000	2753	799
chr18	22000000	23000000	2754	253
chr18	23000000	24000000	2755	143
chr18	24000000	25000000	2756	290
chr18	25000000	26000000	2757	294
chr18	28000000	29000000	2760	505
chr18	29000000	30000000	2761	527
chr18	30000000	31000000	2762	267
chr18	31000000	32000000	2763	364
chr18	32000000	33000000	2764	576
chr18	33000000	34000000	2765	326
chr18	34000000	35000000	2766	477
chr18	35000000	36000000	2767	91
chr18	39000000	40000000	2771	209
chr18	40000000	41000000	2772	155
chr18	42000000	43000000	2774	98
chr18	43000000	44000000	2775	583
chr18	44000000	45000000	2776	760
chr18	45000000	46000000	2777	412
chr18	46000000	47000000	2778	176
chr18	47000000	48000000	2779	495
chr18	48000000	49000000	2780	372
chr18	49000000	50000000	2781	73
chr18	50000000	51000000	2782	278
chr18	51000000	52000000	2783	157
chr18	52000000	53000000	2784	659
chr18	53000000	54000000	2785	677
chr18	54000000	55000000	2786	252
chr18	55000000	56000000	2787	536
chr18	56000000	57000000	2788	343
chr18	57000000	58000000	2789	241
chr18	58000000	59000000	2790	88
chr18	59000000	60000000	2791	329
chr18	60000000	61000000	2792	3176
chr18	61000000	62000000	2793	1285
chr18	63000000	64000000	2795	84
chr18	64000000	65000000	2796	95
chr18	65000000	66000000	2797	41
chr18	66000000	67000000	2798	300
chr18	67000000	68000000	2799	301
chr18	68000000	69000000	2800	90
chr18	69000000	70000000	2801	93
chr18	70000000	71000000	2802	493
chr18	71000000	72000000	2803	229
chr18	72000000	73000000	2804	300
chr18	73000000	74000000	2805	132
chr18	74000000	75000000	2806	455
chr18	76000000	77000000	2808	272
chr18	77000000	78000000	2809	524
chr19	0	1000000	2932	1690
chr19	1000000	2000000	2933	2519
chr19	2000000	3000000	2934	1516
chr19	3000000	4000000	2935	1816
chr19	4000000	5000000	2936	1718
chr19	5000000	6000000	2937	979
chr19	6000000	7000000	2938	1648
chr19	7000000	8000000	2939	1759
chr19	8000000	9000000	2940	1308
chr19	9000000	10000000	2941	1863
chr19	10000000	11000000	2942	2329
chr19	11000000	12000000	2943	1487
chr19	12000000	13000000	2944	1643
chr19	13000000	14000000	2945	1263
chr19	14000000	15000000	2946	1726
chr19	15000000	16000000	2947	1661
chr19	16000000	17000000	2948	1335
chr19	17000000	18000000	2949	1814
chr19	18000000	19000000	2950	1746
chr19	19000000	20000000	2951	1283
chr19	20000000	21000000	2952	637
chr19	21000000	22000000	2953	476
chr19	22000000	23000000	2954	1099
chr19	23000000	24000000	2955	631
chr19	24000000	25000000	2956	203
chr19	29000000	30000000	2961	42
chr19	30000000	31000000	2962	558
chr19	31000000	32000000	2963	303
chr19	32000000	33000000	2964	67
chr19	33000000	34000000	2965	616
chr19	34000000	35000000	2966	550
chr19	35000000	36000000	2967	1373
chr19	36000000	37000000	2968	2029
chr19	37000000	38000000	2969	1533
chr19	38000000	39000000	2970	1216
chr19	39000000	40000000	2971	2277
chr19	40000000	41000000	2972	1372
chr19	41000000	42000000	2973	1744
chr19	42000000	43000000	2974	1878
chr19	43000000	44000000	2975	1558
chr19	44000000	45000000	2976	1872
chr19	45000000	46000000	2977	2017
chr19	46000000	47000000	2978	1755
chr19	47000000	48000000	2979	1214
chr19	48000000	49000000	2980	1513
chr19	49000000	50000000	2981	2634
chr19	50000000	51000000	2982	2038
chr19	51000000	52000000	2983	2920
chr19	52000000	53000000	2984	2432
chr19	53000000	54000000	2985	1770
chr19	54000000	55000000	2986	2534
chr19	55000000	56000000	2987	3163
chr19	56000000	57000000	2988	2664
chr19	57000000	58000000	2989	1582
chr19	58000000	59000000	2990	2140
chr2	0	1000000	250	339
chr2	1000000	2000000	251	763
chr2	2000000	3000000	252	115
chr2	3000000	4000000	253	669
chr2	5000000	6000000	255	92
chr2	6000000	7000000	256	93
chr2	7000000	8000000	257	244
chr2	8000000	9000000	258	145
chr2	9000000	10000000	259	215
chr2	10000000	11000000	260	602
chr2	11000000	12000000	261	640
chr2	12000000	13000000	262	28
chr2	14000000	15000000	264	86
chr2	15000000	16000000	265	255
chr2	16000000	17000000	266	118
chr2	17000000	18000000	267	234
chr2	18000000	19000000	268	231
chr2	19000000	20000000	269	47
chr2	20000000	21000000	270	447
chr2	21000000	22000000	271	147
chr2	23000000	24000000	273	92
chr2	24000000	25000000	274	499
chr2	25000000	26000000	275	460
chr2	26000000	27000000	276	737
chr2	27000000	28000000	277	1764
chr2	28000000	29000000	278	404
chr2	29000000	30000000	279	529
chr2	30000000	31000000	280	164
chr2	31000000	32000000	281	298
chr2	32000000	33000000	282	376
chr2	33000000	34000000	283	461
chr2	36000000	37000000	286	306
chr2	37000000	38000000	287	565
chr2	38000000	39000000	288	323
chr2	39000000	40000000	289	414
chr2	40000000	41000000	290	387
chr2	42000000	43000000	292	311
chr2	43000000	44000000	293	238
chr2	44000000	45000000	294	427
chr2	45000000	46000000	295	148
chr2	46000000	47000000	296	232
chr2	47000000	48000000	297	421
chr2	48000000	49000000	298	539
chr2	49000000	50000000	299	162
chr2	50000000	51000000	300	280
chr2	51000000	52000000	301	258
chr2	53000000	54000000	303	34
chr2	54000000	55000000	304	357
chr2	55000000	56000000	305	495
chr2	56000000	57000000	306	91
chr2	58000000	59000000	308	86
chr2	60000000	61000000	310	83
chr2	61000000	62000000	311	461
chr2	62000000	63000000	312	255
chr2	63000000	64000000	313	261
chr2	64000000	65000000	314	308
chr2	65000000	66000000	315	315
chr2	66000000	67000000	316	147
chr2	67000000	68000000	317	24
chr2	68000000	69000000	318	487
chr2	69000000	70000000	319	442
chr2	70000000	71000000	320	682
chr2	71000000	72000000	321	710
chr2	72000000	73000000	322	72
chr2	73000000	74000000	323	436
chr2	74000000	75000000	324	1316
chr2	75000000	76000000	325	391
chr2	77000000	78000000	327	127
chr2	79000000	80000000	329	913
chr2	80000000	81000000	330	234
chr2	84000000	85000000	334	120
chr2	85000000	86000000	335	848
chr2	86000000	87000000	336	445
chr2	87000000	88000000	337	226
chr2	88000000	89000000	338	387
chr2	90000000	91000000	340	46
chr2	95000000	96000000	345	287
chr2	96000000	97000000	346	472
chr2	97000000	98000000	347	459
chr2	98000000	99000000	348	626
chr2	99000000	100000000	349	655
chr2	100000000	101000000	350	375
chr2	101000000	102000000	351	467
chr2	102000000	103000000	352	820
chr2	103000000	104000000	353	295
chr2	105000000	106000000	355	264
chr2	106000000	107000000	356	368
chr2	107000000	108000000	357	265
chr2	108000000	109000000	358	318
chr2	109000000	110000000	359	304
chr2	110000000	111000000	360	180
chr2	111000000	112000000	361	438
chr2	112000000	113000000	362	243
chr2	113000000	114000000	363	1490
chr2	114000000	115000000	364	250
chr2	115000000	116000000	365	506
chr2	118000000	119000000	368	117
chr2	119000000	120000000	369	223
chr2	120000000	121000000	370	636
chr2	121000000	122000000	371	207
chr2	122000000	123000000	372	221
chr2	124000000	125000000	374	68
chr2	127000000	128000000	377	242
chr2	128000000	129000000	378	832
chr2	129000000	130000000	379	32
chr2	130000000	131000000	380	276
chr2	131000000	132000000	381	666
chr2	132000000	133000000	382	341
chr2	133000000	134000000	383	115
chr2	134000000	135000000	384	146
chr2	135000000	136000000	385	357
chr2	136000000	137000000	386	809
chr2	137000000	138000000	387	497
chr2	138000000	139000000	388	42
chr2	139000000	140000000	389	74
chr2	141000000	142000000	391	200
chr2	142000000	143000000	392	36
chr2	143000000	144000000	393	144
chr2	144000000	145000000	394	31
chr2	145000000	146000000	395	239
chr2	148000000	149000000	398	76
chr2	149000000	150000000	399	300
chr2	150000000	151000000	400	125
chr2	151000000	152000000	401	126
chr2	152000000	153000000	402	433
chr2	153000000	154000000	403	154
chr2	154000000	155000000	404	247
chr2	155000000	156000000	405	350
chr2	157000000	158000000	407	160
chr2	158000000	159000000	408	442
chr2	159000000	160000000	409	152
chr2	160000000	161000000	410	297
chr2	161000000	162000000	411	145
chr2	162000000	163000000	412	284
chr2	163000000	164000000	413	227
chr2	164000000	165000000	414	48
chr2	165000000	166000000	415	278
chr2	166000000	167000000	416	493
chr2	167000000	168000000	417	482
chr2	168000000	169000000	418	178
chr2	169000000	170000000	419	561
chr2	170000000	171000000	420	500
chr2	171000000	172000000	421	383
chr2	172000000	173000000	422	469
chr2	173000000	174000000	423	316
chr2	174000000	175000000	424	85
chr2	175000000	176000000	425	493
chr2	176000000	177000000	426	515
chr2	177000000	178000000	427	249
chr2	178000000	179000000	428	583
chr2	179000000	180000000	429	840
chr2	180000000	181000000	430	439
chr2	181000000	182000000	431	76
chr2	182000000	183000000	432	258
chr2	183000000	184000000	433	428
chr2	185000000	186000000	435	52
chr2	186000000	187000000	436	101
chr2	187000000	188000000	437	268
chr2	188000000	189000000	438	192
chr2	189000000	190000000	439	274
chr2	190000000	191000000	440	398
chr2	191000000	192000000	441	631
chr2	192000000	193000000	442	225
chr2	193000000	194000000	443	58
chr2	196000000	197000000	446	230
chr2	197000000	198000000	447	594
chr2	198000000	199000000	448	638
chr2	200000000	201000000	450	240
chr2	201000000	202000000	451	734
chr2	202000000	203000000	452	717
chr2	203000000	204000000	453	228
chr2	204000000	205000000	454	338
chr2	205000000	206000000	455	30
chr2	206000000	207000000	456	71
chr2	207000000	208000000	457	496
chr2	208000000	209000000	458	418
chr2	209000000	210000000	459	333
chr2	210000000	211000000	460	247
chr2	211000000	212000000	461	424
chr2	213000000	214000000	463	133
chr2	214000000	215000000	464	176
chr2	215000000	216000000	465	155
chr2	216000000	217000000	466	331
chr2	217000000	218000000	467	384
chr2	218000000	219000000	468	515
chr2	219000000	220000000	469	1333
chr2	220000000	221000000	470	1360
chr2	222000000	223000000	472	118
chr2	223000000	224000000	473	332
chr2	224000000	225000000	474	220
chr2	225000000	226000000	475	296
chr2	226000000	227000000	476	155
chr2	227000000	228000000	477	111
chr2	228000000	229000000	478	496
chr2	229000000	230000000	479	90
chr2	230000000	231000000	480	248
chr2	231000000	232000000	481	704
chr2	232000000	233000000	482	508
chr2	233000000	234000000	483	1305
chr2	234000000	235000000	484	1236
chr2	235000000	236000000	485	129
chr2	236000000	237000000	486	251
chr2	237000000	238000000	487	358
chr2	238000000	239000000	488	721
chr2	239000000	240000000	489	568
chr2	240000000	241000000	490	504
chr2	241000000	242000000	491	1620
chr2	242000000	243000000	492	1599
chr20	0	1000000	2810	919
chr20	1000000	2000000	2811	1157
chr20	2000000	3000000	2812	772
chr20	3000000	4000000	2813	887
chr20	4000000	5000000	2814	407
chr20	5000000	6000000	2815	479
chr20	6000000	7000000	2816	136
chr20	7000000	8000000	2817	60
chr20	8000000	9000000	2818	193
chr20	9000000	10000000	2819	371
chr20	10000000	11000000	2820	197
chr20	11000000	12000000	2821	145
chr20	12000000	13000000	2822	49
chr20	13000000	14000000	2823	284
chr20	14000000	15000000	2824	42
chr20	15000000	16000000	2825	152
chr20	16000000	17000000	2826	148
chr20	17000000	18000000	2827	298
chr20	18000000	19000000	2828	559
chr20	19000000	20000000	2829	161
chr20	20000000	21000000	2830	396
chr20	21000000	22000000	2831	207
chr20	22000000	23000000	2832	73
chr20	23000000	24000000	2833	923
chr20	24000000	25000000	2834	134
chr20	25000000	26000000	2835	574
chr20	29000000	30000000	2839	585
chr20	30000000	31000000	2840	892
chr20	31000000	32000000	2841	996
chr20	32000000	33000000	2842	671
chr20	33000000	34000000	2843	710
chr20	34000000	35000000	2844	1194
chr20	35000000	36000000	2845	778
chr20	36000000	37000000	2846	707
chr20	37000000	38000000	2847	468
chr20	39000000	40000000	2849	324
chr20	40000000	41000000	2850	101
chr20	41000000	42000000	2851	66
chr20	42000000	43000000	2852	882
chr20	43000000	44000000	2853	1037
chr20	44000000	45000000	2854	1608
chr20	45000000	46000000	2855	835
chr20	46000000	47000000	2856	152
chr20	47000000	48000000	2857	274
chr20	48000000	49000000	2858	367
chr20	49000000	50000000	2859	431
chr20	50000000	51000000	2860	209
chr20	51000000	52000000	2861	133
chr20	52000000	53000000	2862	449
chr20	53000000	54000000	2863	57
chr20	54000000	55000000	2864	294
chr20	55000000	56000000	2865	476
chr20	56000000	57000000	2866	605
chr20	57000000	58000000	2867	828
chr20	58000000	59000000	2868	555
chr20	59000000	60000000	2869	57
chr20	60000000	61000000	2870	695
chr20	61000000	62000000	2871	1098
chr20	62000000	63000000	2872	1584
chr21	10000000	11000000	3052	189
chr21	14000000	15000000	3056	116
chr21	15000000	16000000	3057	431
chr21	16000000	17000000	3058	187
chr21	17000000	18000000	3059	78
chr21	18000000	19000000	3060	91
chr21	19000000	20000000	3061	367
chr21	22000000	23000000	3064	135
chr21	26000000	27000000	3068	30
chr21	27000000	28000000	3069	332
chr21	28000000	29000000	3070	192
chr21	30000000	31000000	3072	453
chr21	31000000	32000000	3073	1604
chr21	32000000	33000000	3074	678
chr21	33000000	34000000	3075	466
chr21	34000000	35000000	3076	879
chr21	35000000	36000000	3077	684
chr21	36000000	37000000	3078	110
chr21	37000000	38000000	3079	470
chr21	38000000	39000000	3080	535
chr21	39000000	40000000	3081	539
chr21	40000000	41000000	3082	599
chr21	41000000	42000000	3083	241
chr21	42000000	43000000	3084	373
chr21	43000000	44000000	3085	758
chr21	44000000	45000000	3086	357
chr21	45000000	46000000	3087	1188
chr21	46000000	47000000	3088	1602
chr21	47000000	48000000	3089	896
chr22	16000000	17000000	3007	180
chr22	17000000	18000000	3008	580
chr22	18000000	19000000	3009	617
chr22	19000000	20000000	3010	696
chr22	20000000	21000000	3011	653
chr22	21000000	22000000	3012	628
chr22	22000000	23000000	3013	523
chr22	23000000	24000000	3014	1641
chr22	24000000	25000000	3015	993
chr22	25000000	26000000	3016	429
chr22	26000000	27000000	3017	571
chr22	27000000	28000000	3018	61
chr22	28000000	29000000	3019	117
chr22	29000000	30000000	3020	998
chr22	30000000	31000000	3021	1130
chr22	31000000	32000000	3022	1050
chr22	32000000	33000000	3023	900
chr22	33000000	34000000	3024	219
chr22	34000000	35000000	3025	128
chr22	35000000	36000000	3026	219
chr22	36000000	37000000	3027	700
chr22	37000000	38000000	3028	1393
chr22	38000000	39000000	3029	1287
chr22	39000000	40000000	3030	1093
chr22	40000000	41000000	3031	446
chr22	41000000	42000000	3032	810
chr22	42000000	43000000	3033	872
chr22	43000000	44000000	3034	734
chr22	44000000	45000000	3035	506
chr22	45000000	46000000	3036	676
chr22	46000000	47000000	3037	523
chr22	47000000	48000000	3038	259
chr22	48000000	49000000	3039	116
chr22	49000000	50000000	3040	53
chr22	50000000	51000000	3041	1653
chr3	0	1000000	493	161
chr3	1000000	2000000	494	93
chr3	2000000	3000000	495	601
chr3	3000000	4000000	496	216
chr3	4000000	5000000	497	161
chr3	5000000	6000000	498	99
chr3	6000000	7000000	499	141
chr3	7000000	8000000	500	60
chr3	8000000	9000000	501	320
chr3	9000000	10000000	502	939
chr3	10000000	11000000	503	575
chr3	11000000	12000000	504	528
chr3	12000000	13000000	505	563
chr3	13000000	14000000	506	488
chr3	14000000	15000000	507	472
chr3	15000000	16000000	508	461
chr3	16000000	17000000	509	511
chr3	17000000	18000000	510	181
chr3	18000000	19000000	511	179
chr3	19000000	20000000	512	163
chr3	20000000	21000000	513	71
chr3	21000000	22000000	514	77
chr3	23000000	24000000	516	181
chr3	24000000	25000000	517	89
chr3	25000000	26000000	518	267
chr3	26000000	27000000	519	207
chr3	27000000	28000000	520	224
chr3	28000000	29000000	521	295
chr3	29000000	30000000	522	43
chr3	30000000	31000000	523	58
chr3	31000000	32000000	524	60
chr3	32000000	33000000	525	389
chr3	33000000	34000000	526	326
chr3	35000000	36000000	528	337
chr3	36000000	37000000	529	206
chr3	37000000	38000000	530	302
chr3	38000000	39000000	531	676
chr3	39000000	40000000	532	496
chr3	40000000	41000000	533	179
chr3	41000000	42000000	534	104
chr3	42000000	43000000	535	917
chr3	43000000	44000000	536	177
chr3	44000000	45000000	537	538
chr3	45000000	46000000	538	426
chr3	46000000	47000000	539	1168
chr3	47000000	48000000	540	524
chr3	48000000	49000000	541	949
chr3	49000000	50000000	542	1298
chr3	50000000	51000000	543	1049
chr3	51000000	52000000	544	640
chr3	52000000	53000000	545	1444
chr3	53000000	54000000	546	437
chr3	54000000	55000000	547	216
chr3	55000000	56000000	548	205
chr3	56000000	57000000	549	274
chr3	57000000	58000000	550	629
chr3	58000000	59000000	551	703
chr3	59000000	60000000	552	64
chr3	60000000	61000000	553	36
chr3	61000000	62000000	554	63
chr3	62000000	63000000	555	316
chr3	63000000	64000000	556	248
chr3	64000000	65000000	557	230
chr3	65000000	66000000	558	89
chr3	66000000	67000000	559	125
chr3	67000000	68000000	560	95
chr3	68000000	69000000	561	178
chr3	69000000	70000000	562	503
chr3	71000000	72000000	564	439
chr3	72000000	73000000	565	169
chr3	73000000	74000000	566	321
chr3	74000000	75000000	567	45
chr3	75000000	76000000	568	260
chr3	77000000	78000000	570	332
chr3	78000000	79000000	571	111
chr3	79000000	80000000	572	125
chr3	81000000	82000000	574	44
chr3	85000000	86000000	578	150
chr3	87000000	88000000	580	116
chr3	88000000	89000000	581	158
chr3	89000000	90000000	582	56
chr3	93000000	94000000	586	197
chr3	96000000	97000000	589	139
chr3	97000000	98000000	590	1142
chr3	98000000	99000000	591	641
chr3	99000000	100000000	592	340
chr3	100000000	101000000	593	713
chr3	101000000	102000000	594	552
chr3	102000000	103000000	595	76
chr3	105000000	106000000	598	211
chr3	107000000	108000000	600	315
chr3	108000000	109000000	601	819
chr3	109000000	110000000	602	177
chr3	110000000	111000000	603	181
chr3	111000000	112000000	604	737
chr3	112000000	113000000	605	534
chr3	113000000	114000000	606	851
chr3	114000000	115000000	607	290
chr3	115000000	116000000	608	49
chr3	116000000	117000000	609	135
chr3	117000000	118000000	610	65
chr3	118000000	119000000	611	299
chr3	119000000	120000000	612	592
chr3	120000000	121000000	613	362
chr3	121000000	122000000	614	752
chr3	122000000	123000000	615	606
chr3	123000000	124000000	616	604
chr3	124000000	125000000	617	578
chr3	125000000	126000000	618	378
chr3	126000000	127000000	619	540
chr3	127000000	128000000	620	480
chr3	128000000	129000000	621	625
chr3	129000000	130000000	622	599
chr3	130000000	131000000	623	592
chr3	131000000	132000000	624	384
chr3	132000000	133000000	625	489
chr3	133000000	134000000	626	422
chr3	134000000	135000000	627	427
chr3	135000000	136000000	628	200
chr3	136000000	137000000	629	168
chr3	137000000	138000000	630	376
chr3	138000000	139000000	631	860
chr3	139000000	140000000	632	337
chr3	140000000	141000000	633	245
chr3	141000000	142000000	634	569
chr3	142000000	143000000	635	465
chr3	143000000	144000000	636	105
chr3	145000000	146000000	638	197
chr3	146000000	147000000	639	219
chr3	147000000	148000000	640	213
chr3	148000000	149000000	641	599
chr3	149000000	150000000	642	554
chr3	150000000	151000000	643	622
chr3	151000000	152000000	644	364
chr3	152000000	153000000	645	157
chr3	153000000	154000000	646	80
chr3	154000000	155000000	647	310
chr3	155000000	156000000	648	502
chr3	156000000	157000000	649	269
chr3	157000000	158000000	650	391
chr3	158000000	159000000	651	506
chr3	159000000	160000000	652	233
chr3	160000000	161000000	653	444
chr3	161000000	162000000	654	178
chr3	164000000	165000000	657	147
chr3	165000000	166000000	658	57
chr3	167000000	168000000	660	774
chr3	168000000	169000000	661	275
chr3	169000000	170000000	662	562
chr3	170000000	171000000	663	310
chr3	171000000	172000000	664	246
chr3	172000000	173000000	665	361
chr3	173000000	174000000	666	155
chr3	174000000	175000000	667	61
chr3	176000000	177000000	669	34
chr3	177000000	178000000	670	44
chr3	178000000	179000000	671	382
chr3	179000000	180000000	672	656
chr3	180000000	181000000	673	485
chr3	181000000	182000000	674	37
chr3	182000000	183000000	675	379
chr3	183000000	184000000	676	899
chr3	184000000	185000000	677	635
chr3	185000000	186000000	678	624
chr3	186000000	187000000	679	1109
chr3	187000000	188000000	680	1029
chr3	188000000	189000000	681	228
chr3	189000000	190000000	682	265
chr3	190000000	191000000	683	372
chr3	191000000	192000000	684	285
chr3	192000000	193000000	685	233
chr3	193000000	194000000	686	330
chr3	194000000	195000000	687	631
chr3	195000000	196000000	688	1028
chr3	196000000	197000000	689	614
chr3	197000000	198000000	690	445
chr4	0	1000000	691	1046
chr4	1000000	2000000	692	1142
chr4	2000000	3000000	693	831
chr4	3000000	4000000	694	487
chr4	4000000	5000000	695	299
chr4	5000000	6000000	696	451
chr4	6000000	7000000	697	568
chr4	7000000	8000000	698	365
chr4	8000000	9000000	699	540
chr4	9000000	10000000	700	416
chr4	10000000	11000000	701	291
chr4	11000000	12000000	702	54
chr4	13000000	14000000	704	156
chr4	15000000	16000000	706	630
chr4	16000000	17000000	707	291
chr4	17000000	18000000	708	217
chr4	18000000	19000000	709	34
chr4	20000000	21000000	711	455
chr4	21000000	22000000	712	347
chr4	22000000	23000000	713	103
chr4	23000000	24000000	714	31
chr4	24000000	25000000	715	151
chr4	25000000	26000000	716	584
chr4	26000000	27000000	717	386
chr4	27000000	28000000	718	46
chr4	28000000	29000000	719	109
chr4	30000000	31000000	721	82
chr4	36000000	37000000	727	139
chr4	37000000	38000000	728	265
chr4	38000000	39000000	729	287
chr4	39000000	40000000	730	457
chr4	40000000	41000000	731	1078
chr4	41000000	42000000	732	496
chr4	42000000	43000000	733	202
chr4	44000000	45000000	735	295
chr4	46000000	47000000	737	644
chr4	47000000	48000000	738	374
chr4	48000000	49000000	739	663
chr4	52000000	53000000	743	128
chr4	53000000	54000000	744	152
chr4	54000000	55000000	745	313
chr4	55000000	56000000	746	193
chr4	56000000	57000000	747	236
chr4	57000000	58000000	748	602
chr4	62000000	63000000	753	213
chr4	65000000	66000000	756	212
chr4	66000000	67000000	757	71
chr4	68000000	69000000	759	384
chr4	69000000	70000000	760	569
chr4	70000000	71000000	761	974
chr4	71000000	72000000	762	959
chr4	72000000	73000000	763	310
chr4	73000000	74000000	764	58
chr4	74000000	75000000	765	740
chr4	75000000	76000000	766	260
chr4	76000000	77000000	767	572
chr4	77000000	78000000	768	426
chr4	78000000	79000000	769	249
chr4	79000000	80000000	770	279
chr4	80000000	81000000	771	196
chr4	81000000	82000000	772	233
chr4	82000000	83000000	773	198
chr4	83000000	84000000	774	454
chr4	84000000	85000000	775	277
chr4	85000000	86000000	776	133
chr4	86000000	87000000	777	126
chr4	87000000	88000000	778	404
chr4	88000000	89000000	779	441
chr4	89000000	90000000	780	405
chr4	90000000	91000000	781	277
chr4	91000000	92000000	782	145
chr4	92000000	93000000	783	88
chr4	93000000	94000000	784	93
chr4	94000000	95000000	785	106
chr4	95000000	96000000	786	256
chr4	96000000	97000000	787	196
chr4	98000000	99000000	789	106
chr4	99000000	100000000	790	218
chr4	100000000	101000000	791	732
chr4	101000000	102000000	792	135
chr4	102000000	103000000	793	138
chr4	103000000	104000000	794	319
chr4	104000000	105000000	795	153
chr4	105000000	106000000	796	55
chr4	106000000	107000000	797	290
chr4	107000000	108000000	798	127
chr4	108000000	109000000	799	247
chr4	109000000	110000000	800	204
chr4	110000000	111000000	801	320
chr4	111000000	112000000	802	230
chr4	113000000	114000000	804	301
chr4	114000000	115000000	805	413
chr4	115000000	116000000	806	76
chr4	116000000	117000000	807	40
chr4	117000000	118000000	808	100
chr4	118000000	119000000	809	89
chr4	119000000	120000000	810	208
chr4	120000000	121000000	811	259
chr4	121000000	122000000	812	83
chr4	122000000	123000000	813	680
chr4	123000000	124000000	814	544
chr4	124000000	125000000	815	42
chr4	125000000	126000000	816	28
chr4	126000000	127000000	817	96
chr4	128000000	129000000	819	326
chr4	129000000	130000000	820	113
chr4	130000000	131000000	821	47
chr4	133000000	134000000	824	123
chr4	134000000	135000000	825	59
chr4	135000000	136000000	826	79
chr4	138000000	139000000	829	89
chr4	139000000	140000000	830	50
chr4	140000000	141000000	831	312
chr4	141000000	142000000	832	417
chr4	142000000	143000000	833	193
chr4	143000000	144000000	834	247
chr4	144000000	145000000	835	376
chr4	145000000	146000000	836	98
chr4	146000000	147000000	837	323
chr4	147000000	148000000	838	232
chr4	148000000	149000000	839	214
chr4	149000000	150000000	840	81
chr4	150000000	151000000	841	29
chr4	151000000	152000000	842	151
chr4	152000000	153000000	843	284
chr4	153000000	154000000	844	221
chr4	154000000	155000000	845	267
chr4	155000000	156000000	846	496
chr4	156000000	157000000	847	436
chr4	157000000	158000000	848	247
chr4	158000000	159000000	849	262
chr4	159000000	160000000	850	488
chr4	160000000	161000000	851	181
chr4	163000000	164000000	854	146
chr4	164000000	165000000	855	580
chr4	165000000	166000000	856	340
chr4	166000000	167000000	857	481
chr4	168000000	169000000	859	78
chr4	169000000	170000000	860	496
chr4	170000000	171000000	861	311
chr4	171000000	172000000	862	64
chr4	172000000	173000000	863	167
chr4	174000000	175000000	865	207
chr4	175000000	176000000	866	256
chr4	176000000	177000000	867	540
chr4	177000000	178000000	868	419
chr4	178000000	179000000	869	223
chr4	183000000	184000000	874	263
chr4	184000000	185000000	875	358
chr4	185000000	186000000	876	397
chr4	186000000	187000000	877	674
chr4	187000000	188000000	878	599
chr4	188000000	189000000	879	85
chr4	189000000	190000000	880	277
chr4	190000000	191000000	881	181
chr5	0	1000000	882	1008
chr5	1000000	2000000	883	812
chr5	2000000	3000000	884	80
chr5	3000000	4000000	885	62
chr5	5000000	6000000	887	89
chr5	6000000	7000000	888	159
chr5	7000000	8000000	889	278
chr5	9000000	10000000	891	304
chr5	10000000	11000000	892	284
chr5	11000000	12000000	893	198
chr5	13000000	14000000	895	52
chr5	14000000	15000000	896	270
chr5	15000000	16000000	897	126
chr5	16000000	17000000	898	327
chr5	17000000	18000000	899	70
chr5	19000000	20000000	901	299
chr5	20000000	21000000	902	102
chr5	22000000	23000000	904	168
chr5	23000000	24000000	905	280
chr5	24000000	25000000	906	89
chr5	27000000	28000000	909	272
chr5	31000000	32000000	913	256
chr5	32000000	33000000	914	353
chr5	33000000	34000000	915	188
chr5	34000000	35000000	916	313
chr5	35000000	36000000	917	1053
chr5	36000000	37000000	918	358
chr5	37000000	38000000	919	289
chr5	38000000	39000000	920	448
chr5	39000000	40000000	921	388
chr5	40000000	41000000	922	205
chr5	41000000	42000000	923	564
chr5	42000000	43000000	924	347
chr5	43000000	44000000	925	458
chr5	44000000	45000000	926	129
chr5	45000000	46000000	927	83
chr5	49000000	50000000	931	178
chr5	50000000	51000000	932	52
chr5	51000000	52000000	933	50
chr5	52000000	53000000	934	194
chr5	53000000	54000000	935	120
chr5	54000000	55000000	936	455
chr5	55000000	56000000	937	406
chr5	56000000	57000000	938	228
chr5	57000000	58000000	939	206
chr5	58000000	59000000	940	139
chr5	59000000	60000000	941	203
chr5	60000000	61000000	942	213
chr5	61000000	62000000	943	246
chr5	63000000	64000000	945	239
chr5	64000000	65000000	946	249
chr5	65000000	66000000	947	261
chr5	66000000	67000000	948	268
chr5	67000000	68000000	949	181
chr5	68000000	69000000	950	455
chr5	69000000	70000000	951	15
chr5	70000000	71000000	952	93
chr5	71000000	72000000	953	193
chr5	72000000	73000000	954	335
chr5	73000000	74000000	955	151
chr5	74000000	75000000	956	358
chr5	75000000	76000000	957	229
chr5	76000000	77000000	958	426
chr5	77000000	78000000	959	217
chr5	78000000	79000000	960	256
chr5	79000000	80000000	961	277
chr5	80000000	81000000	962	108
chr5	81000000	82000000	963	124
chr5	82000000	83000000	964	227
chr5	83000000	84000000	965	86
chr5	85000000	86000000	967	55
chr5	86000000	87000000	968	120
chr5	87000000	88000000	969	72
chr5	88000000	89000000	970	224
chr5	89000000	90000000	971	325
chr5	90000000	91000000	972	70
chr5	92000000	93000000	974	48
chr5	93000000	94000000	975	157
chr5	94000000	95000000	976	512
chr5	95000000	96000000	977	389
chr5	96000000	97000000	978	467
chr5	98000000	99000000	980	71
chr5	99000000	100000000	981	39
chr5	100000000	101000000	982	70
chr5	101000000	102000000	983	251
chr5	102000000	103000000	984	389
chr5	107000000	108000000	989	86
chr5	108000000	109000000	990	96
chr5	109000000	110000000	991	79
chr5	110000000	111000000	992	380
chr5	111000000	112000000	993	247
chr5	112000000	113000000	994	353
chr5	113000000	114000000	995	107
chr5	114000000	115000000	996	237
chr5	115000000	116000000	997	420
chr5	118000000	119000000	1000	288
chr5	119000000	120000000	1001	203
chr5	121000000	122000000	1003	309
chr5	122000000	123000000	1004	196
chr5	124000000	125000000	1006	98
chr5	125000000	126000000	1007	178
chr5	126000000	127000000	1008	301
chr5	127000000	128000000	1009	272
chr5	128000000	129000000	1010	180
chr5	129000000	130000000	1011	141
chr5	130000000	131000000	1012	220
chr5	131000000	132000000	1013	685
chr5	132000000	133000000	1014	484
chr5	133000000	134000000	1015	415
chr5	134000000	135000000	1016	484
chr5	135000000	136000000	1017	487
chr5	136000000	137000000	1018	83
chr5	137000000	138000000	1019	852
chr5	138000000	139000000	1020	808
chr5	139000000	140000000	1021	621
chr5	140000000	141000000	1022	3992
chr5	141000000	142000000	1023	445
chr5	142000000	143000000	1024	326
chr5	143000000	144000000	1025	133
chr5	145000000	146000000	1027	422
chr5	146000000	147000000	1028	311
chr5	147000000	148000000	1029	681
chr5	148000000	149000000	1030	628
chr5	149000000	150000000	1031	854
chr5	150000000	151000000	1032	1074
chr5	151000000	152000000	1033	317
chr5	152000000	153000000	1034	104
chr5	153000000	154000000	1035	160
chr5	154000000	155000000	1036	286
chr5	155000000	156000000	1037	89
chr5	156000000	157000000	1038	712
chr5	157000000	158000000	1039	261
chr5	158000000	159000000	1040	222
chr5	159000000	160000000	1041	348
chr5	160000000	161000000	1042	151
chr5	161000000	162000000	1043	585
chr5	162000000	163000000	1044	182
chr5	166000000	167000000	1048	71
chr5	167000000	168000000	1049	368
chr5	168000000	169000000	1050	96
chr5	169000000	170000000	1051	557
chr5	170000000	171000000	1052	392
chr5	171000000	172000000	1053	319
chr5	172000000	173000000	1054	441
chr5	173000000	174000000	1055	236
chr5	174000000	175000000	1056	146
chr5	175000000	176000000	1057	861
chr5	176000000	177000000	1058	1210
chr5	177000000	178000000	1059	473
chr5	178000000	179000000	1060	563
chr5	179000000	180000000	1061	1072
chr6	0	1000000	1062	334
chr6	1000000	2000000	1063	103
chr6	2000000	3000000	1064	388
chr6	3000000	4000000	1065	419
chr6	4000000	5000000	1066	340
chr6	5000000	6000000	1067	156
chr6	6000000	7000000	1068	242
chr6	7000000	8000000	1069	279
chr6	8000000	9000000	1070	161
chr6	9000000	10000000	1071	176
chr6	10000000	11000000	1072	691
chr6	11000000	12000000	1073	324
chr6	12000000	13000000	1074	312
chr6	13000000	14000000	1075	441
chr6	14000000	15000000	1076	83
chr6	15000000	16000000	1077	130
chr6	16000000	17000000	1078	96
chr6	17000000	18000000	1079	351
chr6	18000000	19000000	1080	242
chr6	19000000	20000000	1081	35
chr6	20000000	21000000	1082	135
chr6	21000000	22000000	1083	28
chr6	22000000	23000000	1084	146
chr6	24000000	25000000	1086	684
chr6	25000000	26000000	1087	687
chr6	26000000	27000000	1088	2406
chr6	27000000	28000000	1089	1435
chr6	28000000	29000000	1090	844
chr6	29000000	30000000	1091	1495
chr6	30000000	31000000	1092	1335
chr6	31000000	32000000	1093	2394
chr6	32000000	33000000	1094	1860
chr6	33000000	34000000	1095	1064
chr6	34000000	35000000	1096	726
chr6	35000000	36000000	1097	828
chr6	36000000	37000000	1098	734
chr6	37000000	38000000	1099	470
chr6	38000000	39000000	1100	367
chr6	39000000	40000000	1101	708
chr6	40000000	41000000	1102	31
chr6	41000000	42000000	1103	1187
chr6	42000000	43000000	1104	791
chr6	43000000	44000000	1105	1208
chr6	44000000	45000000	1106	569
chr6	45000000	46000000	1107	180
chr6	46000000	47000000	1108	841
chr6	47000000	48000000	1109	300
chr6	48000000	49000000	1110	39
chr6	49000000	50000000	1111	1172
chr6	50000000	51000000	1112	201
chr6	51000000	52000000	1113	53
chr6	52000000	53000000	1114	756
chr6	53000000	54000000	1115	561
chr6	54000000	55000000	1116	191
chr6	55000000	56000000	1117	474
chr6	56000000	57000000	1118	545
chr6	57000000	58000000	1119	96
chr6	62000000	63000000	1124	224
chr6	63000000	64000000	1125	91
chr6	64000000	65000000	1126	250
chr6	66000000	67000000	1128	193
chr6	69000000	70000000	1131	145
chr6	70000000	71000000	1132	327
chr6	71000000	72000000	1133	269
chr6	72000000	73000000	1134	433
chr6	73000000	74000000	1135	369
chr6	74000000	75000000	1136	499
chr6	75000000	76000000	1137	240
chr6	76000000	77000000	1138	326
chr6	78000000	79000000	1140	130
chr6	79000000	80000000	1141	129
chr6	80000000	81000000	1142	174
chr6	82000000	83000000	1144	124
chr6	83000000	84000000	1145	229
chr6	84000000	85000000	1146	480
chr6	85000000	86000000	1147	66
chr6	86000000	87000000	1148	217
chr6	87000000	88000000	1149	177
chr6	88000000	89000000	1150	646
chr6	89000000	90000000	1151	203
chr6	90000000	91000000	1152	404
chr6	91000000	92000000	1153	222
chr6	94000000	95000000	1156	57
chr6	96000000	97000000	1158	133
chr6	97000000	98000000	1159	265
chr6	99000000	100000000	1161	309
chr6	100000000	101000000	1162	248
chr6	101000000	102000000	1163	92
chr6	102000000	103000000	1164	193
chr6	105000000	106000000	1167	293
chr6	106000000	107000000	1168	195
chr6	107000000	108000000	1169	142
chr6	108000000	109000000	1170	374
chr6	109000000	110000000	1171	507
chr6	110000000	111000000	1172	518
chr6	111000000	112000000	1173	263
chr6	112000000	113000000	1174	450
chr6	114000000	115000000	1176	154
chr6	116000000	117000000	1178	742
chr6	117000000	118000000	1179	426
chr6	118000000	119000000	1180	92
chr6	119000000	120000000	1181	290
chr6	121000000	122000000	1183	73
chr6	122000000	123000000	1184	162
chr6	123000000	124000000	1185	347
chr6	124000000	125000000	1186	100
chr6	125000000	126000000	1187	284
chr6	126000000	127000000	1188	365
chr6	127000000	128000000	1189	380
chr6	128000000	129000000	1190	341
chr6	129000000	130000000	1191	50
chr6	130000000	131000000	1192	644
chr6	131000000	132000000	1193	578
chr6	132000000	133000000	1194	444
chr6	133000000	134000000	1195	308
chr6	134000000	135000000	1196	457
chr6	135000000	136000000	1197	401
chr6	136000000	137000000	1198	354
chr6	137000000	138000000	1199	220
chr6	138000000	139000000	1200	250
chr6	139000000	140000000	1201	327
chr6	142000000	143000000	1204	189
chr6	143000000	144000000	1205	289
chr6	144000000	145000000	1206	526
chr6	145000000	146000000	1207	72
chr6	146000000	147000000	1208	342
chr6	147000000	148000000	1209	244
chr6	148000000	149000000	1210	53
chr6	149000000	150000000	1211	375
chr6	150000000	151000000	1212	481
chr6	151000000	152000000	1213	365
chr6	152000000	153000000	1214	653
chr6	153000000	154000000	1215	456
chr6	154000000	155000000	1216	406
chr6	155000000	156000000	1217	381
chr6	157000000	158000000	1219	130
chr6	158000000	159000000	1220	220
chr6	159000000	160000000	1221	365
chr6	160000000	161000000	1222	584
chr6	161000000	162000000	1223	314
chr6	163000000	164000000	1225	358
chr6	165000000	166000000	1227	103
chr6	166000000	167000000	1228	301
chr6	167000000	168000000	1229	598
chr6	168000000	169000000	1230	584
chr6	169000000	170000000	1231	115
chr6	170000000	171000000	1232	354
chr7	0	1000000	1233	857
chr7	1000000	2000000	1234	881
chr7	2000000	3000000	1235	1024
chr7	3000000	4000000	1236	275
chr7	4000000	5000000	1237	257
chr7	5000000	6000000	1238	769
chr7	6000000	7000000	1239	961
chr7	7000000	8000000	1240	305
chr7	8000000	9000000	1241	170
chr7	10000000	11000000	1243	39
chr7	11000000	12000000	1244	97
chr7	12000000	13000000	1245	284
chr7	14000000	15000000	1247	244
chr7	15000000	16000000	1248	238
chr7	16000000	17000000	1249	502
chr7	17000000	18000000	1250	46
chr7	18000000	19000000	1251	281
chr7	19000000	20000000	1252	249
chr7	20000000	21000000	1253	279
chr7	21000000	22000000	1254	302
chr7	22000000	23000000	1255	349
chr7	23000000	24000000	1256	439
chr7	24000000	25000000	1257	366
chr7	25000000	26000000	1258	192
chr7	26000000	27000000	1259	415
chr7	27000000	28000000	1260	920
chr7	28000000	29000000	1261	431
chr7	29000000	30000000	1262	467
chr7	30000000	31000000	1263	648
chr7	31000000	32000000	1264	736
chr7	32000000	33000000	1265	364
chr7	33000000	34000000	1266	360
chr7	34000000	35000000	1267	239
chr7	35000000	36000000	1268	255
chr7	36000000	37000000	1269	387
chr7	37000000	38000000	1270	851
chr7	38000000	39000000	1271	530
chr7	39000000	40000000	1272	360
chr7	40000000	41000000	1273	62
chr7	41000000	42000000	1274	87
chr7	42000000	43000000	1275	196
chr7	43000000	44000000	1276	340
chr7	44000000	45000000	1277	1042
chr7	45000000	46000000	1278	438
chr7	46000000	47000000	1279	42
chr7	47000000	48000000	1280	316
chr7	48000000	49000000	1281	537
chr7	49000000	50000000	1282	90
chr7	50000000	51000000	1283	809
chr7	51000000	52000000	1284	84
chr7	53000000	54000000	1286	235
chr7	54000000	55000000	1287	115
chr7	55000000	56000000	1288	472
chr7	56000000	57000000	1289	320
chr7	57000000	58000000	1290	237
chr7	62000000	63000000	1295	37
chr7	63000000	64000000	1296	501
chr7	64000000	65000000	1297	395
chr7	65000000	66000000	1298	248
chr7	66000000	67000000	1299	214
chr7	69000000	70000000	1302	59
chr7	70000000	71000000	1303	304
chr7	71000000	72000000	1304	311
chr7	72000000	73000000	1305	457
chr7	73000000	74000000	1306	902
chr7	74000000	75000000	1307	168
chr7	75000000	76000000	1308	858
chr7	76000000	77000000	1309	444
chr7	77000000	78000000	1310	314
chr7	78000000	79000000	1311	69
chr7	79000000	80000000	1312	198
chr7	80000000	81000000	1313	471
chr7	81000000	82000000	1314	261
chr7	82000000	83000000	1315	262
chr7	83000000	84000000	1316	223
chr7	84000000	85000000	1317	174
chr7	86000000	87000000	1319	487
chr7	87000000	88000000	1320	615
chr7	88000000	89000000	1321	127
chr7	89000000	90000000	1322	395
chr7	90000000	91000000	1323	246
chr7	91000000	92000000	1324	397
chr7	92000000	93000000	1325	502
chr7	93000000	94000000	1326	460
chr7	94000000	95000000	1327	320
chr7	95000000	96000000	1328	270
chr7	96000000	97000000	1329	253
chr7	97000000	98000000	1330	287
chr7	98000000	99000000	1331	371
chr7	99000000	100000000	1332	1608
chr7	100000000	101000000	1333	2906
chr7	101000000	102000000	1334	257
chr7	102000000	103000000	1335	826
chr7	103000000	104000000	1336	312
chr7	104000000	105000000	1337	245
chr7	105000000	106000000	1338	488
chr7	106000000	107000000	1339	222
chr7	107000000	108000000	1340	555
chr7	108000000	109000000	1341	305
chr7	110000000	111000000	1343	100
chr7	111000000	112000000	1344	335
chr7	112000000	113000000	1345	366
chr7	113000000	114000000	1346	258
chr7	114000000	115000000	1347	237
chr7	115000000	116000000	1348	271
chr7	116000000	117000000	1349	547
chr7	117000000	118000000	1350	485
chr7	119000000	120000000	1352	69
chr7	120000000	121000000	1353	378
chr7	121000000	122000000	1354	234
chr7	122000000	123000000	1355	484
chr7	123000000	124000000	1356	641
chr7	124000000	125000000	1357	224
chr7	126000000	127000000	1359	223
chr7	127000000	128000000	1360	404
chr7	128000000	129000000	1361	801
chr7	129000000	130000000	1362	502
chr7	130000000	131000000	1363	527
chr7	131000000	132000000	1364	73
chr7	132000000	133000000	1365	239
chr7	133000000	134000000	1366	102
chr7	134000000	135000000	1367	639
chr7	135000000	136000000	1368	329
chr7	136000000	137000000	1369	85
chr7	137000000	138000000	1370	314
chr7	138000000	139000000	1371	581
chr7	139000000	140000000	1372	382
chr7	140000000	141000000	1373	738
chr7	141000000	142000000	1374	1042
chr7	142000000	143000000	1375	1281
chr7	143000000	144000000	1376	1295
chr7	144000000	145000000	1377	340
chr7	145000000	146000000	1378	87
chr7	147000000	148000000	1380	179
chr7	148000000	149000000	1381	389
chr7	149000000	150000000	1382	225
chr7	150000000	151000000	1383	2047
chr7	151000000	152000000	1384	717
chr7	152000000	153000000	1385	89
chr7	153000000	154000000	1386	131
chr7	154000000	155000000	1387	342
chr7	155000000	156000000	1388	439
chr7	156000000	157000000	1389	306
chr7	157000000	158000000	1390	254
chr7	158000000	159000000	1391	431
chr8	0	1000000	1547	236
chr8	1000000	2000000	1548	306
chr8	3000000	4000000	1550	99
chr8	4000000	5000000	1551	82
chr8	6000000	7000000	1553	512
chr8	7000000	8000000	1554	446
chr8	8000000	9000000	1555	139
chr8	9000000	10000000	1556	169
chr8	10000000	11000000	1557	302
chr8	11000000	12000000	1558	959
chr8	12000000	13000000	1559	251
chr8	13000000	14000000	1560	232
chr8	14000000	15000000	1561	108
chr8	15000000	16000000	1562	194
chr8	16000000	17000000	1563	548
chr8	17000000	18000000	1564	696
chr8	18000000	19000000	1565	358
chr8	19000000	20000000	1566	305
chr8	20000000	21000000	1567	164
chr8	21000000	22000000	1568	393
chr8	22000000	23000000	1569	1037
chr8	23000000	24000000	1570	596
chr8	24000000	25000000	1571	534
chr8	25000000	26000000	1572	267
chr8	26000000	27000000	1573	267
chr8	27000000	28000000	1574	721
chr8	28000000	29000000	1575	528
chr8	29000000	30000000	1576	180
chr8	30000000	31000000	1577	341
chr8	31000000	32000000	1578	73
chr8	32000000	33000000	1579	250
chr8	33000000	34000000	1580	236
chr8	35000000	36000000	1582	331
chr8	36000000	37000000	1583	113
chr8	37000000	38000000	1584	470
chr8	38000000	39000000	1585	778
chr8	39000000	40000000	1586	420
chr8	40000000	41000000	1587	235
chr8	41000000	42000000	1588	485
chr8	42000000	43000000	1589	705
chr8	43000000	44000000	1590	73
chr8	48000000	49000000	1595	315
chr8	49000000	50000000	1596	336
chr8	50000000	51000000	1597	255
chr8	51000000	52000000	1598	96
chr8	52000000	53000000	1599	292
chr8	53000000	54000000	1600	406
chr8	54000000	55000000	1601	304
chr8	55000000	56000000	1602	222
chr8	56000000	57000000	1603	592
chr8	57000000	58000000	1604	405
chr8	58000000	59000000	1605	28
chr8	59000000	60000000	1606	176
chr8	60000000	61000000	1607	41
chr8	61000000	62000000	1608	240
chr8	62000000	63000000	1609	361
chr8	63000000	64000000	1610	93
chr8	64000000	65000000	1611	72
chr8	65000000	66000000	1612	119
chr8	66000000	67000000	1613	278
chr8	67000000	68000000	1614	728
chr8	68000000	69000000	1615	290
chr8	69000000	70000000	1616	386
chr8	70000000	71000000	1617	352
chr8	71000000	72000000	1618	232
chr8	72000000	73000000	1619	514
chr8	73000000	74000000	1620	136
chr8	74000000	75000000	1621	344
chr8	75000000	76000000	1622	266
chr8	76000000	77000000	1623	86
chr8	77000000	78000000	1624	351
chr8	79000000	80000000	1626	305
chr8	80000000	81000000	1627	191
chr8	81000000	82000000	1628	101
chr8	82000000	83000000	1629	476
chr8	85000000	86000000	1632	169
chr8	86000000	87000000	1633	861
chr8	87000000	88000000	1634	812
chr8	88000000	89000000	1635	384
chr8	89000000	90000000	1636	71
chr8	90000000	91000000	1637	127
chr8	91000000	92000000	1638	423
chr8	92000000	93000000	1639	252
chr8	93000000	94000000	1640	636
chr8	94000000	95000000	1641	635
chr8	95000000	96000000	1642	728
chr8	96000000	97000000	1643	108
chr8	97000000	98000000	1644	422
chr8	98000000	99000000	1645	336
chr8	99000000	100000000	1646	359
chr8	100000000	101000000	1647	144
chr8	101000000	102000000	1648	791
chr8	102000000	103000000	1649	250
chr8	103000000	104000000	1650	572
chr8	104000000	105000000	1651	452
chr8	105000000	106000000	1652	530
chr8	106000000	107000000	1653	314
chr8	107000000	108000000	1654	436
chr8	108000000	109000000	1655	249
chr8	109000000	110000000	1656	513
chr8	110000000	111000000	1657	806
chr8	113000000	114000000	1660	93
chr8	114000000	115000000	1661	359
chr8	116000000	117000000	1663	253
chr8	117000000	118000000	1664	409
chr8	118000000	119000000	1665	154
chr8	119000000	120000000	1666	313
chr8	120000000	121000000	1667	352
chr8	121000000	122000000	1668	287
chr8	122000000	123000000	1669	39
chr8	123000000	124000000	1670	60
chr8	124000000	125000000	1671	811
chr8	125000000	126000000	1672	328
chr8	126000000	127000000	1673	213
chr8	127000000	128000000	1674	40
chr8	128000000	129000000	1675	318
chr8	130000000	131000000	1677	96
chr8	131000000	132000000	1678	225
chr8	132000000	133000000	1679	369
chr8	133000000	134000000	1680	961
chr8	134000000	135000000	1681	437
chr8	135000000	136000000	1682	150
chr8	136000000	137000000	1683	93
chr8	139000000	140000000	1686	316
chr8	140000000	141000000	1687	83
chr8	141000000	142000000	1688	470
chr8	142000000	143000000	1689	703
chr8	143000000	144000000	1690	914
chr8	144000000	145000000	1691	1939
chr8	145000000	146000000	1692	1594
chr9	0	1000000	1693	400
chr9	1000000	2000000	1694	53
chr9	2000000	3000000	1695	225
chr9	3000000	4000000	1696	150
chr9	4000000	5000000	1697	416
chr9	5000000	6000000	1698	410
chr9	6000000	7000000	1699	319
chr9	7000000	8000000	1700	60
chr9	8000000	9000000	1701	94
chr9	10000000	11000000	1703	91
chr9	12000000	13000000	1705	120
chr9	13000000	14000000	1706	138
chr9	14000000	15000000	1707	311
chr9	15000000	16000000	1708	254
chr9	16000000	17000000	1709	373
chr9	17000000	18000000	1710	142
chr9	18000000	19000000	1711	103
chr9	19000000	20000000	1712	391
chr9	20000000	21000000	1713	155
chr9	21000000	22000000	1714	1078
chr9	22000000	23000000	1715	55
chr9	23000000	24000000	1716	287
chr9	24000000	25000000	1717	141
chr9	25000000	26000000	1718	40
chr9	26000000	27000000	1719	184
chr9	27000000	28000000	1720	149
chr9	28000000	29000000	1721	115
chr9	32000000	33000000	1725	281
chr9	33000000	34000000	1726	1264
chr9	34000000	35000000	1727	821
chr9	35000000	36000000	1728	1046
chr9	36000000	37000000	1729	242
chr9	37000000	38000000	1730	612
chr9	38000000	39000000	1731	211
chr9	39000000	40000000	1732	9
chr9	40000000	41000000	1733	26
chr9	41000000	42000000	1734	4
chr9	42000000	43000000	1735	33
chr9	43000000	44000000	1736	123
chr9	44000000	45000000	1737	239
chr9	45000000	46000000	1738	84
chr9	46000000	47000000	1739	14
chr9	67000000	68000000	1760	97
chr9	69000000	70000000	1762	83
chr9	70000000	71000000	1763	191
chr9	71000000	72000000	1764	437
chr9	72000000	73000000	1765	192
chr9	73000000	74000000	1766	113
chr9	74000000	75000000	1767	554
chr9	75000000	76000000	1768	263
chr9	77000000	78000000	1770	308
chr9	78000000	79000000	1771	168
chr9	79000000	80000000	1772	411
chr9	80000000	81000000	1773	184
chr9	82000000	83000000	1775	205
chr9	84000000	85000000	1777	122
chr9	85000000	86000000	1778	137
chr9	86000000	87000000	1779	353
chr9	87000000	88000000	1780	75
chr9	88000000	89000000	1781	297
chr9	89000000	90000000	1782	65
chr9	90000000	91000000	1783	171
chr9	91000000	92000000	1784	356
chr9	92000000	93000000	1785	179
chr9	93000000	94000000	1786	95
chr9	94000000	95000000	1787	128
chr9	95000000	96000000	1788	627
chr9	96000000	97000000	1789	295
chr9	97000000	98000000	1790	287
chr9	98000000	99000000	1791	276
chr9	99000000	100000000	1792	366
chr9	100000000	101000000	1793	529
chr9	101000000	102000000	1794	318
chr9	102000000	103000000	1795	131
chr9	103000000	104000000	1796	322
chr9	104000000	105000000	1797	338
chr9	105000000	106000000	1798	104
chr9	106000000	107000000	1799	37
chr9	107000000	108000000	1800	838
chr9	108000000	109000000	1801	276
chr9	109000000	110000000	1802	153
chr9	110000000	111000000	1803	126
chr9	111000000	112000000	1804	227
chr9	112000000	113000000	1805	312
chr9	113000000	114000000	1806	424
chr9	114000000	115000000	1807	376
chr9	115000000	116000000	1808	337
chr9	116000000	117000000	1809	684
chr9	117000000	118000000	1810	692
chr9	118000000	119000000	1811	124
chr9	119000000	120000000	1812	225
chr9	120000000	121000000	1813	104
chr9	122000000	123000000	1815	153
chr9	123000000	124000000	1816	535
chr9	124000000	125000000	1817	450
chr9	125000000	126000000	1818	1366
chr9	126000000	127000000	1819	244
chr9	127000000	128000000	1820	630
chr9	128000000	129000000	1821	289
chr9	129000000	130000000	1822	356
chr9	130000000	131000000	1823	1247
chr9	131000000	132000000	1824	1207
chr9	132000000	133000000	1825	473
chr9	133000000	134000000	1826	774
chr9	134000000	135000000	1827	632
chr9	135000000	136000000	1828	623
chr9	136000000	137000000	1829	888
chr9	137000000	138000000	1830	460
chr9	138000000	139000000	1831	859
chr9	139000000	140000000	1832	1932
chr9	140000000	141000000	1833	1112
chrX	0	1000000	1392	128
chrX	1000000	2000000	1393	109
chrX	2000000	3000000	1394	288
chrX	3000000	4000000	1395	142
chrX	6000000	7000000	1398	96
chrX	7000000	8000000	1399	94
chrX	8000000	9000000	1400	74
chrX	9000000	10000000	1401	221
chrX	10000000	11000000	1402	213
chrX	11000000	12000000	1403	278
chrX	12000000	13000000	1404	491
chrX	13000000	14000000	1405	256
chrX	14000000	15000000	1406	127
chrX	15000000	16000000	1407	323
chrX	16000000	17000000	1408	300
chrX	17000000	18000000	1409	114
chrX	18000000	19000000	1410	267
chrX	19000000	20000000	1411	369
chrX	20000000	21000000	1412	133
chrX	21000000	22000000	1413	156
chrX	22000000	23000000	1414	111
chrX	23000000	24000000	1415	262
chrX	24000000	25000000	1416	151
chrX	25000000	26000000	1417	31
chrX	26000000	27000000	1418	237
chrX	27000000	28000000	1419	137
chrX	28000000	29000000	1420	148
chrX	30000000	31000000	1422	471
chrX	31000000	32000000	1423	136
chrX	32000000	33000000	1424	109
chrX	33000000	34000000	1425	269
chrX	34000000	35000000	1426	166
chrX	35000000	36000000	1427	113
chrX	36000000	37000000	1428	191
chrX	37000000	38000000	1429	277
chrX	38000000	39000000	1430	165
chrX	39000000	40000000	1431	98
chrX	40000000	41000000	1432	167
chrX	41000000	42000000	1433	138
chrX	43000000	44000000	1435	101
chrX	44000000	45000000	1436	154
chrX	45000000	46000000	1437	36
chrX	46000000	47000000	1438	224
chrX	47000000	48000000	1439	524
chrX	48000000	49000000	1440	1222
chrX	49000000	50000000	1441	630
chrX	50000000	51000000	1442	128
chrX	51000000	52000000	1443	212
chrX	52000000	53000000	1444	172
chrX	53000000	54000000	1445	289
chrX	54000000	55000000	1446	389
chrX	55000000	56000000	1447	450
chrX	56000000	57000000	1448	92
chrX	57000000	58000000	1449	143
chrX	62000000	63000000	1454	74
chrX	63000000	64000000	1455	182
chrX	64000000	65000000	1456	199
chrX	65000000	66000000	1457	290
chrX	66000000	67000000	1458	86
chrX	67000000	68000000	1459	102
chrX	68000000	69000000	1460	145
chrX	69000000	70000000	1461	459
chrX	70000000	71000000	1462	636
chrX	71000000	72000000	1463	194
chrX	72000000	73000000	1464	227
chrX	73000000	74000000	1465	203
chrX	74000000	75000000	1466	144
chrX	75000000	76000000	1467	123
chrX	76000000	77000000	1468	94
chrX	77000000	78000000	1469	310
chrX	78000000	79000000	1470	210
chrX	79000000	80000000	1471	163
chrX	80000000	81000000	1472	104
chrX	82000000	83000000	1474	56
chrX	83000000	84000000	1475	126
chrX	84000000	85000000	1476	227
chrX	85000000	86000000	1477	167
chrX	86000000	87000000	1478	52
chrX	87000000	88000000	1479	5
chrX	88000000	89000000	1480	66
chrX	89000000	90000000	1481	54
chrX	90000000	91000000	1482	46
chrX	91000000	92000000	1483	98
chrX	92000000	93000000	1484	58
chrX	95000000	96000000	1487	17
chrX	96000000	97000000	1488	39
chrX	99000000	100000000	1491	183
chrX	100000000	101000000	1492	660
chrX	101000000	102000000	1493	409
chrX	102000000	103000000	1494	552
chrX	103000000	104000000	1495	420
chrX	104000000	105000000	1496	44
chrX	105000000	106000000	1497	356
chrX	106000000	107000000	1498	431
chrX	107000000	108000000	1499	496
chrX	108000000	109000000	1500	136
chrX	109000000	110000000	1501	157
chrX	110000000	111000000	1502	296
chrX	111000000	112000000	1503	131
chrX	112000000	113000000	1504	68
chrX	113000000	114000000	1505	38
chrX	114000000	115000000	1506	277
chrX	115000000	116000000	1507	137
chrX	117000000	118000000	1509	376
chrX	118000000	119000000	1510	361
chrX	119000000	120000000	1511	387
chrX	120000000	121000000	1512	71
chrX	122000000	123000000	1514	223
chrX	123000000	124000000	1515	95
chrX	124000000	125000000	1516	56
chrX	125000000	126000000	1517	181
chrX	127000000	128000000	1519	66
chrX	128000000	129000000	1520	210
chrX	129000000	130000000	1521	328
chrX	130000000	131000000	1522	328
chrX	131000000	132000000	1523	205
chrX	132000000	133000000	1524	300
chrX	133000000	134000000	1525	164
chrX	134000000	135000000	1526	469
chrX	135000000	136000000	1527	532
chrX	136000000	137000000	1528	60
chrX	137000000	138000000	1529	118
chrX	138000000	139000000	1530	481
chrX	139000000	140000000	1531	197
chrX	140000000	141000000	1532	556
chrX	141000000	142000000	1533	65
chrX	142000000	143000000	1534	335
chrX	144000000	145000000	1536	189
chrX	146000000	147000000	1538	33
chrX	147000000	148000000	1539	151
chrX	148000000	149000000	1540	250
chrX	149000000	150000000	1541	279
chrX	150000000	151000000	1542	522
chrX	151000000	152000000	1543	430
chrX	152000000	153000000	1544	816
chrX	153000000	154000000	1545	1671
chrX	154000000	155000000	1546	379
chrY	2000000	3000000	2875	17
chrY	3000000	4000000	2876	20
chrY	4000000	5000000	2877	34
chrY	5000000	6000000	2878	12
chrY	6000000	7000000	2879	25
chrY	9000000	10000000	2882	52
chrY	13000000	14000000	2886	84
chrY	14000000	15000000	2887	17
chrY	15000000	16000000	2888	24
chrY	16000000	17000000	2889	33
chrY	21000000	22000000	2894	19
chrY	22000000	23000000	2895	17
chrY	23000000	24000000	2896	18
chrY	24000000	25000000	2897	19
chrY	25000000	26000000	2898	3
chrY	26000000	27000000	2899	1
chrY	27000000	28000000	2900	1
