chr1	0	1000000	1	1518
chr1	1000000	2000000	2	2428
chr1	2000000	3000000	3	1179
chr1	3000000	4000000	4	1161
chr1	4000000	5000000	5	456
chr1	5000000	6000000	6	203
chr1	6000000	7000000	7	1480
chr1	7000000	8000000	8	386
chr1	8000000	9000000	9	497
chr1	9000000	10000000	10	759
chr1	10000000	11000000	11	718
chr1	11000000	12000000	12	1412
chr1	12000000	13000000	13	1659
chr1	13000000	14000000	14	463
chr1	14000000	15000000	15	176
chr1	15000000	16000000	16	953
chr1	16000000	17000000	17	2051
chr1	17000000	18000000	18	1551
chr1	18000000	19000000	19	442
chr1	19000000	20000000	20	1047
chr1	20000000	21000000	21	1009
chr1	21000000	22000000	22	756
chr1	22000000	23000000	23	974
chr1	23000000	24000000	24	932
chr1	24000000	25000000	25	1255
chr1	25000000	26000000	26	462
chr1	26000000	27000000	27	1237
chr1	27000000	28000000	28	1158
chr1	28000000	29000000	29	775
chr1	29000000	30000000	30	535
chr1	30000000	31000000	31	68
chr1	31000000	32000000	32	568
chr1	32000000	33000000	33	1255
chr1	33000000	34000000	34	1097
chr1	34000000	35000000	35	880
chr1	35000000	36000000	36	795
chr1	36000000	37000000	37	1232
chr1	37000000	38000000	38	335
chr1	38000000	39000000	39	875
chr1	39000000	40000000	40	850
chr1	40000000	41000000	41	1058
chr1	41000000	42000000	42	666
chr1	42000000	43000000	43	506
chr1	43000000	44000000	44	1204
chr1	44000000	45000000	45	947
chr1	45000000	46000000	46	936
chr1	46000000	47000000	47	962
chr1	47000000	48000000	48	1386
chr1	48000000	49000000	49	412
chr1	49000000	50000000	50	183
chr1	50000000	51000000	51	466
chr1	51000000	52000000	52	344
chr1	52000000	53000000	53	808
chr1	53000000	54000000	54	1066
chr1	54000000	55000000	55	645
chr1	55000000	56000000	56	1038
chr1	56000000	57000000	57	270
chr1	57000000	58000000	58	822
chr1	58000000	59000000	59	214
chr1	59000000	60000000	60	345
chr1	60000000	61000000	61	316
chr1	61000000	62000000	62	254
chr1	62000000	63000000	63	684
chr1	63000000	64000000	64	416
chr1	64000000	65000000	65	287
chr1	65000000	66000000	66	542
chr1	66000000	67000000	67	340
chr1	67000000	68000000	68	718
chr1	68000000	69000000	69	367
chr1	69000000	70000000	70	61
chr1	70000000	71000000	71	606
chr1	71000000	72000000	72	879
chr1	72000000	73000000	73	89
chr1	73000000	74000000	74	309
chr1	74000000	75000000	75	699
chr1	75000000	76000000	76	923
chr1	76000000	77000000	77	336
chr1	77000000	78000000	78	415
chr1	78000000	79000000	79	636
chr1	79000000	80000000	80	568
chr1	80000000	81000000	81	203
chr1	81000000	82000000	82	127
chr1	82000000	83000000	83	284
chr1	83000000	84000000	84	72
chr1	84000000	85000000	85	427
chr1	85000000	86000000	86	644
chr1	86000000	87000000	87	596
chr1	87000000	88000000	88	443
chr1	88000000	89000000	89	26
chr1	89000000	90000000	90	875
chr1	90000000	91000000	91	383
chr1	91000000	92000000	92	406
chr1	92000000	93000000	93	835
chr1	93000000	94000000	94	484
chr1	94000000	95000000	95	909
chr1	95000000	96000000	96	555
chr1	96000000	97000000	97	186
chr1	97000000	98000000	98	270
chr1	98000000	99000000	99	443
chr1	99000000	100000000	100	282
chr1	100000000	101000000	101	724
chr1	101000000	102000000	102	488
chr1	102000000	103000000	103	183
chr1	103000000	104000000	104	451
chr1	104000000	105000000	105	307
chr1	105000000	106000000	106	30
chr1	106000000	107000000	107	283
chr1	107000000	108000000	108	261
chr1	108000000	109000000	109	306
chr1	109000000	110000000	110	1215
chr1	110000000	111000000	111	1501
chr1	111000000	112000000	112	1074
chr1	112000000	113000000	113	620
chr1	113000000	114000000	114	645
chr1	114000000	115000000	115	866
chr1	115000000	116000000	116	842
chr1	116000000	117000000	117	533
chr1	117000000	118000000	118	737
chr1	118000000	119000000	119	584
chr1	119000000	120000000	120	519
chr1	120000000	121000000	121	1006
chr1	121000000	122000000	122	214
chr1	142000000	143000000	143	833
chr1	143000000	144000000	144	1063
chr1	144000000	145000000	145	1329
chr1	145000000	146000000	146	1391
chr1	146000000	147000000	147	627
chr1	147000000	148000000	148	544
chr1	148000000	149000000	149	577
chr1	149000000	150000000	150	1267
chr1	150000000	151000000	151	1384
chr1	151000000	152000000	152	1827
chr1	152000000	153000000	153	2984
chr1	153000000	154000000	154	1708
chr1	154000000	155000000	155	1617
chr1	155000000	156000000	156	1899
chr1	156000000	157000000	157	2448
chr1	157000000	158000000	158	1385
chr1	158000000	159000000	159	2772
chr1	159000000	160000000	160	1634
chr1	160000000	161000000	161	1908
chr1	161000000	162000000	162	1762
chr1	162000000	163000000	163	690
chr1	163000000	164000000	164	392
chr1	164000000	165000000	165	597
chr1	165000000	166000000	166	670
chr1	166000000	167000000	167	1032
chr1	167000000	168000000	168	1005
chr1	168000000	169000000	169	526
chr1	169000000	170000000	170	1053
chr1	170000000	171000000	171	690
chr1	171000000	172000000	172	982
chr1	172000000	173000000	173	435
chr1	173000000	174000000	174	1030
chr1	174000000	175000000	175	310
chr1	175000000	176000000	176	804
chr1	176000000	177000000	177	812
chr1	177000000	178000000	178	508
chr1	178000000	179000000	179	503
chr1	179000000	180000000	180	1393
chr1	180000000	181000000	181	752
chr1	181000000	182000000	182	898
chr1	182000000	183000000	183	1082
chr1	183000000	184000000	184	845
chr1	184000000	185000000	185	426
chr1	185000000	186000000	186	507
chr1	186000000	187000000	187	850
chr1	187000000	188000000	188	216
chr1	188000000	189000000	189	252
chr1	189000000	190000000	190	325
chr1	190000000	191000000	191	379
chr1	191000000	192000000	192	253
chr1	192000000	193000000	193	489
chr1	193000000	194000000	194	275
chr1	194000000	195000000	195	113
chr1	195000000	196000000	196	3
chr1	196000000	197000000	197	1067
chr1	197000000	198000000	198	1229
chr1	198000000	199000000	199	457
chr1	199000000	200000000	200	178
chr1	200000000	201000000	201	1059
chr1	201000000	202000000	202	1823
chr1	202000000	203000000	203	1123
chr1	203000000	204000000	204	1203
chr1	204000000	205000000	205	1218
chr1	205000000	206000000	206	1370
chr1	206000000	207000000	207	735
chr1	207000000	208000000	208	1396
chr1	208000000	209000000	209	278
chr1	209000000	210000000	210	772
chr1	210000000	211000000	211	467
chr1	211000000	212000000	212	623
chr1	212000000	213000000	213	525
chr1	213000000	214000000	214	504
chr1	214000000	215000000	215	775
chr1	215000000	216000000	216	468
chr1	216000000	217000000	217	589
chr1	217000000	218000000	218	238
chr1	218000000	219000000	219	363
chr1	219000000	220000000	220	177
chr1	220000000	221000000	221	827
chr1	221000000	222000000	222	283
chr1	222000000	223000000	223	552
chr1	223000000	224000000	224	657
chr1	224000000	225000000	225	558
chr1	225000000	226000000	226	596
chr1	226000000	227000000	227	928
chr1	227000000	228000000	228	761
chr1	228000000	229000000	229	1873
chr1	229000000	230000000	230	495
chr1	230000000	231000000	231	491
chr1	231000000	232000000	232	726
chr1	232000000	233000000	233	386
chr1	233000000	234000000	234	784
chr1	234000000	235000000	235	643
chr1	235000000	236000000	236	829
chr1	236000000	237000000	237	797
chr1	237000000	238000000	238	778
chr1	238000000	239000000	239	499
chr1	239000000	240000000	240	283
chr1	240000000	241000000	241	1252
chr1	241000000	242000000	242	484
chr1	242000000	243000000	243	508
chr1	243000000	244000000	244	456
chr1	244000000	245000000	245	316
chr1	245000000	246000000	246	583
chr1	246000000	247000000	247	468
chr1	247000000	248000000	248	2248
chr1	248000000	249000000	249	2788
chr10	0	1000000	1834	525
chr10	1000000	2000000	1835	438
chr10	2000000	3000000	1836	266
chr10	3000000	4000000	1837	390
chr10	4000000	5000000	1838	266
chr10	5000000	6000000	1839	1141
chr10	6000000	7000000	1840	552
chr10	7000000	8000000	1841	756
chr10	8000000	9000000	1842	337
chr10	9000000	10000000	1843	136
chr10	10000000	11000000	1844	161
chr10	11000000	12000000	1845	516
chr10	12000000	13000000	1846	546
chr10	13000000	14000000	1847	669
chr10	14000000	15000000	1848	329
chr10	15000000	16000000	1849	597
chr10	16000000	17000000	1850	365
chr10	17000000	18000000	1851	571
chr10	18000000	19000000	1852	411
chr10	19000000	20000000	1853	376
chr10	20000000	21000000	1854	531
chr10	21000000	22000000	1855	666
chr10	22000000	23000000	1856	442
chr10	23000000	24000000	1857	264
chr10	24000000	25000000	1858	401
chr10	25000000	26000000	1859	488
chr10	26000000	27000000	1860	678
chr10	27000000	28000000	1861	808
chr10	28000000	29000000	1862	697
chr10	29000000	30000000	1863	364
chr10	30000000	31000000	1864	488
chr10	31000000	32000000	1865	412
chr10	32000000	33000000	1866	377
chr10	33000000	34000000	1867	396
chr10	34000000	35000000	1868	201
chr10	35000000	36000000	1869	356
chr10	36000000	37000000	1870	210
chr10	37000000	38000000	1871	725
chr10	38000000	39000000	1872	1089
chr10	39000000	40000000	1873	23
chr10	42000000	43000000	1876	421
chr10	43000000	44000000	1877	924
chr10	44000000	45000000	1878	619
chr10	45000000	46000000	1879	931
chr10	46000000	47000000	1880	620
chr10	47000000	48000000	1881	585
chr10	48000000	49000000	1882	422
chr10	49000000	50000000	1883	627
chr10	50000000	51000000	1884	1841
chr10	51000000	52000000	1885	297
chr10	52000000	53000000	1886	788
chr10	53000000	54000000	1887	104
chr10	54000000	55000000	1888	388
chr10	55000000	56000000	1889	667
chr10	56000000	57000000	1890	183
chr10	57000000	58000000	1891	152
chr10	58000000	59000000	1892	42
chr10	59000000	60000000	1893	133
chr10	60000000	61000000	1894	335
chr10	61000000	62000000	1895	1014
chr10	62000000	63000000	1896	193
chr10	63000000	64000000	1897	376
chr10	64000000	65000000	1898	448
chr10	65000000	66000000	1899	146
chr10	66000000	67000000	1900	126
chr10	67000000	68000000	1901	436
chr10	68000000	69000000	1902	185
chr10	69000000	70000000	1903	468
chr10	70000000	71000000	1904	855
chr10	71000000	72000000	1905	772
chr10	72000000	73000000	1906	713
chr10	73000000	74000000	1907	931
chr10	74000000	75000000	1908	444
chr10	75000000	76000000	1909	1091
chr10	76000000	77000000	1910	386
chr10	77000000	78000000	1911	165
chr10	78000000	79000000	1912	462
chr10	79000000	80000000	1913	442
chr10	80000000	81000000	1914	144
chr10	81000000	82000000	1915	1033
chr10	82000000	83000000	1916	605
chr10	83000000	84000000	1917	75
chr10	84000000	85000000	1918	138
chr10	85000000	86000000	1919	516
chr10	86000000	87000000	1920	251
chr10	87000000	88000000	1921	341
chr10	88000000	89000000	1922	735
chr10	89000000	90000000	1923	552
chr10	90000000	91000000	1924	498
chr10	91000000	92000000	1925	582
chr10	92000000	93000000	1926	381
chr10	93000000	94000000	1927	450
chr10	94000000	95000000	1928	420
chr10	95000000	96000000	1929	836
chr10	96000000	97000000	1930	924
chr10	97000000	98000000	1931	691
chr10	98000000	99000000	1932	867
chr10	99000000	100000000	1933	744
chr10	100000000	101000000	1934	268
chr10	101000000	102000000	1935	627
chr10	102000000	103000000	1936	1152
chr10	103000000	104000000	1937	565
chr10	104000000	105000000	1938	941
chr10	105000000	106000000	1939	933
chr10	106000000	107000000	1940	484
chr10	107000000	108000000	1941	203
chr10	108000000	109000000	1942	253
chr10	109000000	110000000	1943	200
chr10	110000000	111000000	1944	94
chr10	111000000	112000000	1945	198
chr10	112000000	113000000	1946	486
chr10	113000000	114000000	1947	146
chr10	114000000	115000000	1948	395
chr10	115000000	116000000	1949	737
chr10	116000000	117000000	1950	425
chr10	117000000	118000000	1951	345
chr10	118000000	119000000	1952	747
chr10	119000000	120000000	1953	416
chr10	120000000	121000000	1954	431
chr10	121000000	122000000	1955	377
chr10	122000000	123000000	1956	400
chr10	123000000	124000000	1957	548
chr10	124000000	125000000	1958	1189
chr10	125000000	126000000	1959	529
chr10	126000000	127000000	1960	428
chr10	127000000	128000000	1961	634
chr10	128000000	129000000	1962	339
chr10	129000000	130000000	1963	755
chr10	130000000	131000000	1964	36
chr10	131000000	132000000	1965	303
chr10	132000000	133000000	1966	112
chr10	133000000	134000000	1967	398
chr10	134000000	135000000	1968	1070
chr11	0	1000000	1969	2299
chr11	1000000	2000000	1970	2982
chr11	2000000	3000000	1971	1887
chr11	3000000	4000000	1972	1012
chr11	4000000	5000000	1973	2012
chr11	5000000	6000000	1974	3345
chr11	6000000	7000000	1975	2269
chr11	7000000	8000000	1976	1400
chr11	8000000	9000000	1977	1140
chr11	9000000	10000000	1978	801
chr11	10000000	11000000	1979	711
chr11	11000000	12000000	1980	305
chr11	12000000	13000000	1981	571
chr11	13000000	14000000	1982	297
chr11	14000000	15000000	1983	438
chr11	15000000	16000000	1984	240
chr11	16000000	17000000	1985	388
chr11	17000000	18000000	1986	1160
chr11	18000000	19000000	1987	1550
chr11	19000000	20000000	1988	425
chr11	20000000	21000000	1989	694
chr11	21000000	22000000	1990	146
chr11	22000000	23000000	1991	600
chr11	23000000	24000000	1992	229
chr11	24000000	25000000	1993	157
chr11	25000000	26000000	1994	234
chr11	26000000	27000000	1995	506
chr11	27000000	28000000	1996	517
chr11	28000000	29000000	1997	211
chr11	29000000	30000000	1998	240
chr11	30000000	31000000	1999	654
chr11	31000000	32000000	2000	578
chr11	32000000	33000000	2001	707
chr11	33000000	34000000	2002	671
chr11	34000000	35000000	2003	525
chr11	35000000	36000000	2004	523
chr11	36000000	37000000	2005	517
chr11	37000000	38000000	2006	41
chr11	38000000	39000000	2007	112
chr11	39000000	40000000	2008	85
chr11	40000000	41000000	2009	357
chr11	41000000	42000000	2010	204
chr11	42000000	43000000	2011	67
chr11	43000000	44000000	2012	658
chr11	44000000	45000000	2013	551
chr11	45000000	46000000	2014	750
chr11	46000000	47000000	2015	860
chr11	47000000	48000000	2016	1131
chr11	48000000	49000000	2017	1791
chr11	49000000	50000000	2018	1409
chr11	50000000	51000000	2019	371
chr11	51000000	52000000	2020	493
chr11	55000000	56000000	2024	3467
chr11	56000000	57000000	2025	2684
chr11	57000000	58000000	2026	1507
chr11	58000000	59000000	2027	1405
chr11	59000000	60000000	2028	1168
chr11	60000000	61000000	2029	1295
chr11	61000000	62000000	2030	1604
chr11	62000000	63000000	2031	1936
chr11	63000000	64000000	2032	1116
chr11	64000000	65000000	2033	2522
chr11	65000000	66000000	2034	2720
chr11	66000000	67000000	2035	1823
chr11	67000000	68000000	2036	1696
chr11	68000000	69000000	2037	849
chr11	69000000	70000000	2038	456
chr11	70000000	71000000	2039	745
chr11	71000000	72000000	2040	1449
chr11	72000000	73000000	2041	679
chr11	73000000	74000000	2042	950
chr11	74000000	75000000	2043	1022
chr11	75000000	76000000	2044	663
chr11	76000000	77000000	2045	1072
chr11	77000000	78000000	2046	852
chr11	78000000	79000000	2047	552
chr11	79000000	80000000	2048	123
chr11	80000000	81000000	2049	104
chr11	81000000	82000000	2050	78
chr11	82000000	83000000	2051	647
chr11	83000000	84000000	2052	389
chr11	84000000	85000000	2053	183
chr11	85000000	86000000	2054	508
chr11	86000000	87000000	2055	456
chr11	87000000	88000000	2056	151
chr11	88000000	89000000	2057	450
chr11	89000000	90000000	2058	1221
chr11	90000000	91000000	2059	256
chr11	91000000	92000000	2060	70
chr11	92000000	93000000	2061	920
chr11	93000000	94000000	2062	776
chr11	94000000	95000000	2063	912
chr11	95000000	96000000	2064	249
chr11	96000000	97000000	2065	237
chr11	97000000	98000000	2066	82
chr11	98000000	99000000	2067	152
chr11	99000000	100000000	2068	131
chr11	100000000	101000000	2069	737
chr11	101000000	102000000	2070	499
chr11	102000000	103000000	2071	816
chr11	103000000	104000000	2072	527
chr11	104000000	105000000	2073	417
chr11	105000000	106000000	2074	455
chr11	106000000	107000000	2075	534
chr11	107000000	108000000	2076	585
chr11	108000000	109000000	2077	780
chr11	109000000	110000000	2078	215
chr11	110000000	111000000	2079	368
chr11	111000000	112000000	2080	986
chr11	112000000	113000000	2081	363
chr11	113000000	114000000	2082	881
chr11	114000000	115000000	2083	691
chr11	115000000	116000000	2084	520
chr11	116000000	117000000	2085	389
chr11	117000000	118000000	2086	1384
chr11	118000000	119000000	2087	2002
chr11	119000000	120000000	2088	1147
chr11	120000000	121000000	2089	906
chr11	121000000	122000000	2090	797
chr11	122000000	123000000	2091	561
chr11	123000000	124000000	2092	1475
chr11	124000000	125000000	2093	2094
chr11	125000000	126000000	2094	833
chr11	126000000	127000000	2095	609
chr11	127000000	128000000	2096	102
chr11	128000000	129000000	2097	767
chr11	129000000	130000000	2098	433
chr11	130000000	131000000	2099	716
chr11	131000000	132000000	2100	354
chr11	132000000	133000000	2101	409
chr11	133000000	134000000	2102	434
chr11	134000000	135000000	2103	1067
chr12	0	1000000	2104	1050
chr12	1000000	2000000	2105	634
chr12	2000000	3000000	2106	859
chr12	3000000	4000000	2107	697
chr12	4000000	5000000	2108	1100
chr12	5000000	6000000	2109	820
chr12	6000000	7000000	2110	1973
chr12	7000000	8000000	2111	1773
chr12	8000000	9000000	2112	1439
chr12	9000000	10000000	2113	1227
chr12	10000000	11000000	2114	1668
chr12	11000000	12000000	2115	1237
chr12	12000000	13000000	2116	630
chr12	13000000	14000000	2117	1185
chr12	14000000	15000000	2118	634
chr12	15000000	16000000	2119	487
chr12	16000000	17000000	2120	556
chr12	17000000	18000000	2121	199
chr12	18000000	19000000	2122	464
chr12	19000000	20000000	2123	275
chr12	20000000	21000000	2124	484
chr12	21000000	22000000	2125	1270
chr12	22000000	23000000	2126	549
chr12	23000000	24000000	2127	275
chr12	24000000	25000000	2128	256
chr12	25000000	26000000	2129	1105
chr12	26000000	27000000	2130	429
chr12	27000000	28000000	2131	728
chr12	28000000	29000000	2132	148
chr12	29000000	30000000	2133	470
chr12	30000000	31000000	2134	301
chr12	31000000	32000000	2135	772
chr12	32000000	33000000	2136	593
chr12	33000000	34000000	2137	368
chr12	34000000	35000000	2138	255
chr12	37000000	38000000	2141	33
chr12	38000000	39000000	2142	182
chr12	39000000	40000000	2143	342
chr12	40000000	41000000	2144	1503
chr12	41000000	42000000	2145	389
chr12	42000000	43000000	2146	541
chr12	43000000	44000000	2147	448
chr12	44000000	45000000	2148	365
chr12	45000000	46000000	2149	452
chr12	46000000	47000000	2150	655
chr12	47000000	48000000	2151	461
chr12	48000000	49000000	2152	1394
chr12	49000000	50000000	2153	1718
chr12	50000000	51000000	2154	1453
chr12	51000000	52000000	2155	1045
chr12	52000000	53000000	2156	1934
chr12	53000000	54000000	2157	2294
chr12	54000000	55000000	2158	1729
chr12	55000000	56000000	2159	1469
chr12	56000000	57000000	2160	2131
chr12	57000000	58000000	2161	2007
chr12	58000000	59000000	2162	907
chr12	59000000	60000000	2163	208
chr12	60000000	61000000	2164	140
chr12	61000000	62000000	2165	86
chr12	62000000	63000000	2166	571
chr12	63000000	64000000	2167	325
chr12	64000000	65000000	2168	622
chr12	65000000	66000000	2169	625
chr12	66000000	67000000	2170	802
chr12	67000000	68000000	2171	276
chr12	68000000	69000000	2172	408
chr12	69000000	70000000	2173	700
chr12	70000000	71000000	2174	1189
chr12	71000000	72000000	2175	437
chr12	72000000	73000000	2176	812
chr12	73000000	74000000	2177	271
chr12	74000000	75000000	2178	240
chr12	75000000	76000000	2179	531
chr12	76000000	77000000	2180	412
chr12	77000000	78000000	2181	284
chr12	78000000	79000000	2182	394
chr12	79000000	80000000	2183	335
chr12	80000000	81000000	2184	702
chr12	81000000	82000000	2185	922
chr12	82000000	83000000	2186	277
chr12	83000000	84000000	2187	174
chr12	84000000	85000000	2188	77
chr12	85000000	86000000	2189	506
chr12	86000000	87000000	2190	276
chr12	87000000	88000000	2191	28
chr12	88000000	89000000	2192	602
chr12	89000000	90000000	2193	268
chr12	90000000	91000000	2194	164
chr12	91000000	92000000	2195	448
chr12	92000000	93000000	2196	503
chr12	93000000	94000000	2197	494
chr12	94000000	95000000	2198	480
chr12	95000000	96000000	2199	501
chr12	96000000	97000000	2200	616
chr12	97000000	98000000	2201	537
chr12	98000000	99000000	2202	445
chr12	99000000	100000000	2203	326
chr12	100000000	101000000	2204	650
chr12	101000000	102000000	2205	659
chr12	102000000	103000000	2206	624
chr12	103000000	104000000	2207	523
chr12	104000000	105000000	2208	916
chr12	105000000	106000000	2209	432
chr12	106000000	107000000	2210	427
chr12	107000000	108000000	2211	376
chr12	108000000	109000000	2212	982
chr12	109000000	110000000	2213	1222
chr12	110000000	111000000	2214	876
chr12	111000000	112000000	2215	789
chr12	112000000	113000000	2216	899
chr12	113000000	114000000	2217	1429
chr12	114000000	115000000	2218	520
chr12	115000000	116000000	2219	225
chr12	116000000	117000000	2220	263
chr12	117000000	118000000	2221	1231
chr12	118000000	119000000	2222	432
chr12	119000000	120000000	2223	514
chr12	120000000	121000000	2224	1015
chr12	121000000	122000000	2225	1166
chr12	122000000	123000000	2226	1773
chr12	123000000	124000000	2227	1343
chr12	124000000	125000000	2228	1214
chr12	125000000	126000000	2229	628
chr12	126000000	127000000	2230	865
chr12	127000000	128000000	2231	571
chr12	128000000	129000000	2232	492
chr12	129000000	130000000	2233	735
chr12	130000000	131000000	2234	912
chr12	131000000	132000000	2235	788
chr12	132000000	133000000	2236	946
chr13	19000000	20000000	2256	1279
chr13	20000000	21000000	2257	595
chr13	21000000	22000000	2258	598
chr13	22000000	23000000	2259	196
chr13	23000000	24000000	2260	760
chr13	24000000	25000000	2261	446
chr13	25000000	26000000	2262	1296
chr13	26000000	27000000	2263	443
chr13	27000000	28000000	2264	375
chr13	28000000	29000000	2265	685
chr13	29000000	30000000	2266	403
chr13	30000000	31000000	2267	468
chr13	31000000	32000000	2268	485
chr13	32000000	33000000	2269	658
chr13	33000000	34000000	2270	562
chr13	34000000	35000000	2271	59
chr13	35000000	36000000	2272	244
chr13	36000000	37000000	2273	822
chr13	37000000	38000000	2274	590
chr13	38000000	39000000	2275	435
chr13	39000000	40000000	2276	643
chr13	40000000	41000000	2277	176
chr13	41000000	42000000	2278	533
chr13	42000000	43000000	2279	497
chr13	43000000	44000000	2280	288
chr13	44000000	45000000	2281	319
chr13	45000000	46000000	2282	410
chr13	46000000	47000000	2283	821
chr13	47000000	48000000	2284	281
chr13	48000000	49000000	2285	294
chr13	49000000	50000000	2286	340
chr13	50000000	51000000	2287	629
chr13	51000000	52000000	2288	406
chr13	52000000	53000000	2289	760
chr13	53000000	54000000	2290	484
chr13	54000000	55000000	2291	187
chr13	55000000	56000000	2292	31
chr13	56000000	57000000	2293	106
chr13	57000000	58000000	2294	60
chr13	58000000	59000000	2295	345
chr13	59000000	60000000	2296	162
chr13	60000000	61000000	2297	141
chr13	61000000	62000000	2298	200
chr13	62000000	63000000	2299	183
chr13	63000000	64000000	2300	36
chr13	64000000	65000000	2301	345
chr13	65000000	66000000	2302	103
chr13	66000000	67000000	2303	174
chr13	67000000	68000000	2304	238
chr13	68000000	69000000	2305	156
chr13	69000000	70000000	2306	123
chr13	70000000	71000000	2307	189
chr13	71000000	72000000	2308	96
chr13	72000000	73000000	2309	198
chr13	73000000	74000000	2310	282
chr13	74000000	75000000	2311	205
chr13	75000000	76000000	2312	291
chr13	76000000	77000000	2313	324
chr13	77000000	78000000	2314	422
chr13	78000000	79000000	2315	352
chr13	79000000	80000000	2316	547
chr13	80000000	81000000	2317	106
chr13	81000000	82000000	2318	176
chr13	82000000	83000000	2319	38
chr13	83000000	84000000	2320	63
chr13	84000000	85000000	2321	286
chr13	85000000	86000000	2322	171
chr13	86000000	87000000	2323	205
chr13	87000000	88000000	2324	59
chr13	88000000	89000000	2325	550
chr13	89000000	90000000	2326	199
chr13	90000000	91000000	2327	316
chr13	91000000	92000000	2328	121
chr13	92000000	93000000	2329	138
chr13	93000000	94000000	2330	99
chr13	94000000	95000000	2331	96
chr13	95000000	96000000	2332	594
chr13	96000000	97000000	2333	406
chr13	97000000	98000000	2334	271
chr13	98000000	99000000	2335	268
chr13	99000000	100000000	2336	636
chr13	100000000	101000000	2337	425
chr13	101000000	102000000	2338	497
chr13	102000000	103000000	2339	371
chr13	103000000	104000000	2340	736
chr13	104000000	105000000	2341	23
chr13	105000000	106000000	2342	18
chr13	106000000	107000000	2343	191
chr13	107000000	108000000	2344	292
chr13	108000000	109000000	2345	214
chr13	109000000	110000000	2346	308
chr13	110000000	111000000	2347	334
chr13	111000000	112000000	2348	773
chr13	112000000	113000000	2349	435
chr13	113000000	114000000	2350	1045
chr13	114000000	115000000	2351	751
chr14	19000000	20000000	2371	1371
chr14	20000000	21000000	2372	2708
chr14	21000000	22000000	2373	1637
chr14	22000000	23000000	2374	1347
chr14	23000000	24000000	2375	2049
chr14	24000000	25000000	2376	2175
chr14	25000000	26000000	2377	254
chr14	26000000	27000000	2378	313
chr14	27000000	28000000	2379	289
chr14	28000000	29000000	2380	296
chr14	29000000	30000000	2381	497
chr14	30000000	31000000	2382	251
chr14	31000000	32000000	2383	738
chr14	32000000	33000000	2384	310
chr14	33000000	34000000	2385	282
chr14	34000000	35000000	2386	216
chr14	35000000	36000000	2387	551
chr14	36000000	37000000	2388	572
chr14	37000000	38000000	2389	489
chr14	38000000	39000000	2390	720
chr14	39000000	40000000	2391	709
chr14	40000000	41000000	2392	42
chr14	41000000	42000000	2393	104
chr14	42000000	43000000	2394	305
chr14	43000000	44000000	2395	90
chr14	44000000	45000000	2396	263
chr14	45000000	46000000	2397	677
chr14	46000000	47000000	2398	46
chr14	47000000	48000000	2399	279
chr14	48000000	49000000	2400	206
chr14	49000000	50000000	2401	37
chr14	50000000	51000000	2402	888
chr14	51000000	52000000	2403	741
chr14	52000000	53000000	2404	724
chr14	53000000	54000000	2405	554
chr14	54000000	55000000	2406	199
chr14	55000000	56000000	2407	568
chr14	56000000	57000000	2408	411
chr14	57000000	58000000	2409	829
chr14	58000000	59000000	2410	613
chr14	59000000	60000000	2411	418
chr14	60000000	61000000	2412	756
chr14	61000000	62000000	2413	478
chr14	62000000	63000000	2414	480
chr14	63000000	64000000	2415	418
chr14	64000000	65000000	2416	915
chr14	65000000	66000000	2417	699
chr14	66000000	67000000	2418	177
chr14	67000000	68000000	2419	349
chr14	68000000	69000000	2420	522
chr14	69000000	70000000	2421	671
chr14	70000000	71000000	2422	963
chr14	71000000	72000000	2423	661
chr14	72000000	73000000	2424	327
chr14	73000000	74000000	2425	780
chr14	74000000	75000000	2426	1293
chr14	75000000	76000000	2427	955
chr14	76000000	77000000	2428	642
chr14	77000000	78000000	2429	1227
chr14	78000000	79000000	2430	270
chr14	79000000	80000000	2431	242
chr14	80000000	81000000	2432	379
chr14	81000000	82000000	2433	498
chr14	82000000	83000000	2434	159
chr14	83000000	84000000	2435	138
chr14	84000000	85000000	2436	100
chr14	85000000	86000000	2437	121
chr14	86000000	87000000	2438	320
chr14	87000000	88000000	2439	101
chr14	88000000	89000000	2440	714
chr14	89000000	90000000	2441	385
chr14	90000000	91000000	2442	574
chr14	91000000	92000000	2443	607
chr14	92000000	93000000	2444	943
chr14	93000000	94000000	2445	651
chr14	94000000	95000000	2446	1289
chr14	95000000	96000000	2447	945
chr14	96000000	97000000	2448	1375
chr14	97000000	98000000	2449	282
chr14	98000000	99000000	2450	377
chr14	99000000	100000000	2451	374
chr14	100000000	101000000	2452	889
chr14	101000000	102000000	2453	1235
chr14	102000000	103000000	2454	968
chr14	103000000	104000000	2455	853
chr14	104000000	105000000	2456	906
chr14	105000000	106000000	2457	2337
chr14	106000000	107000000	2458	5300
chr15	20000000	21000000	2479	960
chr15	21000000	22000000	2480	417
chr15	22000000	23000000	2481	1238
chr15	23000000	24000000	2482	1025
chr15	24000000	25000000	2483	950
chr15	25000000	26000000	2484	1842
chr15	26000000	27000000	2485	490
chr15	27000000	28000000	2486	501
chr15	28000000	29000000	2487	632
chr15	29000000	30000000	2488	596
chr15	30000000	31000000	2489	331
chr15	31000000	32000000	2490	624
chr15	32000000	33000000	2491	300
chr15	33000000	34000000	2492	597
chr15	34000000	35000000	2493	821
chr15	35000000	36000000	2494	607
chr15	36000000	37000000	2495	331
chr15	37000000	38000000	2496	268
chr15	38000000	39000000	2497	438
chr15	39000000	40000000	2498	409
chr15	40000000	41000000	2499	1350
chr15	41000000	42000000	2500	1097
chr15	42000000	43000000	2501	1716
chr15	43000000	44000000	2502	1274
chr15	44000000	45000000	2503	687
chr15	45000000	46000000	2504	1278
chr15	46000000	47000000	2505	59
chr15	47000000	48000000	2506	102
chr15	48000000	49000000	2507	1034
chr15	49000000	50000000	2508	688
chr15	50000000	51000000	2509	726
chr15	51000000	52000000	2510	735
chr15	52000000	53000000	2511	939
chr15	53000000	54000000	2512	257
chr15	54000000	55000000	2513	513
chr15	55000000	56000000	2514	599
chr15	56000000	57000000	2515	481
chr15	57000000	58000000	2516	459
chr15	58000000	59000000	2517	564
chr15	59000000	60000000	2518	693
chr15	60000000	61000000	2519	536
chr15	61000000	62000000	2520	104
chr15	62000000	63000000	2521	716
chr15	63000000	64000000	2522	804
chr15	64000000	65000000	2523	692
chr15	65000000	66000000	2524	1222
chr15	66000000	67000000	2525	572
chr15	67000000	68000000	2526	441
chr15	68000000	69000000	2527	467
chr15	69000000	70000000	2528	825
chr15	70000000	71000000	2529	327
chr15	71000000	72000000	2530	425
chr15	72000000	73000000	2531	1051
chr15	73000000	74000000	2532	430
chr15	74000000	75000000	2533	1331
chr15	75000000	76000000	2534	1498
chr15	76000000	77000000	2535	625
chr15	77000000	78000000	2536	563
chr15	78000000	79000000	2537	1152
chr15	79000000	80000000	2538	885
chr15	80000000	81000000	2539	584
chr15	81000000	82000000	2540	592
chr15	82000000	83000000	2541	339
chr15	83000000	84000000	2542	881
chr15	84000000	85000000	2543	570
chr15	85000000	86000000	2544	904
chr15	86000000	87000000	2545	541
chr15	87000000	88000000	2546	113
chr15	88000000	89000000	2547	467
chr15	89000000	90000000	2548	1145
chr15	90000000	91000000	2549	1216
chr15	91000000	92000000	2550	1038
chr15	92000000	93000000	2551	333
chr15	93000000	94000000	2552	878
chr15	94000000	95000000	2553	595
chr15	95000000	96000000	2554	308
chr15	96000000	97000000	2555	407
chr15	97000000	98000000	2556	326
chr15	98000000	99000000	2557	437
chr15	99000000	100000000	2558	646
chr15	100000000	101000000	2559	540
chr15	101000000	102000000	2560	873
chr16	0	1000000	2561	2680
chr16	1000000	2000000	2562	2688
chr16	2000000	3000000	2563	2610
chr16	3000000	4000000	2564	2422
chr16	4000000	5000000	2565	1643
chr16	5000000	6000000	2566	496
chr16	6000000	7000000	2567	124
chr16	7000000	8000000	2568	328
chr16	8000000	9000000	2569	623
chr16	9000000	10000000	2570	740
chr16	10000000	11000000	2571	658
chr16	11000000	12000000	2572	1221
chr16	12000000	13000000	2573	454
chr16	13000000	14000000	2574	378
chr16	14000000	15000000	2575	509
chr16	15000000	16000000	2576	996
chr16	16000000	17000000	2577	410
chr16	17000000	18000000	2578	305
chr16	18000000	19000000	2579	509
chr16	19000000	20000000	2580	992
chr16	20000000	21000000	2581	1866
chr16	21000000	22000000	2582	882
chr16	22000000	23000000	2583	647
chr16	23000000	24000000	2584	1065
chr16	24000000	25000000	2585	1136
chr16	25000000	26000000	2586	440
chr16	26000000	27000000	2587	299
chr16	27000000	28000000	2588	871
chr16	28000000	29000000	2589	1177
chr16	29000000	30000000	2590	1042
chr16	30000000	31000000	2591	2171
chr16	31000000	32000000	2592	2133
chr16	32000000	33000000	2593	1124
chr16	33000000	34000000	2594	1461
chr16	34000000	35000000	2595	1783
chr16	35000000	36000000	2596	98
chr16	46000000	47000000	2607	652
chr16	47000000	48000000	2608	429
chr16	48000000	49000000	2609	612
chr16	49000000	50000000	2610	647
chr16	50000000	51000000	2611	903
chr16	51000000	52000000	2612	477
chr16	52000000	53000000	2613	307
chr16	53000000	54000000	2614	585
chr16	54000000	55000000	2615	253
chr16	55000000	56000000	2616	716
chr16	56000000	57000000	2617	869
chr16	57000000	58000000	2618	1375
chr16	58000000	59000000	2619	889
chr16	59000000	60000000	2620	96
chr16	60000000	61000000	2621	296
chr16	61000000	62000000	2622	609
chr16	62000000	63000000	2623	113
chr16	63000000	64000000	2624	208
chr16	64000000	65000000	2625	208
chr16	65000000	66000000	2626	372
chr16	66000000	67000000	2627	802
chr16	67000000	68000000	2628	1870
chr16	68000000	69000000	2629	995
chr16	69000000	70000000	2630	848
chr16	70000000	71000000	2631	1301
chr16	71000000	72000000	2632	1270
chr16	72000000	73000000	2633	906
chr16	73000000	74000000	2634	275
chr16	74000000	75000000	2635	699
chr16	75000000	76000000	2636	726
chr16	76000000	77000000	2637	385
chr16	77000000	78000000	2638	566
chr16	78000000	79000000	2639	371
chr16	79000000	80000000	2640	196
chr16	80000000	81000000	2641	450
chr16	81000000	82000000	2642	1215
chr16	82000000	83000000	2643	463
chr16	83000000	84000000	2644	505
chr16	84000000	85000000	2645	1359
chr16	85000000	86000000	2646	639
chr16	86000000	87000000	2647	727
chr16	87000000	88000000	2648	781
chr16	88000000	89000000	2649	1510
chr16	89000000	90000000	2650	1870
chr17	0	1000000	2651	900
chr17	1000000	2000000	2652	1323
chr17	2000000	3000000	2653	793
chr17	3000000	4000000	2654	1442
chr17	4000000	5000000	2655	1546
chr17	5000000	6000000	2656	1098
chr17	6000000	7000000	2657	1169
chr17	7000000	8000000	2658	3951
chr17	8000000	9000000	2659	1269
chr17	9000000	10000000	2660	779
chr17	10000000	11000000	2661	1752
chr17	11000000	12000000	2662	759
chr17	12000000	13000000	2663	808
chr17	13000000	14000000	2664	243
chr17	14000000	15000000	2665	405
chr17	15000000	16000000	2666	755
chr17	16000000	17000000	2667	1038
chr17	17000000	18000000	2668	895
chr17	18000000	19000000	2669	1761
chr17	19000000	20000000	2670	947
chr17	20000000	21000000	2671	989
chr17	21000000	22000000	2672	1764
chr17	22000000	23000000	2673	341
chr17	25000000	26000000	2676	575
chr17	26000000	27000000	2677	1393
chr17	27000000	28000000	2678	1566
chr17	28000000	29000000	2679	858
chr17	29000000	30000000	2680	952
chr17	30000000	31000000	2681	807
chr17	31000000	32000000	2682	297
chr17	32000000	33000000	2683	635
chr17	33000000	34000000	2684	1458
chr17	34000000	35000000	2685	1281
chr17	35000000	36000000	2686	688
chr17	36000000	37000000	2687	1192
chr17	37000000	38000000	2688	1850
chr17	38000000	39000000	2689	1706
chr17	39000000	40000000	2690	3073
chr17	40000000	41000000	2691	1818
chr17	41000000	42000000	2692	1418
chr17	42000000	43000000	2693	1735
chr17	43000000	44000000	2694	1109
chr17	44000000	45000000	2695	560
chr17	45000000	46000000	2696	1217
chr17	46000000	47000000	2697	1282
chr17	47000000	48000000	2698	1264
chr17	48000000	49000000	2699	2102
chr17	49000000	50000000	2700	529
chr17	50000000	51000000	2701	105
chr17	51000000	52000000	2702	356
chr17	52000000	53000000	2703	167
chr17	53000000	54000000	2704	582
chr17	54000000	55000000	2705	458
chr17	55000000	56000000	2706	570
chr17	56000000	57000000	2707	1673
chr17	57000000	58000000	2708	829
chr17	58000000	59000000	2709	675
chr17	59000000	60000000	2710	610
chr17	60000000	61000000	2711	812
chr17	61000000	62000000	2712	1434
chr17	62000000	63000000	2713	1230
chr17	63000000	64000000	2714	304
chr17	64000000	65000000	2715	339
chr17	65000000	66000000	2716	643
chr17	66000000	67000000	2717	944
chr17	67000000	68000000	2718	807
chr17	68000000	69000000	2719	273
chr17	69000000	70000000	2720	86
chr17	70000000	71000000	2721	389
chr17	71000000	72000000	2722	736
chr17	72000000	73000000	2723	1806
chr17	73000000	74000000	2724	2082
chr17	74000000	75000000	2725	1705
chr17	75000000	76000000	2726	703
chr17	76000000	77000000	2727	1814
chr17	77000000	78000000	2728	882
chr17	78000000	79000000	2729	1556
chr17	79000000	80000000	2730	2377
chr17	80000000	81000000	2731	1757
chr18	0	1000000	2732	1070
chr18	1000000	2000000	2733	343
chr18	2000000	3000000	2734	517
chr18	3000000	4000000	2735	583
chr18	4000000	5000000	2736	97
chr18	5000000	6000000	2737	827
chr18	6000000	7000000	2738	1039
chr18	7000000	8000000	2739	336
chr18	8000000	9000000	2740	479
chr18	9000000	10000000	2741	719
chr18	10000000	11000000	2742	705
chr18	11000000	12000000	2743	532
chr18	12000000	13000000	2744	983
chr18	13000000	14000000	2745	832
chr18	14000000	15000000	2746	1382
chr18	15000000	16000000	2747	246
chr18	18000000	19000000	2750	190
chr18	19000000	20000000	2751	583
chr18	20000000	21000000	2752	211
chr18	21000000	22000000	2753	878
chr18	22000000	23000000	2754	444
chr18	23000000	24000000	2755	205
chr18	24000000	25000000	2756	431
chr18	25000000	26000000	2757	188
chr18	26000000	27000000	2758	109
chr18	27000000	28000000	2759	34
chr18	28000000	29000000	2760	920
chr18	29000000	30000000	2761	884
chr18	30000000	31000000	2762	335
chr18	31000000	32000000	2763	624
chr18	32000000	33000000	2764	568
chr18	33000000	34000000	2765	505
chr18	34000000	35000000	2766	461
chr18	35000000	36000000	2767	32
chr18	36000000	37000000	2768	135
chr18	37000000	38000000	2769	108
chr18	38000000	39000000	2770	1
chr18	39000000	40000000	2771	336
chr18	40000000	41000000	2772	313
chr18	41000000	42000000	2773	99
chr18	42000000	43000000	2774	280
chr18	43000000	44000000	2775	822
chr18	44000000	45000000	2776	1016
chr18	45000000	46000000	2777	316
chr18	46000000	47000000	2778	241
chr18	47000000	48000000	2779	737
chr18	48000000	49000000	2780	724
chr18	49000000	50000000	2781	131
chr18	50000000	51000000	2782	325
chr18	51000000	52000000	2783	365
chr18	52000000	53000000	2784	843
chr18	53000000	54000000	2785	605
chr18	54000000	55000000	2786	417
chr18	55000000	56000000	2787	952
chr18	56000000	57000000	2788	833
chr18	57000000	58000000	2789	489
chr18	58000000	59000000	2790	184
chr18	59000000	60000000	2791	655
chr18	60000000	61000000	2792	2672
chr18	61000000	62000000	2793	1115
chr18	62000000	63000000	2794	40
chr18	63000000	64000000	2795	332
chr18	64000000	65000000	2796	136
chr18	65000000	66000000	2797	720
chr18	66000000	67000000	2798	406
chr18	67000000	68000000	2799	476
chr18	68000000	69000000	2800	141
chr18	69000000	70000000	2801	190
chr18	70000000	71000000	2802	660
chr18	71000000	72000000	2803	292
chr18	72000000	73000000	2804	663
chr18	73000000	74000000	2805	269
chr18	74000000	75000000	2806	672
chr18	75000000	76000000	2807	305
chr18	76000000	77000000	2808	333
chr18	77000000	78000000	2809	996
chr19	0	1000000	2932	1654
chr19	1000000	2000000	2933	2766
chr19	2000000	3000000	2934	1843
chr19	3000000	4000000	2935	1888
chr19	4000000	5000000	2936	1922
chr19	5000000	6000000	2937	1293
chr19	6000000	7000000	2938	1619
chr19	7000000	8000000	2939	1738
chr19	8000000	9000000	2940	1758
chr19	9000000	10000000	2941	4024
chr19	10000000	11000000	2942	2064
chr19	11000000	12000000	2943	1824
chr19	12000000	13000000	2944	2021
chr19	13000000	14000000	2945	989
chr19	14000000	15000000	2946	1633
chr19	15000000	16000000	2947	2383
chr19	16000000	17000000	2948	1668
chr19	17000000	18000000	2949	2207
chr19	18000000	19000000	2950	1771
chr19	19000000	20000000	2951	1803
chr19	20000000	21000000	2952	1522
chr19	21000000	22000000	2953	1493
chr19	22000000	23000000	2954	2648
chr19	23000000	24000000	2955	1465
chr19	24000000	25000000	2956	480
chr19	28000000	29000000	2960	538
chr19	29000000	30000000	2961	534
chr19	30000000	31000000	2962	482
chr19	31000000	32000000	2963	606
chr19	32000000	33000000	2964	706
chr19	33000000	34000000	2965	1117
chr19	34000000	35000000	2966	632
chr19	35000000	36000000	2967	1977
chr19	36000000	37000000	2968	2315
chr19	37000000	38000000	2969	1789
chr19	38000000	39000000	2970	2418
chr19	39000000	40000000	2971	1884
chr19	40000000	41000000	2972	1848
chr19	41000000	42000000	2973	1946
chr19	42000000	43000000	2974	1937
chr19	43000000	44000000	2975	2410
chr19	44000000	45000000	2976	2240
chr19	45000000	46000000	2977	1719
chr19	46000000	47000000	2978	1969
chr19	47000000	48000000	2979	1340
chr19	48000000	49000000	2980	1615
chr19	49000000	50000000	2981	2480
chr19	50000000	51000000	2982	2407
chr19	51000000	52000000	2983	3005
chr19	52000000	53000000	2984	2608
chr19	53000000	54000000	2985	3261
chr19	54000000	55000000	2986	3060
chr19	55000000	56000000	2987	3509
chr19	56000000	57000000	2988	3053
chr19	57000000	58000000	2989	2552
chr19	58000000	59000000	2990	3331
chr2	0	1000000	250	864
chr2	1000000	2000000	251	1466
chr2	2000000	3000000	252	298
chr2	3000000	4000000	253	670
chr2	4000000	5000000	254	214
chr2	5000000	6000000	255	460
chr2	6000000	7000000	256	866
chr2	7000000	8000000	257	364
chr2	8000000	9000000	258	503
chr2	9000000	10000000	259	467
chr2	10000000	11000000	260	687
chr2	11000000	12000000	261	785
chr2	12000000	13000000	262	105
chr2	13000000	14000000	263	99
chr2	14000000	15000000	264	242
chr2	15000000	16000000	265	315
chr2	16000000	17000000	266	389
chr2	17000000	18000000	267	449
chr2	18000000	19000000	268	231
chr2	19000000	20000000	269	156
chr2	20000000	21000000	270	710
chr2	21000000	22000000	271	871
chr2	22000000	23000000	272	150
chr2	23000000	24000000	273	283
chr2	24000000	25000000	274	661
chr2	25000000	26000000	275	742
chr2	26000000	27000000	276	931
chr2	27000000	28000000	277	1877
chr2	28000000	29000000	278	407
chr2	29000000	30000000	279	892
chr2	30000000	31000000	280	461
chr2	31000000	32000000	281	626
chr2	32000000	33000000	282	660
chr2	33000000	34000000	283	483
chr2	34000000	35000000	284	176
chr2	35000000	36000000	285	132
chr2	36000000	37000000	286	234
chr2	37000000	38000000	287	821
chr2	38000000	39000000	288	540
chr2	39000000	40000000	289	538
chr2	40000000	41000000	290	609
chr2	41000000	42000000	291	35
chr2	42000000	43000000	292	528
chr2	43000000	44000000	293	514
chr2	44000000	45000000	294	530
chr2	45000000	46000000	295	365
chr2	46000000	47000000	296	413
chr2	47000000	48000000	297	793
chr2	48000000	49000000	298	776
chr2	49000000	50000000	299	218
chr2	50000000	51000000	300	360
chr2	51000000	52000000	301	324
chr2	52000000	53000000	302	258
chr2	53000000	54000000	303	92
chr2	54000000	55000000	304	592
chr2	55000000	56000000	305	794
chr2	56000000	57000000	306	333
chr2	57000000	58000000	307	71
chr2	58000000	59000000	308	195
chr2	59000000	60000000	309	278
chr2	60000000	61000000	310	301
chr2	61000000	62000000	311	885
chr2	62000000	63000000	312	287
chr2	63000000	64000000	313	436
chr2	64000000	65000000	314	415
chr2	65000000	66000000	315	459
chr2	66000000	67000000	316	264
chr2	67000000	68000000	317	245
chr2	68000000	69000000	318	657
chr2	69000000	70000000	319	735
chr2	70000000	71000000	320	997
chr2	71000000	72000000	321	1099
chr2	72000000	73000000	322	208
chr2	73000000	74000000	323	793
chr2	74000000	75000000	324	1444
chr2	75000000	76000000	325	575
chr2	76000000	77000000	326	146
chr2	77000000	78000000	327	170
chr2	78000000	79000000	328	112
chr2	79000000	80000000	329	596
chr2	80000000	81000000	330	517
chr2	81000000	82000000	331	478
chr2	82000000	83000000	332	147
chr2	83000000	84000000	333	206
chr2	84000000	85000000	334	499
chr2	85000000	86000000	335	1164
chr2	86000000	87000000	336	839
chr2	87000000	88000000	337	380
chr2	88000000	89000000	338	551
chr2	89000000	90000000	339	2271
chr2	90000000	91000000	340	337
chr2	91000000	92000000	341	483
chr2	92000000	93000000	342	185
chr2	95000000	96000000	345	913
chr2	96000000	97000000	346	1183
chr2	97000000	98000000	347	909
chr2	98000000	99000000	348	713
chr2	99000000	100000000	349	751
chr2	100000000	101000000	350	623
chr2	101000000	102000000	351	685
chr2	102000000	103000000	352	631
chr2	103000000	104000000	353	700
chr2	104000000	105000000	354	266
chr2	105000000	106000000	355	787
chr2	106000000	107000000	356	280
chr2	107000000	108000000	357	706
chr2	108000000	109000000	358	783
chr2	109000000	110000000	359	590
chr2	110000000	111000000	360	387
chr2	111000000	112000000	361	474
chr2	112000000	113000000	362	471
chr2	113000000	114000000	363	1500
chr2	114000000	115000000	364	771
chr2	115000000	116000000	365	188
chr2	116000000	117000000	366	300
chr2	117000000	118000000	367	134
chr2	118000000	119000000	368	322
chr2	119000000	120000000	369	251
chr2	120000000	121000000	370	778
chr2	121000000	122000000	371	442
chr2	122000000	123000000	372	270
chr2	123000000	124000000	373	45
chr2	124000000	125000000	374	181
chr2	125000000	126000000	375	245
chr2	126000000	127000000	376	34
chr2	127000000	128000000	377	371
chr2	128000000	129000000	378	1095
chr2	129000000	130000000	379	104
chr2	130000000	131000000	380	942
chr2	131000000	132000000	381	1416
chr2	132000000	133000000	382	1268
chr2	133000000	134000000	383	655
chr2	134000000	135000000	384	49
chr2	135000000	136000000	385	655
chr2	136000000	137000000	386	753
chr2	137000000	138000000	387	220
chr2	138000000	139000000	388	263
chr2	139000000	140000000	389	325
chr2	140000000	141000000	390	316
chr2	141000000	142000000	391	782
chr2	142000000	143000000	392	46
chr2	143000000	144000000	393	326
chr2	144000000	145000000	394	359
chr2	145000000	146000000	395	580
chr2	146000000	147000000	396	116
chr2	147000000	148000000	397	112
chr2	148000000	149000000	398	204
chr2	149000000	150000000	399	445
chr2	150000000	151000000	400	165
chr2	151000000	152000000	401	146
chr2	152000000	153000000	402	1125
chr2	153000000	154000000	403	325
chr2	154000000	155000000	404	260
chr2	155000000	156000000	405	477
chr2	156000000	157000000	406	122
chr2	157000000	158000000	407	148
chr2	158000000	159000000	408	546
chr2	159000000	160000000	409	348
chr2	160000000	161000000	410	925
chr2	161000000	162000000	411	189
chr2	162000000	163000000	412	840
chr2	163000000	164000000	413	527
chr2	164000000	165000000	414	187
chr2	165000000	166000000	415	540
chr2	166000000	167000000	416	1013
chr2	167000000	168000000	417	632
chr2	168000000	169000000	418	753
chr2	169000000	170000000	419	574
chr2	170000000	171000000	420	950
chr2	171000000	172000000	421	656
chr2	172000000	173000000	422	601
chr2	173000000	174000000	423	405
chr2	174000000	175000000	424	493
chr2	175000000	176000000	425	686
chr2	176000000	177000000	426	510
chr2	177000000	178000000	427	497
chr2	178000000	179000000	428	710
chr2	179000000	180000000	429	5288
chr2	180000000	181000000	430	213
chr2	181000000	182000000	431	84
chr2	182000000	183000000	432	745
chr2	183000000	184000000	433	721
chr2	184000000	185000000	434	83
chr2	185000000	186000000	435	278
chr2	186000000	187000000	436	564
chr2	187000000	188000000	437	400
chr2	188000000	189000000	438	452
chr2	189000000	190000000	439	629
chr2	190000000	191000000	440	467
chr2	191000000	192000000	441	558
chr2	192000000	193000000	442	517
chr2	193000000	194000000	443	159
chr2	194000000	195000000	444	168
chr2	195000000	196000000	445	282
chr2	196000000	197000000	446	838
chr2	197000000	198000000	447	755
chr2	198000000	199000000	448	632
chr2	199000000	200000000	449	209
chr2	200000000	201000000	450	544
chr2	201000000	202000000	451	794
chr2	202000000	203000000	452	1256
chr2	203000000	204000000	453	701
chr2	204000000	205000000	454	584
chr2	205000000	206000000	455	119
chr2	206000000	207000000	456	577
chr2	207000000	208000000	457	994
chr2	208000000	209000000	458	443
chr2	209000000	210000000	459	565
chr2	210000000	211000000	460	811
chr2	211000000	212000000	461	501
chr2	212000000	213000000	462	470
chr2	213000000	214000000	463	286
chr2	214000000	215000000	464	182
chr2	215000000	216000000	465	697
chr2	216000000	217000000	466	598
chr2	217000000	218000000	467	653
chr2	218000000	219000000	468	608
chr2	219000000	220000000	469	1766
chr2	220000000	221000000	470	2012
chr2	221000000	222000000	471	76
chr2	222000000	223000000	472	289
chr2	223000000	224000000	473	479
chr2	224000000	225000000	474	373
chr2	225000000	226000000	475	405
chr2	226000000	227000000	476	264
chr2	227000000	228000000	477	476
chr2	228000000	229000000	478	1021
chr2	229000000	230000000	479	209
chr2	230000000	231000000	480	497
chr2	231000000	232000000	481	989
chr2	232000000	233000000	482	532
chr2	233000000	234000000	483	1123
chr2	234000000	235000000	484	1568
chr2	235000000	236000000	485	234
chr2	236000000	237000000	486	96
chr2	237000000	238000000	487	547
chr2	238000000	239000000	488	1046
chr2	239000000	240000000	489	976
chr2	240000000	241000000	490	483
chr2	241000000	242000000	491	1322
chr2	242000000	243000000	492	1609
chr20	0	1000000	2810	844
chr20	1000000	2000000	2811	1345
chr20	2000000	3000000	2812	896
chr20	3000000	4000000	2813	1259
chr20	4000000	5000000	2814	512
chr20	5000000	6000000	2815	883
chr20	6000000	7000000	2816	419
chr20	7000000	8000000	2817	262
chr20	8000000	9000000	2818	359
chr20	9000000	10000000	2819	593
chr20	10000000	11000000	2820	566
chr20	11000000	12000000	2821	213
chr20	12000000	13000000	2822	160
chr20	13000000	14000000	2823	474
chr20	14000000	15000000	2824	269
chr20	15000000	16000000	2825	59
chr20	16000000	17000000	2826	289
chr20	17000000	18000000	2827	531
chr20	18000000	19000000	2828	686
chr20	19000000	20000000	2829	273
chr20	20000000	21000000	2830	562
chr20	21000000	22000000	2831	492
chr20	22000000	23000000	2832	463
chr20	23000000	24000000	2833	906
chr20	24000000	25000000	2834	366
chr20	25000000	26000000	2835	813
chr20	26000000	27000000	2836	240
chr20	29000000	30000000	2839	730
chr20	30000000	31000000	2840	1047
chr20	31000000	32000000	2841	1110
chr20	32000000	33000000	2842	596
chr20	33000000	34000000	2843	974
chr20	34000000	35000000	2844	1106
chr20	35000000	36000000	2845	765
chr20	36000000	37000000	2846	738
chr20	37000000	38000000	2847	820
chr20	38000000	39000000	2848	69
chr20	39000000	40000000	2849	411
chr20	40000000	41000000	2850	929
chr20	41000000	42000000	2851	318
chr20	42000000	43000000	2852	825
chr20	43000000	44000000	2853	1246
chr20	44000000	45000000	2854	1673
chr20	45000000	46000000	2855	831
chr20	46000000	47000000	2856	352
chr20	47000000	48000000	2857	796
chr20	48000000	49000000	2858	593
chr20	49000000	50000000	2859	594
chr20	50000000	51000000	2860	539
chr20	51000000	52000000	2861	504
chr20	52000000	53000000	2862	566
chr20	53000000	54000000	2863	93
chr20	54000000	55000000	2864	435
chr20	55000000	56000000	2865	702
chr20	56000000	57000000	2866	897
chr20	57000000	58000000	2867	1632
chr20	58000000	59000000	2868	651
chr20	59000000	60000000	2869	108
chr20	60000000	61000000	2870	1192
chr20	61000000	62000000	2871	1890
chr20	62000000	63000000	2872	2224
chr21	9000000	10000000	3051	112
chr21	10000000	11000000	3052	521
chr21	11000000	12000000	3053	393
chr21	14000000	15000000	3056	523
chr21	15000000	16000000	3057	975
chr21	16000000	17000000	3058	379
chr21	17000000	18000000	3059	289
chr21	18000000	19000000	3060	210
chr21	19000000	20000000	3061	323
chr21	20000000	21000000	3062	243
chr21	21000000	22000000	3063	191
chr21	22000000	23000000	3064	379
chr21	23000000	24000000	3065	348
chr21	24000000	25000000	3066	418
chr21	25000000	26000000	3067	365
chr21	26000000	27000000	3068	428
chr21	27000000	28000000	3069	589
chr21	28000000	29000000	3070	503
chr21	29000000	30000000	3071	289
chr21	30000000	31000000	3072	594
chr21	31000000	32000000	3073	627
chr21	32000000	33000000	3074	428
chr21	33000000	34000000	3075	665
chr21	34000000	35000000	3076	1022
chr21	35000000	36000000	3077	871
chr21	36000000	37000000	3078	308
chr21	37000000	38000000	3079	630
chr21	38000000	39000000	3080	964
chr21	39000000	40000000	3081	554
chr21	40000000	41000000	3082	787
chr21	41000000	42000000	3083	794
chr21	42000000	43000000	3084	572
chr21	43000000	44000000	3085	1260
chr21	44000000	45000000	3086	858
chr21	45000000	46000000	3087	1822
chr21	46000000	47000000	3088	1647
chr21	47000000	48000000	3089	1343
chr22	16000000	17000000	3007	978
chr22	17000000	18000000	3008	1517
chr22	18000000	19000000	3009	1373
chr22	19000000	20000000	3010	1243
chr22	20000000	21000000	3011	1280
chr22	21000000	22000000	3012	1476
chr22	22000000	23000000	3013	2451
chr22	23000000	24000000	3014	3003
chr22	24000000	25000000	3015	1412
chr22	25000000	26000000	3016	979
chr22	26000000	27000000	3017	1268
chr22	27000000	28000000	3018	592
chr22	28000000	29000000	3019	360
chr22	29000000	30000000	3020	1219
chr22	30000000	31000000	3021	1217
chr22	31000000	32000000	3022	1023
chr22	32000000	33000000	3023	1077
chr22	33000000	34000000	3024	335
chr22	34000000	35000000	3025	165
chr22	35000000	36000000	3026	487
chr22	36000000	37000000	3027	1077
chr22	37000000	38000000	3028	1439
chr22	38000000	39000000	3029	1430
chr22	39000000	40000000	3030	1379
chr22	40000000	41000000	3031	1015
chr22	41000000	42000000	3032	988
chr22	42000000	43000000	3033	1222
chr22	43000000	44000000	3034	969
chr22	44000000	45000000	3035	816
chr22	45000000	46000000	3036	896
chr22	46000000	47000000	3037	981
chr22	47000000	48000000	3038	303
chr22	48000000	49000000	3039	309
chr22	49000000	50000000	3040	331
chr22	50000000	51000000	3041	2046
chr3	0	1000000	493	581
chr3	1000000	2000000	494	456
chr3	2000000	3000000	495	210
chr3	3000000	4000000	496	588
chr3	4000000	5000000	497	406
chr3	5000000	6000000	498	173
chr3	6000000	7000000	499	252
chr3	7000000	8000000	500	317
chr3	8000000	9000000	501	454
chr3	9000000	10000000	502	1301
chr3	10000000	11000000	503	990
chr3	11000000	12000000	504	490
chr3	12000000	13000000	505	704
chr3	13000000	14000000	506	587
chr3	14000000	15000000	507	1005
chr3	15000000	16000000	508	771
chr3	16000000	17000000	509	518
chr3	17000000	18000000	510	256
chr3	18000000	19000000	511	399
chr3	19000000	20000000	512	274
chr3	20000000	21000000	513	280
chr3	21000000	22000000	514	410
chr3	22000000	23000000	515	139
chr3	23000000	24000000	516	233
chr3	24000000	25000000	517	341
chr3	25000000	26000000	518	269
chr3	26000000	27000000	519	216
chr3	27000000	28000000	520	422
chr3	28000000	29000000	521	249
chr3	29000000	30000000	522	144
chr3	30000000	31000000	523	391
chr3	31000000	32000000	524	290
chr3	32000000	33000000	525	669
chr3	33000000	34000000	526	616
chr3	34000000	35000000	527	109
chr3	35000000	36000000	528	355
chr3	36000000	37000000	529	717
chr3	37000000	38000000	530	573
chr3	38000000	39000000	531	1909
chr3	39000000	40000000	532	909
chr3	40000000	41000000	533	404
chr3	41000000	42000000	534	386
chr3	42000000	43000000	535	1262
chr3	43000000	44000000	536	305
chr3	44000000	45000000	537	1075
chr3	45000000	46000000	538	767
chr3	46000000	47000000	539	1223
chr3	47000000	48000000	540	983
chr3	48000000	49000000	541	1225
chr3	49000000	50000000	542	1922
chr3	50000000	51000000	543	1194
chr3	51000000	52000000	544	841
chr3	52000000	53000000	545	1871
chr3	53000000	54000000	546	690
chr3	54000000	55000000	547	419
chr3	55000000	56000000	548	352
chr3	56000000	57000000	549	456
chr3	57000000	58000000	550	740
chr3	58000000	59000000	551	827
chr3	59000000	60000000	552	112
chr3	60000000	61000000	553	102
chr3	61000000	62000000	554	73
chr3	62000000	63000000	555	490
chr3	63000000	64000000	556	408
chr3	64000000	65000000	557	599
chr3	65000000	66000000	558	322
chr3	66000000	67000000	559	199
chr3	67000000	68000000	560	207
chr3	68000000	69000000	561	306
chr3	69000000	70000000	562	497
chr3	70000000	71000000	563	146
chr3	71000000	72000000	564	422
chr3	72000000	73000000	565	389
chr3	73000000	74000000	566	320
chr3	74000000	75000000	567	283
chr3	75000000	76000000	568	636
chr3	76000000	77000000	569	61
chr3	77000000	78000000	570	471
chr3	78000000	79000000	571	299
chr3	79000000	80000000	572	31
chr3	80000000	81000000	573	143
chr3	81000000	82000000	574	237
chr3	82000000	83000000	575	118
chr3	83000000	84000000	576	23
chr3	84000000	85000000	577	318
chr3	85000000	86000000	578	86
chr3	86000000	87000000	579	813
chr3	87000000	88000000	580	287
chr3	88000000	89000000	581	372
chr3	89000000	90000000	582	352
chr3	90000000	91000000	583	57
chr3	93000000	94000000	586	287
chr3	94000000	95000000	587	139
chr3	95000000	96000000	588	104
chr3	96000000	97000000	589	372
chr3	97000000	98000000	590	1030
chr3	98000000	99000000	591	729
chr3	99000000	100000000	592	482
chr3	100000000	101000000	593	674
chr3	101000000	102000000	594	732
chr3	102000000	103000000	595	147
chr3	103000000	104000000	596	107
chr3	104000000	105000000	597	19
chr3	105000000	106000000	598	270
chr3	106000000	107000000	599	353
chr3	107000000	108000000	600	518
chr3	108000000	109000000	601	1081
chr3	109000000	110000000	602	353
chr3	110000000	111000000	603	152
chr3	111000000	112000000	604	887
chr3	112000000	113000000	605	811
chr3	113000000	114000000	606	1205
chr3	114000000	115000000	607	298
chr3	115000000	116000000	608	191
chr3	116000000	117000000	609	209
chr3	117000000	118000000	610	112
chr3	118000000	119000000	611	293
chr3	119000000	120000000	612	1000
chr3	120000000	121000000	613	569
chr3	121000000	122000000	614	1340
chr3	122000000	123000000	615	1031
chr3	123000000	124000000	616	772
chr3	124000000	125000000	617	935
chr3	125000000	126000000	618	701
chr3	126000000	127000000	619	748
chr3	127000000	128000000	620	659
chr3	128000000	129000000	621	787
chr3	129000000	130000000	622	1045
chr3	130000000	131000000	623	862
chr3	131000000	132000000	624	407
chr3	132000000	133000000	625	607
chr3	133000000	134000000	626	868
chr3	134000000	135000000	627	507
chr3	135000000	136000000	628	192
chr3	136000000	137000000	629	338
chr3	137000000	138000000	630	573
chr3	138000000	139000000	631	888
chr3	139000000	140000000	632	423
chr3	140000000	141000000	633	755
chr3	141000000	142000000	634	611
chr3	142000000	143000000	635	830
chr3	143000000	144000000	636	185
chr3	145000000	146000000	638	339
chr3	146000000	147000000	639	250
chr3	147000000	148000000	640	600
chr3	148000000	149000000	641	645
chr3	149000000	150000000	642	656
chr3	150000000	151000000	643	648
chr3	151000000	152000000	644	888
chr3	152000000	153000000	645	220
chr3	153000000	154000000	646	332
chr3	154000000	155000000	647	515
chr3	155000000	156000000	648	721
chr3	156000000	157000000	649	546
chr3	157000000	158000000	650	306
chr3	158000000	159000000	651	477
chr3	159000000	160000000	652	375
chr3	160000000	161000000	653	612
chr3	161000000	162000000	654	241
chr3	162000000	163000000	655	249
chr3	163000000	164000000	656	84
chr3	164000000	165000000	657	562
chr3	165000000	166000000	658	208
chr3	166000000	167000000	659	187
chr3	167000000	168000000	660	624
chr3	168000000	169000000	661	413
chr3	169000000	170000000	662	911
chr3	170000000	171000000	663	734
chr3	171000000	172000000	664	241
chr3	172000000	173000000	665	516
chr3	173000000	174000000	666	149
chr3	174000000	175000000	667	228
chr3	175000000	176000000	668	300
chr3	176000000	177000000	669	199
chr3	177000000	178000000	670	144
chr3	178000000	179000000	671	766
chr3	179000000	180000000	672	656
chr3	180000000	181000000	673	771
chr3	181000000	182000000	674	413
chr3	182000000	183000000	675	545
chr3	183000000	184000000	676	1523
chr3	184000000	185000000	677	1027
chr3	185000000	186000000	678	889
chr3	186000000	187000000	679	1330
chr3	187000000	188000000	680	723
chr3	188000000	189000000	681	353
chr3	189000000	190000000	682	562
chr3	190000000	191000000	683	571
chr3	191000000	192000000	684	451
chr3	192000000	193000000	685	248
chr3	193000000	194000000	686	687
chr3	194000000	195000000	687	887
chr3	195000000	196000000	688	2399
chr3	196000000	197000000	689	922
chr3	197000000	198000000	690	894
chr4	0	1000000	691	1561
chr4	1000000	2000000	692	1429
chr4	2000000	3000000	693	1120
chr4	3000000	4000000	694	1100
chr4	4000000	5000000	695	512
chr4	5000000	6000000	696	742
chr4	6000000	7000000	697	828
chr4	7000000	8000000	698	719
chr4	8000000	9000000	699	998
chr4	9000000	10000000	700	604
chr4	10000000	11000000	701	489
chr4	11000000	12000000	702	333
chr4	12000000	13000000	703	127
chr4	13000000	14000000	704	377
chr4	14000000	15000000	705	187
chr4	15000000	16000000	706	639
chr4	16000000	17000000	707	389
chr4	17000000	18000000	708	513
chr4	18000000	19000000	709	21
chr4	19000000	20000000	710	70
chr4	20000000	21000000	711	448
chr4	21000000	22000000	712	91
chr4	22000000	23000000	713	260
chr4	23000000	24000000	714	311
chr4	24000000	25000000	715	257
chr4	25000000	26000000	716	756
chr4	26000000	27000000	717	263
chr4	27000000	28000000	718	267
chr4	28000000	29000000	719	140
chr4	29000000	30000000	720	279
chr4	30000000	31000000	721	148
chr4	31000000	32000000	722	109
chr4	32000000	33000000	723	35
chr4	33000000	34000000	724	220
chr4	34000000	35000000	725	46
chr4	35000000	36000000	726	87
chr4	36000000	37000000	727	504
chr4	37000000	38000000	728	360
chr4	38000000	39000000	729	633
chr4	39000000	40000000	730	700
chr4	40000000	41000000	731	747
chr4	41000000	42000000	732	648
chr4	42000000	43000000	733	666
chr4	43000000	44000000	734	277
chr4	44000000	45000000	735	414
chr4	45000000	46000000	736	169
chr4	46000000	47000000	737	1117
chr4	47000000	48000000	738	727
chr4	48000000	49000000	739	654
chr4	49000000	50000000	740	553
chr4	52000000	53000000	743	331
chr4	53000000	54000000	744	313
chr4	54000000	55000000	745	356
chr4	55000000	56000000	746	577
chr4	56000000	57000000	747	475
chr4	57000000	58000000	748	771
chr4	58000000	59000000	749	216
chr4	59000000	60000000	750	144
chr4	60000000	61000000	751	46
chr4	61000000	62000000	752	43
chr4	62000000	63000000	753	529
chr4	63000000	64000000	754	135
chr4	64000000	65000000	755	64
chr4	65000000	66000000	756	615
chr4	66000000	67000000	757	438
chr4	67000000	68000000	758	25
chr4	68000000	69000000	759	703
chr4	69000000	70000000	760	1047
chr4	70000000	71000000	761	1197
chr4	71000000	72000000	762	917
chr4	72000000	73000000	763	254
chr4	73000000	74000000	764	337
chr4	74000000	75000000	765	695
chr4	75000000	76000000	766	510
chr4	76000000	77000000	767	769
chr4	77000000	78000000	768	743
chr4	78000000	79000000	769	300
chr4	79000000	80000000	770	619
chr4	80000000	81000000	771	509
chr4	81000000	82000000	772	567
chr4	82000000	83000000	773	196
chr4	83000000	84000000	774	610
chr4	84000000	85000000	775	415
chr4	85000000	86000000	776	469
chr4	86000000	87000000	777	168
chr4	87000000	88000000	778	415
chr4	88000000	89000000	779	941
chr4	89000000	90000000	780	632
chr4	90000000	91000000	781	457
chr4	91000000	92000000	782	228
chr4	92000000	93000000	783	158
chr4	93000000	94000000	784	182
chr4	94000000	95000000	785	234
chr4	95000000	96000000	786	267
chr4	96000000	97000000	787	367
chr4	97000000	98000000	788	94
chr4	98000000	99000000	789	302
chr4	99000000	100000000	790	396
chr4	100000000	101000000	791	1315
chr4	101000000	102000000	792	258
chr4	102000000	103000000	793	158
chr4	103000000	104000000	794	581
chr4	104000000	105000000	795	460
chr4	105000000	106000000	796	249
chr4	106000000	107000000	797	700
chr4	107000000	108000000	798	275
chr4	108000000	109000000	799	287
chr4	109000000	110000000	800	357
chr4	110000000	111000000	801	716
chr4	111000000	112000000	802	489
chr4	112000000	113000000	803	70
chr4	113000000	114000000	804	669
chr4	114000000	115000000	805	467
chr4	115000000	116000000	806	273
chr4	116000000	117000000	807	145
chr4	117000000	118000000	808	340
chr4	118000000	119000000	809	373
chr4	119000000	120000000	810	673
chr4	120000000	121000000	811	524
chr4	121000000	122000000	812	334
chr4	122000000	123000000	813	625
chr4	123000000	124000000	814	631
chr4	124000000	125000000	815	211
chr4	125000000	126000000	816	177
chr4	126000000	127000000	817	778
chr4	127000000	128000000	818	91
chr4	128000000	129000000	819	626
chr4	129000000	130000000	820	323
chr4	130000000	131000000	821	347
chr4	131000000	132000000	822	90
chr4	132000000	133000000	823	119
chr4	133000000	134000000	824	145
chr4	134000000	135000000	825	426
chr4	135000000	136000000	826	483
chr4	136000000	137000000	827	261
chr4	137000000	138000000	828	282
chr4	138000000	139000000	829	485
chr4	139000000	140000000	830	402
chr4	140000000	141000000	831	504
chr4	141000000	142000000	832	591
chr4	142000000	143000000	833	292
chr4	143000000	144000000	834	159
chr4	144000000	145000000	835	724
chr4	145000000	146000000	836	608
chr4	146000000	147000000	837	661
chr4	147000000	148000000	838	425
chr4	148000000	149000000	839	344
chr4	149000000	150000000	840	185
chr4	150000000	151000000	841	102
chr4	151000000	152000000	842	387
chr4	152000000	153000000	843	408
chr4	153000000	154000000	844	536
chr4	154000000	155000000	845	450
chr4	155000000	156000000	846	1068
chr4	156000000	157000000	847	1025
chr4	157000000	158000000	848	203
chr4	158000000	159000000	849	455
chr4	159000000	160000000	850	697
chr4	160000000	161000000	851	164
chr4	161000000	162000000	852	85
chr4	162000000	163000000	853	284
chr4	163000000	164000000	854	120
chr4	164000000	165000000	855	684
chr4	165000000	166000000	856	868
chr4	166000000	167000000	857	619
chr4	167000000	168000000	858	273
chr4	168000000	169000000	859	84
chr4	169000000	170000000	860	618
chr4	170000000	171000000	861	398
chr4	171000000	172000000	862	234
chr4	172000000	173000000	863	269
chr4	173000000	174000000	864	144
chr4	174000000	175000000	865	627
chr4	175000000	176000000	866	788
chr4	176000000	177000000	867	433
chr4	177000000	178000000	868	505
chr4	178000000	179000000	869	246
chr4	179000000	180000000	870	35
chr4	180000000	181000000	871	18
chr4	181000000	182000000	872	48
chr4	182000000	183000000	873	99
chr4	183000000	184000000	874	589
chr4	184000000	185000000	875	462
chr4	185000000	186000000	876	515
chr4	186000000	187000000	877	701
chr4	187000000	188000000	878	1008
chr4	188000000	189000000	879	383
chr4	189000000	190000000	880	598
chr4	190000000	191000000	881	554
chr5	0	1000000	882	1730
chr5	1000000	2000000	883	1303
chr5	2000000	3000000	884	213
chr5	3000000	4000000	885	281
chr5	4000000	5000000	886	402
chr5	5000000	6000000	887	519
chr5	6000000	7000000	888	697
chr5	7000000	8000000	889	762
chr5	8000000	9000000	890	317
chr5	9000000	10000000	891	570
chr5	10000000	11000000	892	786
chr5	11000000	12000000	893	212
chr5	12000000	13000000	894	188
chr5	13000000	14000000	895	1042
chr5	14000000	15000000	896	581
chr5	15000000	16000000	897	240
chr5	16000000	17000000	898	450
chr5	17000000	18000000	899	559
chr5	18000000	19000000	900	97
chr5	19000000	20000000	901	355
chr5	20000000	21000000	902	212
chr5	21000000	22000000	903	516
chr5	22000000	23000000	904	166
chr5	23000000	24000000	905	508
chr5	24000000	25000000	906	487
chr5	25000000	26000000	907	337
chr5	26000000	27000000	908	402
chr5	27000000	28000000	909	144
chr5	28000000	29000000	910	271
chr5	29000000	30000000	911	349
chr5	30000000	31000000	912	23
chr5	31000000	32000000	913	697
chr5	32000000	33000000	914	743
chr5	33000000	34000000	915	669
chr5	34000000	35000000	916	516
chr5	35000000	36000000	917	1354
chr5	36000000	37000000	918	538
chr5	37000000	38000000	919	714
chr5	38000000	39000000	920	973
chr5	39000000	40000000	921	457
chr5	40000000	41000000	922	636
chr5	41000000	42000000	923	1022
chr5	42000000	43000000	924	561
chr5	43000000	44000000	925	725
chr5	44000000	45000000	926	313
chr5	45000000	46000000	927	406
chr5	49000000	50000000	931	187
chr5	50000000	51000000	932	478
chr5	51000000	52000000	933	98
chr5	52000000	53000000	934	594
chr5	53000000	54000000	935	199
chr5	54000000	55000000	936	731
chr5	55000000	56000000	937	430
chr5	56000000	57000000	938	447
chr5	57000000	58000000	939	224
chr5	58000000	59000000	940	278
chr5	59000000	60000000	941	189
chr5	60000000	61000000	942	321
chr5	61000000	62000000	943	266
chr5	62000000	63000000	944	30
chr5	63000000	64000000	945	334
chr5	64000000	65000000	946	625
chr5	65000000	66000000	947	409
chr5	66000000	67000000	948	336
chr5	67000000	68000000	949	189
chr5	68000000	69000000	950	468
chr5	69000000	70000000	951	40
chr5	70000000	71000000	952	358
chr5	71000000	72000000	953	471
chr5	72000000	73000000	954	507
chr5	73000000	74000000	955	327
chr5	74000000	75000000	956	633
chr5	75000000	76000000	957	540
chr5	76000000	77000000	958	649
chr5	77000000	78000000	959	243
chr5	78000000	79000000	960	537
chr5	79000000	80000000	961	1064
chr5	80000000	81000000	962	447
chr5	81000000	82000000	963	229
chr5	82000000	83000000	964	670
chr5	83000000	84000000	965	189
chr5	84000000	85000000	966	236
chr5	85000000	86000000	967	164
chr5	86000000	87000000	968	260
chr5	87000000	88000000	969	351
chr5	88000000	89000000	970	252
chr5	89000000	90000000	971	508
chr5	90000000	91000000	972	438
chr5	91000000	92000000	973	121
chr5	92000000	93000000	974	325
chr5	93000000	94000000	975	369
chr5	94000000	95000000	976	620
chr5	95000000	96000000	977	503
chr5	96000000	97000000	978	718
chr5	97000000	98000000	979	267
chr5	98000000	99000000	980	319
chr5	99000000	100000000	981	358
chr5	100000000	101000000	982	194
chr5	101000000	102000000	983	336
chr5	102000000	103000000	984	488
chr5	103000000	104000000	985	35
chr5	104000000	105000000	986	105
chr5	105000000	106000000	987	50
chr5	106000000	107000000	988	108
chr5	107000000	108000000	989	151
chr5	108000000	109000000	990	342
chr5	109000000	110000000	991	389
chr5	110000000	111000000	992	965
chr5	111000000	112000000	993	424
chr5	112000000	113000000	994	976
chr5	113000000	114000000	995	133
chr5	114000000	115000000	996	420
chr5	115000000	116000000	997	557
chr5	116000000	117000000	998	50
chr5	117000000	118000000	999	156
chr5	118000000	119000000	1000	528
chr5	119000000	120000000	1001	89
chr5	120000000	121000000	1002	234
chr5	121000000	122000000	1003	548
chr5	122000000	123000000	1004	582
chr5	123000000	124000000	1005	119
chr5	124000000	125000000	1006	210
chr5	125000000	126000000	1007	223
chr5	126000000	127000000	1008	533
chr5	127000000	128000000	1009	510
chr5	128000000	129000000	1010	240
chr5	129000000	130000000	1011	240
chr5	130000000	131000000	1012	327
chr5	131000000	132000000	1013	1015
chr5	132000000	133000000	1014	731
chr5	133000000	134000000	1015	536
chr5	134000000	135000000	1016	872
chr5	135000000	136000000	1017	646
chr5	136000000	137000000	1018	240
chr5	137000000	138000000	1019	961
chr5	138000000	139000000	1020	674
chr5	139000000	140000000	1021	741
chr5	140000000	141000000	1022	6749
chr5	141000000	142000000	1023	721
chr5	142000000	143000000	1024	307
chr5	143000000	144000000	1025	532
chr5	144000000	145000000	1026	103
chr5	145000000	146000000	1027	689
chr5	146000000	147000000	1028	325
chr5	147000000	148000000	1029	701
chr5	148000000	149000000	1030	1005
chr5	149000000	150000000	1031	1260
chr5	150000000	151000000	1032	1461
chr5	151000000	152000000	1033	556
chr5	152000000	153000000	1034	116
chr5	153000000	154000000	1035	740
chr5	154000000	155000000	1036	572
chr5	155000000	156000000	1037	39
chr5	156000000	157000000	1038	1228
chr5	157000000	158000000	1039	376
chr5	158000000	159000000	1040	382
chr5	159000000	160000000	1041	599
chr5	160000000	161000000	1042	467
chr5	161000000	162000000	1043	594
chr5	162000000	163000000	1044	274
chr5	163000000	164000000	1045	140
chr5	164000000	165000000	1046	131
chr5	165000000	166000000	1047	106
chr5	166000000	167000000	1048	134
chr5	167000000	168000000	1049	654
chr5	168000000	169000000	1050	500
chr5	169000000	170000000	1051	1058
chr5	170000000	171000000	1052	489
chr5	171000000	172000000	1053	328
chr5	172000000	173000000	1054	597
chr5	173000000	174000000	1055	419
chr5	174000000	175000000	1056	267
chr5	175000000	176000000	1057	831
chr5	176000000	177000000	1058	1537
chr5	177000000	178000000	1059	747
chr5	178000000	179000000	1060	1199
chr5	179000000	180000000	1061	1303
chr6	0	1000000	1062	600
chr6	1000000	2000000	1063	245
chr6	2000000	3000000	1064	615
chr6	3000000	4000000	1065	690
chr6	4000000	5000000	1066	467
chr6	5000000	6000000	1067	387
chr6	6000000	7000000	1068	356
chr6	7000000	8000000	1069	1043
chr6	8000000	9000000	1070	124
chr6	9000000	10000000	1071	103
chr6	10000000	11000000	1072	711
chr6	11000000	12000000	1073	438
chr6	12000000	13000000	1074	299
chr6	13000000	14000000	1075	574
chr6	14000000	15000000	1076	129
chr6	15000000	16000000	1077	168
chr6	16000000	17000000	1078	329
chr6	17000000	18000000	1079	528
chr6	18000000	19000000	1080	275
chr6	19000000	20000000	1081	141
chr6	20000000	21000000	1082	140
chr6	21000000	22000000	1083	124
chr6	22000000	23000000	1084	342
chr6	23000000	24000000	1085	94
chr6	24000000	25000000	1086	936
chr6	25000000	26000000	1087	796
chr6	26000000	27000000	1088	2003
chr6	27000000	28000000	1089	1397
chr6	28000000	29000000	1090	1519
chr6	29000000	30000000	1091	2026
chr6	30000000	31000000	1092	2003
chr6	31000000	32000000	1093	2705
chr6	32000000	33000000	1094	2547
chr6	33000000	34000000	1095	1750
chr6	34000000	35000000	1096	719
chr6	35000000	36000000	1097	1078
chr6	36000000	37000000	1098	1091
chr6	37000000	38000000	1099	656
chr6	38000000	39000000	1100	695
chr6	39000000	40000000	1101	899
chr6	40000000	41000000	1102	228
chr6	41000000	42000000	1103	1157
chr6	42000000	43000000	1104	1038
chr6	43000000	44000000	1105	1596
chr6	44000000	45000000	1106	775
chr6	45000000	46000000	1107	206
chr6	46000000	47000000	1108	1149
chr6	47000000	48000000	1109	631
chr6	48000000	49000000	1110	88
chr6	49000000	50000000	1111	625
chr6	50000000	51000000	1112	299
chr6	51000000	52000000	1113	435
chr6	52000000	53000000	1114	726
chr6	53000000	54000000	1115	614
chr6	54000000	55000000	1116	589
chr6	55000000	56000000	1117	684
chr6	56000000	57000000	1118	917
chr6	57000000	58000000	1119	588
chr6	58000000	59000000	1120	235
chr6	61000000	62000000	1123	17
chr6	62000000	63000000	1124	218
chr6	63000000	64000000	1125	321
chr6	64000000	65000000	1126	385
chr6	65000000	66000000	1127	215
chr6	66000000	67000000	1128	462
chr6	67000000	68000000	1129	28
chr6	68000000	69000000	1130	155
chr6	69000000	70000000	1131	201
chr6	70000000	71000000	1132	542
chr6	71000000	72000000	1133	468
chr6	72000000	73000000	1134	485
chr6	73000000	74000000	1135	557
chr6	74000000	75000000	1136	753
chr6	75000000	76000000	1137	453
chr6	76000000	77000000	1138	641
chr6	77000000	78000000	1139	96
chr6	78000000	79000000	1140	202
chr6	79000000	80000000	1141	279
chr6	80000000	81000000	1142	497
chr6	81000000	82000000	1143	118
chr6	82000000	83000000	1144	218
chr6	83000000	84000000	1145	428
chr6	84000000	85000000	1146	608
chr6	85000000	86000000	1147	451
chr6	86000000	87000000	1148	341
chr6	87000000	88000000	1149	391
chr6	88000000	89000000	1150	733
chr6	89000000	90000000	1151	329
chr6	90000000	91000000	1152	897
chr6	91000000	92000000	1153	132
chr6	92000000	93000000	1154	104
chr6	93000000	94000000	1155	318
chr6	94000000	95000000	1156	124
chr6	95000000	96000000	1157	90
chr6	96000000	97000000	1158	580
chr6	97000000	98000000	1159	654
chr6	98000000	99000000	1160	143
chr6	99000000	100000000	1161	568
chr6	100000000	101000000	1162	563
chr6	101000000	102000000	1163	197
chr6	102000000	103000000	1164	241
chr6	103000000	104000000	1165	43
chr6	104000000	105000000	1166	102
chr6	105000000	106000000	1167	462
chr6	106000000	107000000	1168	284
chr6	107000000	108000000	1169	432
chr6	108000000	109000000	1170	488
chr6	109000000	110000000	1171	774
chr6	110000000	111000000	1172	449
chr6	111000000	112000000	1173	584
chr6	112000000	113000000	1174	655
chr6	113000000	114000000	1175	96
chr6	114000000	115000000	1176	437
chr6	115000000	116000000	1177	20
chr6	116000000	117000000	1178	1019
chr6	117000000	118000000	1179	822
chr6	118000000	119000000	1180	307
chr6	119000000	120000000	1181	319
chr6	120000000	121000000	1182	7
chr6	121000000	122000000	1183	244
chr6	122000000	123000000	1184	144
chr6	123000000	124000000	1185	605
chr6	124000000	125000000	1186	79
chr6	125000000	126000000	1187	481
chr6	126000000	127000000	1188	291
chr6	127000000	128000000	1189	457
chr6	128000000	129000000	1190	443
chr6	129000000	130000000	1191	465
chr6	130000000	131000000	1192	570
chr6	131000000	132000000	1193	376
chr6	132000000	133000000	1194	812
chr6	133000000	134000000	1195	608
chr6	134000000	135000000	1196	849
chr6	135000000	136000000	1197	404
chr6	136000000	137000000	1198	641
chr6	137000000	138000000	1199	259
chr6	138000000	139000000	1200	634
chr6	139000000	140000000	1201	466
chr6	140000000	141000000	1202	39
chr6	141000000	142000000	1203	94
chr6	142000000	143000000	1204	264
chr6	143000000	144000000	1205	410
chr6	144000000	145000000	1206	459
chr6	145000000	146000000	1207	138
chr6	146000000	147000000	1208	646
chr6	147000000	148000000	1209	466
chr6	148000000	149000000	1210	169
chr6	149000000	150000000	1211	377
chr6	150000000	151000000	1212	703
chr6	151000000	152000000	1213	543
chr6	152000000	153000000	1214	1177
chr6	153000000	154000000	1215	514
chr6	154000000	155000000	1216	572
chr6	155000000	156000000	1217	381
chr6	156000000	157000000	1218	23
chr6	157000000	158000000	1219	300
chr6	158000000	159000000	1220	569
chr6	159000000	160000000	1221	697
chr6	160000000	161000000	1222	1049
chr6	161000000	162000000	1223	616
chr6	162000000	163000000	1224	66
chr6	163000000	164000000	1225	329
chr6	164000000	165000000	1226	72
chr6	165000000	166000000	1227	363
chr6	166000000	167000000	1228	549
chr6	167000000	168000000	1229	809
chr6	168000000	169000000	1230	838
chr6	169000000	170000000	1231	391
chr6	170000000	171000000	1232	789
chr7	0	1000000	1233	845
chr7	1000000	2000000	1234	1178
chr7	2000000	3000000	1235	1092
chr7	3000000	4000000	1236	181
chr7	4000000	5000000	1237	893
chr7	5000000	6000000	1238	1169
chr7	6000000	7000000	1239	1186
chr7	7000000	8000000	1240	443
chr7	8000000	9000000	1241	296
chr7	9000000	10000000	1242	192
chr7	10000000	11000000	1243	117
chr7	11000000	12000000	1244	488
chr7	12000000	13000000	1245	620
chr7	13000000	14000000	1246	180
chr7	14000000	15000000	1247	353
chr7	15000000	16000000	1248	290
chr7	16000000	17000000	1249	509
chr7	17000000	18000000	1250	323
chr7	18000000	19000000	1251	389
chr7	19000000	20000000	1252	532
chr7	20000000	21000000	1253	900
chr7	21000000	22000000	1254	703
chr7	22000000	23000000	1255	496
chr7	23000000	24000000	1256	898
chr7	24000000	25000000	1257	447
chr7	25000000	26000000	1258	230
chr7	26000000	27000000	1259	599
chr7	27000000	28000000	1260	1081
chr7	28000000	29000000	1261	342
chr7	29000000	30000000	1262	505
chr7	30000000	31000000	1263	923
chr7	31000000	32000000	1264	959
chr7	32000000	33000000	1265	408
chr7	33000000	34000000	1266	328
chr7	34000000	35000000	1267	691
chr7	35000000	36000000	1268	527
chr7	36000000	37000000	1269	552
chr7	37000000	38000000	1270	632
chr7	38000000	39000000	1271	867
chr7	39000000	40000000	1272	387
chr7	40000000	41000000	1273	305
chr7	41000000	42000000	1274	516
chr7	42000000	43000000	1275	578
chr7	43000000	44000000	1276	915
chr7	44000000	45000000	1277	1365
chr7	45000000	46000000	1278	997
chr7	46000000	47000000	1279	153
chr7	47000000	48000000	1280	549
chr7	48000000	49000000	1281	897
chr7	49000000	50000000	1282	465
chr7	50000000	51000000	1283	721
chr7	51000000	52000000	1284	353
chr7	52000000	53000000	1285	99
chr7	53000000	54000000	1286	684
chr7	54000000	55000000	1287	477
chr7	55000000	56000000	1288	1019
chr7	56000000	57000000	1289	1429
chr7	57000000	58000000	1290	1651
chr7	61000000	62000000	1294	28
chr7	62000000	63000000	1295	495
chr7	63000000	64000000	1296	1780
chr7	64000000	65000000	1297	909
chr7	65000000	66000000	1298	457
chr7	66000000	67000000	1299	417
chr7	67000000	68000000	1300	151
chr7	68000000	69000000	1301	159
chr7	69000000	70000000	1302	59
chr7	70000000	71000000	1303	263
chr7	71000000	72000000	1304	486
chr7	72000000	73000000	1305	701
chr7	73000000	74000000	1306	924
chr7	74000000	75000000	1307	279
chr7	75000000	76000000	1308	838
chr7	76000000	77000000	1309	587
chr7	77000000	78000000	1310	541
chr7	78000000	79000000	1311	135
chr7	79000000	80000000	1312	275
chr7	80000000	81000000	1313	371
chr7	81000000	82000000	1314	621
chr7	82000000	83000000	1315	1135
chr7	83000000	84000000	1316	294
chr7	84000000	85000000	1317	493
chr7	85000000	86000000	1318	72
chr7	86000000	87000000	1319	702
chr7	87000000	88000000	1320	1034
chr7	88000000	89000000	1321	397
chr7	89000000	90000000	1322	436
chr7	90000000	91000000	1323	391
chr7	91000000	92000000	1324	573
chr7	92000000	93000000	1325	1002
chr7	93000000	94000000	1326	514
chr7	94000000	95000000	1327	993
chr7	95000000	96000000	1328	424
chr7	96000000	97000000	1329	600
chr7	97000000	98000000	1330	570
chr7	98000000	99000000	1331	713
chr7	99000000	100000000	1332	1956
chr7	100000000	101000000	1333	4555
chr7	101000000	102000000	1334	469
chr7	102000000	103000000	1335	822
chr7	103000000	104000000	1336	533
chr7	104000000	105000000	1337	376
chr7	105000000	106000000	1338	503
chr7	106000000	107000000	1339	492
chr7	107000000	108000000	1340	896
chr7	108000000	109000000	1341	254
chr7	109000000	110000000	1342	129
chr7	110000000	111000000	1343	158
chr7	111000000	112000000	1344	321
chr7	112000000	113000000	1345	539
chr7	113000000	114000000	1346	291
chr7	114000000	115000000	1347	440
chr7	115000000	116000000	1348	397
chr7	116000000	117000000	1349	627
chr7	117000000	118000000	1350	499
chr7	118000000	119000000	1351	105
chr7	119000000	120000000	1352	225
chr7	120000000	121000000	1353	445
chr7	121000000	122000000	1354	498
chr7	122000000	123000000	1355	412
chr7	123000000	124000000	1356	753
chr7	124000000	125000000	1357	737
chr7	125000000	126000000	1358	84
chr7	126000000	127000000	1359	513
chr7	127000000	128000000	1360	645
chr7	128000000	129000000	1361	1250
chr7	129000000	130000000	1362	671
chr7	130000000	131000000	1363	579
chr7	131000000	132000000	1364	731
chr7	132000000	133000000	1365	289
chr7	133000000	134000000	1366	263
chr7	134000000	135000000	1367	704
chr7	135000000	136000000	1368	511
chr7	136000000	137000000	1369	742
chr7	137000000	138000000	1370	766
chr7	138000000	139000000	1371	1212
chr7	139000000	140000000	1372	677
chr7	140000000	141000000	1373	813
chr7	141000000	142000000	1374	2066
chr7	142000000	143000000	1375	3024
chr7	143000000	144000000	1376	1592
chr7	144000000	145000000	1377	416
chr7	145000000	146000000	1378	118
chr7	146000000	147000000	1379	173
chr7	147000000	148000000	1380	196
chr7	148000000	149000000	1381	877
chr7	149000000	150000000	1382	1279
chr7	150000000	151000000	1383	2702
chr7	151000000	152000000	1384	1012
chr7	152000000	153000000	1385	218
chr7	153000000	154000000	1386	361
chr7	154000000	155000000	1387	729
chr7	155000000	156000000	1388	562
chr7	156000000	157000000	1389	527
chr7	157000000	158000000	1390	974
chr7	158000000	159000000	1391	612
chr8	0	1000000	1547	543
chr8	1000000	2000000	1548	812
chr8	2000000	3000000	1549	861
chr8	3000000	4000000	1550	497
chr8	4000000	5000000	1551	84
chr8	5000000	6000000	1552	309
chr8	6000000	7000000	1553	605
chr8	7000000	8000000	1554	414
chr8	8000000	9000000	1555	449
chr8	9000000	10000000	1556	396
chr8	10000000	11000000	1557	1001
chr8	11000000	12000000	1558	1090
chr8	12000000	13000000	1559	730
chr8	13000000	14000000	1560	364
chr8	14000000	15000000	1561	124
chr8	15000000	16000000	1562	339
chr8	16000000	17000000	1563	278
chr8	17000000	18000000	1564	938
chr8	18000000	19000000	1565	339
chr8	19000000	20000000	1566	360
chr8	20000000	21000000	1567	384
chr8	21000000	22000000	1568	595
chr8	22000000	23000000	1569	1240
chr8	23000000	24000000	1570	703
chr8	24000000	25000000	1571	868
chr8	25000000	26000000	1572	624
chr8	26000000	27000000	1573	511
chr8	27000000	28000000	1574	906
chr8	28000000	29000000	1575	633
chr8	29000000	30000000	1576	476
chr8	30000000	31000000	1577	616
chr8	31000000	32000000	1578	133
chr8	32000000	33000000	1579	362
chr8	33000000	34000000	1580	443
chr8	34000000	35000000	1581	106
chr8	35000000	36000000	1582	431
chr8	36000000	37000000	1583	235
chr8	37000000	38000000	1584	669
chr8	38000000	39000000	1585	959
chr8	39000000	40000000	1586	872
chr8	40000000	41000000	1587	256
chr8	41000000	42000000	1588	786
chr8	42000000	43000000	1589	808
chr8	43000000	44000000	1590	429
chr8	47000000	48000000	1594	452
chr8	48000000	49000000	1595	580
chr8	49000000	50000000	1596	392
chr8	50000000	51000000	1597	171
chr8	51000000	52000000	1598	223
chr8	52000000	53000000	1599	569
chr8	53000000	54000000	1600	580
chr8	54000000	55000000	1601	735
chr8	55000000	56000000	1602	680
chr8	56000000	57000000	1603	1059
chr8	57000000	58000000	1604	873
chr8	58000000	59000000	1605	449
chr8	59000000	60000000	1606	451
chr8	60000000	61000000	1607	92
chr8	61000000	62000000	1608	506
chr8	62000000	63000000	1609	487
chr8	63000000	64000000	1610	346
chr8	64000000	65000000	1611	556
chr8	65000000	66000000	1612	461
chr8	66000000	67000000	1613	310
chr8	67000000	68000000	1614	917
chr8	68000000	69000000	1615	502
chr8	69000000	70000000	1616	996
chr8	70000000	71000000	1617	668
chr8	71000000	72000000	1618	362
chr8	72000000	73000000	1619	678
chr8	73000000	74000000	1620	710
chr8	74000000	75000000	1621	545
chr8	75000000	76000000	1622	589
chr8	76000000	77000000	1623	214
chr8	77000000	78000000	1624	979
chr8	78000000	79000000	1625	31
chr8	79000000	80000000	1626	489
chr8	80000000	81000000	1627	243
chr8	81000000	82000000	1628	480
chr8	82000000	83000000	1629	530
chr8	83000000	84000000	1630	188
chr8	84000000	85000000	1631	177
chr8	85000000	86000000	1632	314
chr8	86000000	87000000	1633	651
chr8	87000000	88000000	1634	891
chr8	88000000	89000000	1635	529
chr8	89000000	90000000	1636	522
chr8	90000000	91000000	1637	251
chr8	91000000	92000000	1638	401
chr8	92000000	93000000	1639	685
chr8	93000000	94000000	1640	589
chr8	94000000	95000000	1641	509
chr8	95000000	96000000	1642	891
chr8	96000000	97000000	1643	314
chr8	97000000	98000000	1644	516
chr8	98000000	99000000	1645	310
chr8	99000000	100000000	1646	631
chr8	100000000	101000000	1647	425
chr8	101000000	102000000	1648	699
chr8	102000000	103000000	1649	440
chr8	103000000	104000000	1650	577
chr8	104000000	105000000	1651	735
chr8	105000000	106000000	1652	710
chr8	106000000	107000000	1653	669
chr8	107000000	108000000	1654	250
chr8	108000000	109000000	1655	427
chr8	109000000	110000000	1656	337
chr8	110000000	111000000	1657	1369
chr8	111000000	112000000	1658	205
chr8	112000000	113000000	1659	194
chr8	113000000	114000000	1660	714
chr8	114000000	115000000	1661	434
chr8	115000000	116000000	1662	104
chr8	116000000	117000000	1663	268
chr8	117000000	118000000	1664	385
chr8	118000000	119000000	1665	380
chr8	119000000	120000000	1666	406
chr8	120000000	121000000	1667	456
chr8	121000000	122000000	1668	551
chr8	122000000	123000000	1669	172
chr8	123000000	124000000	1670	170
chr8	124000000	125000000	1671	1011
chr8	125000000	126000000	1672	835
chr8	126000000	127000000	1673	368
chr8	127000000	128000000	1674	217
chr8	128000000	129000000	1675	655
chr8	129000000	130000000	1676	85
chr8	130000000	131000000	1677	315
chr8	131000000	132000000	1678	334
chr8	132000000	133000000	1679	281
chr8	133000000	134000000	1680	1252
chr8	134000000	135000000	1681	586
chr8	135000000	136000000	1682	307
chr8	136000000	137000000	1683	221
chr8	137000000	138000000	1684	148
chr8	138000000	139000000	1685	294
chr8	139000000	140000000	1686	949
chr8	140000000	141000000	1687	669
chr8	141000000	142000000	1688	430
chr8	142000000	143000000	1689	900
chr8	143000000	144000000	1690	1308
chr8	144000000	145000000	1691	2487
chr8	145000000	146000000	1692	2076
chr9	0	1000000	1693	848
chr9	1000000	2000000	1694	86
chr9	2000000	3000000	1695	417
chr9	3000000	4000000	1696	259
chr9	4000000	5000000	1697	455
chr9	5000000	6000000	1698	637
chr9	6000000	7000000	1699	515
chr9	7000000	8000000	1700	177
chr9	8000000	9000000	1701	483
chr9	9000000	10000000	1702	57
chr9	10000000	11000000	1703	90
chr9	11000000	12000000	1704	57
chr9	12000000	13000000	1705	124
chr9	13000000	14000000	1706	290
chr9	14000000	15000000	1707	603
chr9	15000000	16000000	1708	474
chr9	16000000	17000000	1709	286
chr9	17000000	18000000	1710	352
chr9	18000000	19000000	1711	314
chr9	19000000	20000000	1712	579
chr9	20000000	21000000	1713	251
chr9	21000000	22000000	1714	981
chr9	22000000	23000000	1715	234
chr9	23000000	24000000	1716	282
chr9	24000000	25000000	1717	93
chr9	25000000	26000000	1718	73
chr9	26000000	27000000	1719	165
chr9	27000000	28000000	1720	647
chr9	28000000	29000000	1721	79
chr9	29000000	30000000	1722	79
chr9	30000000	31000000	1723	229
chr9	31000000	32000000	1724	110
chr9	32000000	33000000	1725	608
chr9	33000000	34000000	1726	1320
chr9	34000000	35000000	1727	1011
chr9	35000000	36000000	1728	1402
chr9	36000000	37000000	1729	458
chr9	37000000	38000000	1730	864
chr9	38000000	39000000	1731	464
chr9	39000000	40000000	1732	279
chr9	40000000	41000000	1733	174
chr9	41000000	42000000	1734	43
chr9	42000000	43000000	1735	125
chr9	43000000	44000000	1736	341
chr9	44000000	45000000	1737	248
chr9	45000000	46000000	1738	104
chr9	46000000	47000000	1739	118
chr9	47000000	48000000	1740	14
chr9	65000000	66000000	1758	33
chr9	66000000	67000000	1759	636
chr9	67000000	68000000	1760	174
chr9	68000000	69000000	1761	613
chr9	69000000	70000000	1762	487
chr9	70000000	71000000	1763	213
chr9	71000000	72000000	1764	513
chr9	72000000	73000000	1765	542
chr9	73000000	74000000	1766	381
chr9	74000000	75000000	1767	469
chr9	75000000	76000000	1768	217
chr9	76000000	77000000	1769	129
chr9	77000000	78000000	1770	767
chr9	78000000	79000000	1771	435
chr9	79000000	80000000	1772	827
chr9	80000000	81000000	1773	396
chr9	81000000	82000000	1774	121
chr9	82000000	83000000	1775	496
chr9	83000000	84000000	1776	74
chr9	84000000	85000000	1777	591
chr9	85000000	86000000	1778	274
chr9	86000000	87000000	1779	512
chr9	87000000	88000000	1780	242
chr9	88000000	89000000	1781	327
chr9	89000000	90000000	1782	187
chr9	90000000	91000000	1783	751
chr9	91000000	92000000	1784	572
chr9	92000000	93000000	1785	194
chr9	93000000	94000000	1786	347
chr9	94000000	95000000	1787	407
chr9	95000000	96000000	1788	814
chr9	96000000	97000000	1789	503
chr9	97000000	98000000	1790	427
chr9	98000000	99000000	1791	554
chr9	99000000	100000000	1792	587
chr9	100000000	101000000	1793	970
chr9	101000000	102000000	1794	637
chr9	102000000	103000000	1795	370
chr9	103000000	104000000	1796	352
chr9	104000000	105000000	1797	700
chr9	105000000	106000000	1798	422
chr9	106000000	107000000	1799	290
chr9	107000000	108000000	1800	1019
chr9	108000000	109000000	1801	392
chr9	109000000	110000000	1802	337
chr9	110000000	111000000	1803	137
chr9	111000000	112000000	1804	446
chr9	112000000	113000000	1805	466
chr9	113000000	114000000	1806	624
chr9	114000000	115000000	1807	587
chr9	115000000	116000000	1808	676
chr9	116000000	117000000	1809	864
chr9	117000000	118000000	1810	992
chr9	118000000	119000000	1811	220
chr9	119000000	120000000	1812	614
chr9	120000000	121000000	1813	400
chr9	121000000	122000000	1814	176
chr9	122000000	123000000	1815	189
chr9	123000000	124000000	1816	741
chr9	124000000	125000000	1817	588
chr9	125000000	126000000	1818	1390
chr9	126000000	127000000	1819	339
chr9	127000000	128000000	1820	779
chr9	128000000	129000000	1821	307
chr9	129000000	130000000	1822	537
chr9	130000000	131000000	1823	1325
chr9	131000000	132000000	1824	1585
chr9	132000000	133000000	1825	817
chr9	133000000	134000000	1826	760
chr9	134000000	135000000	1827	665
chr9	135000000	136000000	1828	1032
chr9	136000000	137000000	1829	1312
chr9	137000000	138000000	1830	751
chr9	138000000	139000000	1831	1066
chr9	139000000	140000000	1832	2402
chr9	140000000	141000000	1833	1550
chrX	0	1000000	1392	119
chrX	1000000	2000000	1393	207
chrX	2000000	3000000	1394	453
chrX	3000000	4000000	1395	592
chrX	4000000	5000000	1396	35
chrX	5000000	6000000	1397	194
chrX	6000000	7000000	1398	128
chrX	7000000	8000000	1399	144
chrX	8000000	9000000	1400	268
chrX	9000000	10000000	1401	571
chrX	10000000	11000000	1402	283
chrX	11000000	12000000	1403	239
chrX	12000000	13000000	1404	740
chrX	13000000	14000000	1405	396
chrX	14000000	15000000	1406	195
chrX	15000000	16000000	1407	350
chrX	16000000	17000000	1408	265
chrX	17000000	18000000	1409	313
chrX	18000000	19000000	1410	401
chrX	19000000	20000000	1411	373
chrX	20000000	21000000	1412	172
chrX	21000000	22000000	1413	266
chrX	22000000	23000000	1414	159
chrX	23000000	24000000	1415	401
chrX	24000000	25000000	1416	422
chrX	25000000	26000000	1417	111
chrX	26000000	27000000	1418	469
chrX	27000000	28000000	1419	511
chrX	28000000	29000000	1420	39
chrX	29000000	30000000	1421	73
chrX	30000000	31000000	1422	430
chrX	31000000	32000000	1423	164
chrX	32000000	33000000	1424	202
chrX	33000000	34000000	1425	171
chrX	34000000	35000000	1426	300
chrX	35000000	36000000	1427	370
chrX	36000000	37000000	1428	254
chrX	37000000	38000000	1429	627
chrX	38000000	39000000	1430	226
chrX	39000000	40000000	1431	232
chrX	40000000	41000000	1432	246
chrX	41000000	42000000	1433	441
chrX	42000000	43000000	1434	41
chrX	43000000	44000000	1435	210
chrX	44000000	45000000	1436	240
chrX	45000000	46000000	1437	254
chrX	46000000	47000000	1438	352
chrX	47000000	48000000	1439	854
chrX	48000000	49000000	1440	1247
chrX	49000000	50000000	1441	761
chrX	50000000	51000000	1442	472
chrX	51000000	52000000	1443	245
chrX	52000000	53000000	1444	198
chrX	53000000	54000000	1445	683
chrX	54000000	55000000	1446	652
chrX	55000000	56000000	1447	431
chrX	56000000	57000000	1448	161
chrX	57000000	58000000	1449	427
chrX	58000000	59000000	1450	27
chrX	61000000	62000000	1453	26
chrX	62000000	63000000	1454	268
chrX	63000000	64000000	1455	349
chrX	64000000	65000000	1456	432
chrX	65000000	66000000	1457	479
chrX	66000000	67000000	1458	227
chrX	67000000	68000000	1459	289
chrX	68000000	69000000	1460	202
chrX	69000000	70000000	1461	569
chrX	70000000	71000000	1462	873
chrX	71000000	72000000	1463	471
chrX	72000000	73000000	1464	340
chrX	73000000	74000000	1465	1441
chrX	74000000	75000000	1466	337
chrX	75000000	76000000	1467	238
chrX	76000000	77000000	1468	206
chrX	77000000	78000000	1469	500
chrX	78000000	79000000	1470	291
chrX	79000000	80000000	1471	399
chrX	80000000	81000000	1472	127
chrX	81000000	82000000	1473	9
chrX	82000000	83000000	1474	117
chrX	83000000	84000000	1475	314
chrX	84000000	85000000	1476	370
chrX	85000000	86000000	1477	208
chrX	86000000	87000000	1478	284
chrX	87000000	88000000	1479	65
chrX	88000000	89000000	1480	76
chrX	89000000	90000000	1481	90
chrX	90000000	91000000	1482	112
chrX	91000000	92000000	1483	262
chrX	92000000	93000000	1484	250
chrX	93000000	94000000	1485	75
chrX	94000000	95000000	1486	101
chrX	95000000	96000000	1487	81
chrX	96000000	97000000	1488	181
chrX	97000000	98000000	1489	163
chrX	98000000	99000000	1490	58
chrX	99000000	100000000	1491	370
chrX	100000000	101000000	1492	905
chrX	101000000	102000000	1493	599
chrX	102000000	103000000	1494	570
chrX	103000000	104000000	1495	434
chrX	104000000	105000000	1496	107
chrX	105000000	106000000	1497	560
chrX	106000000	107000000	1498	479
chrX	107000000	108000000	1499	711
chrX	108000000	109000000	1500	226
chrX	109000000	110000000	1501	287
chrX	110000000	111000000	1502	594
chrX	111000000	112000000	1503	277
chrX	112000000	113000000	1504	136
chrX	113000000	114000000	1505	104
chrX	114000000	115000000	1506	565
chrX	115000000	116000000	1507	280
chrX	116000000	117000000	1508	25
chrX	117000000	118000000	1509	463
chrX	118000000	119000000	1510	770
chrX	119000000	120000000	1511	510
chrX	120000000	121000000	1512	165
chrX	121000000	122000000	1513	97
chrX	122000000	123000000	1514	336
chrX	123000000	124000000	1515	573
chrX	124000000	125000000	1516	51
chrX	125000000	126000000	1517	260
chrX	126000000	127000000	1518	135
chrX	127000000	128000000	1519	180
chrX	128000000	129000000	1520	299
chrX	129000000	130000000	1521	440
chrX	130000000	131000000	1522	446
chrX	131000000	132000000	1523	295
chrX	132000000	133000000	1524	263
chrX	133000000	134000000	1525	337
chrX	134000000	135000000	1526	746
chrX	135000000	136000000	1527	854
chrX	136000000	137000000	1528	226
chrX	137000000	138000000	1529	155
chrX	138000000	139000000	1530	294
chrX	139000000	140000000	1531	243
chrX	140000000	141000000	1532	521
chrX	141000000	142000000	1533	185
chrX	142000000	143000000	1534	526
chrX	143000000	144000000	1535	36
chrX	144000000	145000000	1536	314
chrX	145000000	146000000	1537	81
chrX	146000000	147000000	1538	77
chrX	147000000	148000000	1539	196
chrX	148000000	149000000	1540	435
chrX	149000000	150000000	1541	382
chrX	150000000	151000000	1542	606
chrX	151000000	152000000	1543	945
chrX	152000000	153000000	1544	803
chrX	153000000	154000000	1545	1772
chrX	154000000	155000000	1546	571
chrY	2000000	3000000	2875	26
chrY	3000000	4000000	2876	45
chrY	4000000	5000000	2877	35
chrY	5000000	6000000	2878	68
chrY	6000000	7000000	2879	50
chrY	7000000	8000000	2880	52
chrY	8000000	9000000	2881	35
chrY	9000000	10000000	2882	119
chrY	10000000	11000000	2883	101
chrY	13000000	14000000	2886	357
chrY	14000000	15000000	2887	152
chrY	15000000	16000000	2888	56
chrY	16000000	17000000	2889	60
chrY	17000000	18000000	2890	12
chrY	18000000	19000000	2891	1
chrY	19000000	20000000	2892	14
chrY	20000000	21000000	2893	23
chrY	21000000	22000000	2894	83
chrY	22000000	23000000	2895	34
chrY	23000000	24000000	2896	60
chrY	24000000	25000000	2897	38
chrY	25000000	26000000	2898	6
chrY	26000000	27000000	2899	8
chrY	27000000	28000000	2900	6
chrY	28000000	29000000	2901	62
