chr1	0	1000000	1	6438
chr1	1000000	2000000	2	10335
chr1	2000000	3000000	3	13254
chr1	3000000	4000000	4	10916
chr1	4000000	5000000	5	23279
chr1	5000000	6000000	6	22830
chr1	6000000	7000000	7	9381
chr1	7000000	8000000	8	12373
chr1	8000000	9000000	9	9230
chr1	9000000	10000000	10	8928
chr1	10000000	11000000	11	8779
chr1	11000000	12000000	12	10802
chr1	12000000	13000000	13	12660
chr1	13000000	14000000	14	5924
chr1	14000000	15000000	15	14368
chr1	15000000	16000000	16	9955
chr1	16000000	17000000	17	10994
chr1	17000000	18000000	18	11930
chr1	18000000	19000000	19	16956
chr1	19000000	20000000	20	10011
chr1	20000000	21000000	21	12010
chr1	21000000	22000000	22	8711
chr1	22000000	23000000	23	10252
chr1	23000000	24000000	24	10094
chr1	24000000	25000000	25	8540
chr1	25000000	26000000	26	8142
chr1	26000000	27000000	27	9247
chr1	27000000	28000000	28	8231
chr1	28000000	29000000	29	8093
chr1	29000000	30000000	30	9326
chr1	30000000	31000000	31	17239
chr1	31000000	32000000	32	10152
chr1	32000000	33000000	33	9173
chr1	33000000	34000000	34	8399
chr1	34000000	35000000	35	24322
chr1	35000000	36000000	36	12237
chr1	36000000	37000000	37	8440
chr1	37000000	38000000	38	16086
chr1	38000000	39000000	39	13231
chr1	39000000	40000000	40	10640
chr1	40000000	41000000	41	9501
chr1	41000000	42000000	42	9290
chr1	42000000	43000000	43	10287
chr1	43000000	44000000	44	10183
chr1	44000000	45000000	45	9495
chr1	45000000	46000000	46	8817
chr1	46000000	47000000	47	8475
chr1	47000000	48000000	48	13928
chr1	48000000	49000000	49	11779
chr1	49000000	50000000	50	16399
chr1	50000000	51000000	51	20469
chr1	51000000	52000000	52	9057
chr1	52000000	53000000	53	8065
chr1	53000000	54000000	54	10282
chr1	54000000	55000000	55	9530
chr1	55000000	56000000	56	12227
chr1	56000000	57000000	57	19783
chr1	57000000	58000000	58	22209
chr1	58000000	59000000	59	17635
chr1	59000000	60000000	60	11173
chr1	60000000	61000000	61	14069
chr1	61000000	62000000	62	11411
chr1	62000000	63000000	63	11179
chr1	63000000	64000000	64	9836
chr1	64000000	65000000	65	10464
chr1	65000000	66000000	66	9393
chr1	66000000	67000000	67	15020
chr1	67000000	68000000	68	10282
chr1	68000000	69000000	69	10472
chr1	69000000	70000000	70	23965
chr1	70000000	71000000	71	15803
chr1	71000000	72000000	72	23997
chr1	72000000	73000000	73	22425
chr1	73000000	74000000	74	35155
chr1	74000000	75000000	75	24912
chr1	75000000	76000000	76	27092
chr1	76000000	77000000	77	15234
chr1	77000000	78000000	78	15660
chr1	78000000	79000000	79	14394
chr1	79000000	80000000	80	22919
chr1	80000000	81000000	81	26285
chr1	81000000	82000000	82	21676
chr1	82000000	83000000	83	21295
chr1	83000000	84000000	84	19397
chr1	84000000	85000000	85	10002
chr1	85000000	86000000	86	9595
chr1	86000000	87000000	87	11879
chr1	87000000	88000000	88	10472
chr1	88000000	89000000	89	15381
chr1	89000000	90000000	90	10004
chr1	90000000	91000000	91	14583
chr1	91000000	92000000	92	14114
chr1	92000000	93000000	93	10207
chr1	93000000	94000000	94	7995
chr1	94000000	95000000	95	10019
chr1	95000000	96000000	96	11176
chr1	96000000	97000000	97	23154
chr1	97000000	98000000	98	21680
chr1	98000000	99000000	99	19784
chr1	99000000	100000000	100	14940
chr1	100000000	101000000	101	8996
chr1	101000000	102000000	102	14641
chr1	102000000	103000000	103	26944
chr1	103000000	104000000	104	22278
chr1	104000000	105000000	105	23833
chr1	105000000	106000000	106	26842
chr1	106000000	107000000	107	32968
chr1	107000000	108000000	108	27617
chr1	108000000	109000000	109	11157
chr1	109000000	110000000	110	8546
chr1	110000000	111000000	111	9357
chr1	111000000	112000000	112	14604
chr1	112000000	113000000	113	16571
chr1	113000000	114000000	114	9719
chr1	114000000	115000000	115	11161
chr1	115000000	116000000	116	17097
chr1	116000000	117000000	117	11556
chr1	117000000	118000000	118	9743
chr1	118000000	119000000	119	14316
chr1	119000000	120000000	120	18600
chr1	120000000	121000000	121	9245
chr1	121000000	122000000	122	6748
chr1	142000000	143000000	143	12996
chr1	143000000	144000000	144	15413
chr1	144000000	145000000	145	6774
chr1	145000000	146000000	146	9622
chr1	146000000	147000000	147	8046
chr1	147000000	148000000	148	7803
chr1	148000000	149000000	149	7649
chr1	149000000	150000000	150	14663
chr1	150000000	151000000	151	9639
chr1	151000000	152000000	152	9492
chr1	152000000	153000000	153	21442
chr1	153000000	154000000	154	16953
chr1	154000000	155000000	155	11579
chr1	155000000	156000000	156	9650
chr1	156000000	157000000	157	10533
chr1	157000000	158000000	158	20278
chr1	158000000	159000000	159	28404
chr1	159000000	160000000	160	23747
chr1	160000000	161000000	161	13810
chr1	161000000	162000000	162	10805
chr1	162000000	163000000	163	12169
chr1	163000000	164000000	164	26220
chr1	164000000	165000000	165	28137
chr1	165000000	166000000	166	16618
chr1	166000000	167000000	167	25696
chr1	167000000	168000000	168	11828
chr1	168000000	169000000	169	12106
chr1	169000000	170000000	170	11799
chr1	170000000	171000000	171	19572
chr1	171000000	172000000	172	14732
chr1	172000000	173000000	173	14922
chr1	173000000	174000000	174	13847
chr1	174000000	175000000	175	10957
chr1	175000000	176000000	176	21474
chr1	176000000	177000000	177	25650
chr1	177000000	178000000	178	25610
chr1	178000000	179000000	179	9810
chr1	179000000	180000000	180	13266
chr1	180000000	181000000	181	9580
chr1	181000000	182000000	182	21275
chr1	182000000	183000000	183	13631
chr1	183000000	184000000	184	10878
chr1	184000000	185000000	185	10628
chr1	185000000	186000000	186	11398
chr1	186000000	187000000	187	15095
chr1	187000000	188000000	188	26092
chr1	188000000	189000000	189	33930
chr1	189000000	190000000	190	35478
chr1	190000000	191000000	191	39784
chr1	191000000	192000000	192	32292
chr1	192000000	193000000	193	17994
chr1	193000000	194000000	194	19359
chr1	194000000	195000000	195	35193
chr1	195000000	196000000	196	36873
chr1	196000000	197000000	197	28285
chr1	197000000	198000000	198	15764
chr1	198000000	199000000	199	17896
chr1	199000000	200000000	200	22186
chr1	200000000	201000000	201	12416
chr1	201000000	202000000	202	11050
chr1	202000000	203000000	203	10161
chr1	203000000	204000000	204	11846
chr1	204000000	205000000	205	11361
chr1	205000000	206000000	206	10248
chr1	206000000	207000000	207	7922
chr1	207000000	208000000	208	11699
chr1	208000000	209000000	209	19055
chr1	209000000	210000000	210	26179
chr1	210000000	211000000	211	13484
chr1	211000000	212000000	212	13689
chr1	212000000	213000000	213	9363
chr1	213000000	214000000	214	15117
chr1	214000000	215000000	215	15215
chr1	215000000	216000000	216	17874
chr1	216000000	217000000	217	21449
chr1	217000000	218000000	218	18522
chr1	218000000	219000000	219	18910
chr1	219000000	220000000	220	15435
chr1	220000000	221000000	221	12661
chr1	221000000	222000000	222	21253
chr1	222000000	223000000	223	13058
chr1	223000000	224000000	224	11803
chr1	224000000	225000000	225	10302
chr1	225000000	226000000	226	12810
chr1	226000000	227000000	227	10540
chr1	227000000	228000000	228	11508
chr1	228000000	229000000	229	13262
chr1	229000000	230000000	230	12600
chr1	230000000	231000000	231	12261
chr1	231000000	232000000	232	10257
chr1	232000000	233000000	233	13565
chr1	233000000	234000000	234	20581
chr1	234000000	235000000	235	18487
chr1	235000000	236000000	236	9238
chr1	236000000	237000000	237	12146
chr1	237000000	238000000	238	19437
chr1	238000000	239000000	239	27395
chr1	239000000	240000000	240	28387
chr1	240000000	241000000	241	28884
chr1	241000000	242000000	242	25058
chr1	242000000	243000000	243	23208
chr1	243000000	244000000	244	14016
chr1	244000000	245000000	245	13330
chr1	245000000	246000000	246	12380
chr1	246000000	247000000	247	10978
chr1	247000000	248000000	248	21103
chr1	248000000	249000000	249	26911
chr10	0	1000000	1834	8940
chr10	1000000	2000000	1835	17664
chr10	2000000	3000000	1836	24110
chr10	3000000	4000000	1837	12842
chr10	4000000	5000000	1838	11104
chr10	5000000	6000000	1839	11735
chr10	6000000	7000000	1840	13924
chr10	7000000	8000000	1841	14533
chr10	8000000	9000000	1842	25461
chr10	9000000	10000000	1843	28866
chr10	10000000	11000000	1844	25159
chr10	11000000	12000000	1845	11894
chr10	12000000	13000000	1846	13775
chr10	13000000	14000000	1847	10841
chr10	14000000	15000000	1848	12792
chr10	15000000	16000000	1849	15617
chr10	16000000	17000000	1850	18123
chr10	17000000	18000000	1851	10177
chr10	18000000	19000000	1852	14550
chr10	19000000	20000000	1853	31868
chr10	20000000	21000000	1854	30143
chr10	21000000	22000000	1855	15471
chr10	22000000	23000000	1856	10864
chr10	23000000	24000000	1857	14309
chr10	24000000	25000000	1858	18117
chr10	25000000	26000000	1859	15618
chr10	26000000	27000000	1860	20854
chr10	27000000	28000000	1861	11227
chr10	28000000	29000000	1862	17063
chr10	29000000	30000000	1863	11115
chr10	30000000	31000000	1864	13673
chr10	31000000	32000000	1865	12813
chr10	32000000	33000000	1866	10428
chr10	33000000	34000000	1867	13262
chr10	34000000	35000000	1868	12656
chr10	35000000	36000000	1869	9977
chr10	36000000	37000000	1870	26240
chr10	37000000	38000000	1871	33927
chr10	38000000	39000000	1872	23035
chr10	39000000	40000000	1873	7699
chr10	42000000	43000000	1876	23910
chr10	43000000	44000000	1877	12771
chr10	44000000	45000000	1878	20875
chr10	45000000	46000000	1879	18267
chr10	46000000	47000000	1880	4043
chr10	47000000	48000000	1881	8106
chr10	48000000	49000000	1882	7545
chr10	49000000	50000000	1883	10213
chr10	50000000	51000000	1884	20736
chr10	51000000	52000000	1885	4032
chr10	52000000	53000000	1886	14561
chr10	53000000	54000000	1887	18016
chr10	54000000	55000000	1888	23538
chr10	55000000	56000000	1889	31768
chr10	56000000	57000000	1890	30981
chr10	57000000	58000000	1891	32047
chr10	58000000	59000000	1892	25835
chr10	59000000	60000000	1893	21393
chr10	60000000	61000000	1894	12937
chr10	61000000	62000000	1895	15764
chr10	62000000	63000000	1896	13493
chr10	63000000	64000000	1897	11086
chr10	64000000	65000000	1898	12446
chr10	65000000	66000000	1899	12260
chr10	66000000	67000000	1900	21817
chr10	67000000	68000000	1901	21073
chr10	68000000	69000000	1902	25413
chr10	69000000	70000000	1903	15087
chr10	70000000	71000000	1904	8320
chr10	71000000	72000000	1905	10849
chr10	72000000	73000000	1906	11026
chr10	73000000	74000000	1907	10391
chr10	74000000	75000000	1908	7770
chr10	75000000	76000000	1909	7592
chr10	76000000	77000000	1910	7937
chr10	77000000	78000000	1911	9621
chr10	78000000	79000000	1912	13013
chr10	79000000	80000000	1913	10235
chr10	80000000	81000000	1914	10273
chr10	81000000	82000000	1915	9748
chr10	82000000	83000000	1916	17842
chr10	83000000	84000000	1917	28789
chr10	84000000	85000000	1918	30312
chr10	85000000	86000000	1919	26750
chr10	86000000	87000000	1920	16426
chr10	87000000	88000000	1921	17112
chr10	88000000	89000000	1922	8195
chr10	89000000	90000000	1923	7453
chr10	90000000	91000000	1924	8876
chr10	91000000	92000000	1925	15775
chr10	92000000	93000000	1926	20306
chr10	93000000	94000000	1927	7974
chr10	94000000	95000000	1928	8487
chr10	95000000	96000000	1929	10305
chr10	96000000	97000000	1930	16553
chr10	97000000	98000000	1931	8838
chr10	98000000	99000000	1932	10258
chr10	99000000	100000000	1933	8426
chr10	100000000	101000000	1934	12452
chr10	101000000	102000000	1935	8655
chr10	102000000	103000000	1936	10013
chr10	103000000	104000000	1937	7790
chr10	104000000	105000000	1938	7470
chr10	105000000	106000000	1939	8702
chr10	106000000	107000000	1940	24080
chr10	107000000	108000000	1941	33605
chr10	108000000	109000000	1942	22881
chr10	109000000	110000000	1943	26149
chr10	110000000	111000000	1944	26740
chr10	111000000	112000000	1945	15173
chr10	112000000	113000000	1946	9845
chr10	113000000	114000000	1947	16310
chr10	114000000	115000000	1948	8768
chr10	115000000	116000000	1949	10687
chr10	116000000	117000000	1950	9845
chr10	117000000	118000000	1951	19564
chr10	118000000	119000000	1952	13507
chr10	119000000	120000000	1953	12984
chr10	120000000	121000000	1954	11245
chr10	121000000	122000000	1955	9958
chr10	122000000	123000000	1956	16771
chr10	123000000	124000000	1957	12129
chr10	124000000	125000000	1958	13936
chr10	125000000	126000000	1959	16457
chr10	126000000	127000000	1960	9021
chr10	127000000	128000000	1961	13210
chr10	128000000	129000000	1962	11712
chr10	129000000	130000000	1963	15956
chr10	130000000	131000000	1964	29268
chr10	131000000	132000000	1965	17601
chr10	132000000	133000000	1966	27099
chr10	133000000	134000000	1967	16662
chr10	134000000	135000000	1968	12468
chr11	0	1000000	1969	8679
chr11	1000000	2000000	1970	13023
chr11	2000000	3000000	1971	12011
chr11	3000000	4000000	1972	9473
chr11	4000000	5000000	1973	21229
chr11	5000000	6000000	1974	25764
chr11	6000000	7000000	1975	13982
chr11	7000000	8000000	1976	17675
chr11	8000000	9000000	1977	12488
chr11	9000000	10000000	1978	8111
chr11	10000000	11000000	1979	9321
chr11	11000000	12000000	1980	10656
chr11	12000000	13000000	1981	8792
chr11	13000000	14000000	1982	11592
chr11	14000000	15000000	1983	10267
chr11	15000000	16000000	1984	12711
chr11	16000000	17000000	1985	9780
chr11	17000000	18000000	1986	11484
chr11	18000000	19000000	1987	12895
chr11	19000000	20000000	1988	12293
chr11	20000000	21000000	1989	18318
chr11	21000000	22000000	1990	24343
chr11	22000000	23000000	1991	19926
chr11	23000000	24000000	1992	20735
chr11	24000000	25000000	1993	24910
chr11	25000000	26000000	1994	30086
chr11	26000000	27000000	1995	18425
chr11	27000000	28000000	1996	13238
chr11	28000000	29000000	1997	17817
chr11	29000000	30000000	1998	23852
chr11	30000000	31000000	1999	19857
chr11	31000000	32000000	2000	17065
chr11	32000000	33000000	2001	15810
chr11	33000000	34000000	2002	9389
chr11	34000000	35000000	2003	9913
chr11	35000000	36000000	2004	10218
chr11	36000000	37000000	2005	16106
chr11	37000000	38000000	2006	33510
chr11	38000000	39000000	2007	32501
chr11	39000000	40000000	2008	36281
chr11	40000000	41000000	2009	37634
chr11	41000000	42000000	2010	31044
chr11	42000000	43000000	2011	33850
chr11	43000000	44000000	2012	17467
chr11	44000000	45000000	2013	11117
chr11	45000000	46000000	2014	12674
chr11	46000000	47000000	2015	8313
chr11	47000000	48000000	2016	8701
chr11	48000000	49000000	2017	29694
chr11	49000000	50000000	2018	29563
chr11	50000000	51000000	2019	28623
chr11	51000000	52000000	2020	16038
chr11	54000000	55000000	2023	9297
chr11	55000000	56000000	2024	36274
chr11	56000000	57000000	2025	25702
chr11	57000000	58000000	2026	12015
chr11	58000000	59000000	2027	17535
chr11	59000000	60000000	2028	13473
chr11	60000000	61000000	2029	12966
chr11	61000000	62000000	2030	9890
chr11	62000000	63000000	2031	12026
chr11	63000000	64000000	2032	11546
chr11	64000000	65000000	2033	11593
chr11	65000000	66000000	2034	9580
chr11	66000000	67000000	2035	9775
chr11	67000000	68000000	2036	10504
chr11	68000000	69000000	2037	10647
chr11	69000000	70000000	2038	12388
chr11	70000000	71000000	2039	13497
chr11	71000000	72000000	2040	12527
chr11	72000000	73000000	2041	9918
chr11	73000000	74000000	2042	8515
chr11	74000000	75000000	2043	9729
chr11	75000000	76000000	2044	9557
chr11	76000000	77000000	2045	10578
chr11	77000000	78000000	2046	8886
chr11	78000000	79000000	2047	14046
chr11	79000000	80000000	2048	26034
chr11	80000000	81000000	2049	30710
chr11	81000000	82000000	2050	32435
chr11	82000000	83000000	2051	17375
chr11	83000000	84000000	2052	16974
chr11	84000000	85000000	2053	24902
chr11	85000000	86000000	2054	11786
chr11	86000000	87000000	2055	9205
chr11	87000000	88000000	2056	13439
chr11	88000000	89000000	2057	18369
chr11	89000000	90000000	2058	15580
chr11	90000000	91000000	2059	31825
chr11	91000000	92000000	2060	26830
chr11	92000000	93000000	2061	18805
chr11	93000000	94000000	2062	13361
chr11	94000000	95000000	2063	10049
chr11	95000000	96000000	2064	9375
chr11	96000000	97000000	2065	22353
chr11	97000000	98000000	2066	32176
chr11	98000000	99000000	2067	34040
chr11	99000000	100000000	2068	31731
chr11	100000000	101000000	2069	18959
chr11	101000000	102000000	2070	19474
chr11	102000000	103000000	2071	10414
chr11	103000000	104000000	2072	18843
chr11	104000000	105000000	2073	16759
chr11	105000000	106000000	2074	16969
chr11	106000000	107000000	2075	21949
chr11	107000000	108000000	2076	13074
chr11	108000000	109000000	2077	9418
chr11	109000000	110000000	2078	16143
chr11	110000000	111000000	2079	10974
chr11	111000000	112000000	2080	9153
chr11	112000000	113000000	2081	13754
chr11	113000000	114000000	2082	13144
chr11	114000000	115000000	2083	18959
chr11	115000000	116000000	2084	16933
chr11	116000000	117000000	2085	12428
chr11	117000000	118000000	2086	11052
chr11	118000000	119000000	2087	8892
chr11	119000000	120000000	2088	11665
chr11	120000000	121000000	2089	12123
chr11	121000000	122000000	2090	16348
chr11	122000000	123000000	2091	16120
chr11	123000000	124000000	2092	19099
chr11	124000000	125000000	2093	17382
chr11	125000000	126000000	2094	10589
chr11	126000000	127000000	2095	14248
chr11	127000000	128000000	2096	26914
chr11	128000000	129000000	2097	11153
chr11	129000000	130000000	2098	12783
chr11	130000000	131000000	2099	14026
chr11	131000000	132000000	2100	27000
chr11	132000000	133000000	2101	26732
chr11	133000000	134000000	2102	23173
chr11	134000000	135000000	2103	15667
chr12	0	1000000	2104	10096
chr12	1000000	2000000	2105	8744
chr12	2000000	3000000	2106	15130
chr12	3000000	4000000	2107	11443
chr12	4000000	5000000	2108	16430
chr12	5000000	6000000	2109	18819
chr12	6000000	7000000	2110	10666
chr12	7000000	8000000	2111	17182
chr12	8000000	9000000	2112	14194
chr12	9000000	10000000	2113	11054
chr12	10000000	11000000	2114	14470
chr12	11000000	12000000	2115	11994
chr12	12000000	13000000	2116	8441
chr12	13000000	14000000	2117	15892
chr12	14000000	15000000	2118	14168
chr12	15000000	16000000	2119	13536
chr12	16000000	17000000	2120	15807
chr12	17000000	18000000	2121	29108
chr12	18000000	19000000	2122	23232
chr12	19000000	20000000	2123	13812
chr12	20000000	21000000	2124	21305
chr12	21000000	22000000	2125	21514
chr12	22000000	23000000	2126	11630
chr12	23000000	24000000	2127	17535
chr12	24000000	25000000	2128	15898
chr12	25000000	26000000	2129	15066
chr12	26000000	27000000	2130	9108
chr12	27000000	28000000	2131	8676
chr12	28000000	29000000	2132	11674
chr12	29000000	30000000	2133	13058
chr12	30000000	31000000	2134	16586
chr12	31000000	32000000	2135	10394
chr12	32000000	33000000	2136	10508
chr12	33000000	34000000	2137	31941
chr12	34000000	35000000	2138	31663
chr12	37000000	38000000	2141	4335
chr12	38000000	39000000	2142	28494
chr12	39000000	40000000	2143	15847
chr12	40000000	41000000	2144	16141
chr12	41000000	42000000	2145	20320
chr12	42000000	43000000	2146	14163
chr12	43000000	44000000	2147	20930
chr12	44000000	45000000	2148	11851
chr12	45000000	46000000	2149	14409
chr12	46000000	47000000	2150	12627
chr12	47000000	48000000	2151	18244
chr12	48000000	49000000	2152	12948
chr12	49000000	50000000	2153	9109
chr12	50000000	51000000	2154	8904
chr12	51000000	52000000	2155	9601
chr12	52000000	53000000	2156	11788
chr12	53000000	54000000	2157	11115
chr12	54000000	55000000	2158	11729
chr12	55000000	56000000	2159	22560
chr12	56000000	57000000	2160	9237
chr12	57000000	58000000	2161	9937
chr12	58000000	59000000	2162	15279
chr12	59000000	60000000	2163	17957
chr12	60000000	61000000	2164	24242
chr12	61000000	62000000	2165	33492
chr12	62000000	63000000	2166	19687
chr12	63000000	64000000	2167	12518
chr12	64000000	65000000	2168	10439
chr12	65000000	66000000	2169	12272
chr12	66000000	67000000	2170	14237
chr12	67000000	68000000	2171	13739
chr12	68000000	69000000	2172	13756
chr12	69000000	70000000	2173	10337
chr12	70000000	71000000	2174	17448
chr12	71000000	72000000	2175	18770
chr12	72000000	73000000	2176	18296
chr12	73000000	74000000	2177	32925
chr12	74000000	75000000	2178	23971
chr12	75000000	76000000	2179	16272
chr12	76000000	77000000	2180	9301
chr12	77000000	78000000	2181	13039
chr12	78000000	79000000	2182	18100
chr12	79000000	80000000	2183	21309
chr12	80000000	81000000	2184	15705
chr12	81000000	82000000	2185	24466
chr12	82000000	83000000	2186	19380
chr12	83000000	84000000	2187	14911
chr12	84000000	85000000	2188	27852
chr12	85000000	86000000	2189	18732
chr12	86000000	87000000	2190	23883
chr12	87000000	88000000	2191	31031
chr12	88000000	89000000	2192	18579
chr12	89000000	90000000	2193	13538
chr12	90000000	91000000	2194	18758
chr12	91000000	92000000	2195	18688
chr12	92000000	93000000	2196	10536
chr12	93000000	94000000	2197	9145
chr12	94000000	95000000	2198	9281
chr12	95000000	96000000	2199	10398
chr12	96000000	97000000	2200	10551
chr12	97000000	98000000	2201	23673
chr12	98000000	99000000	2202	24086
chr12	99000000	100000000	2203	16306
chr12	100000000	101000000	2204	15121
chr12	101000000	102000000	2205	17370
chr12	102000000	103000000	2206	12258
chr12	103000000	104000000	2207	18809
chr12	104000000	105000000	2208	11169
chr12	105000000	106000000	2209	10153
chr12	106000000	107000000	2210	12491
chr12	107000000	108000000	2211	13688
chr12	108000000	109000000	2212	16129
chr12	109000000	110000000	2213	9450
chr12	110000000	111000000	2214	7896
chr12	111000000	112000000	2215	11938
chr12	112000000	113000000	2216	8351
chr12	113000000	114000000	2217	14546
chr12	114000000	115000000	2218	19830
chr12	115000000	116000000	2219	17211
chr12	116000000	117000000	2220	12592
chr12	117000000	118000000	2221	14053
chr12	118000000	119000000	2222	15955
chr12	119000000	120000000	2223	23323
chr12	120000000	121000000	2224	9989
chr12	121000000	122000000	2225	8867
chr12	122000000	123000000	2226	9202
chr12	123000000	124000000	2227	8393
chr12	124000000	125000000	2228	9845
chr12	125000000	126000000	2229	12628
chr12	126000000	127000000	2230	25568
chr12	127000000	128000000	2231	32228
chr12	128000000	129000000	2232	37200
chr12	129000000	130000000	2233	25638
chr12	130000000	131000000	2234	22442
chr12	131000000	132000000	2235	18155
chr12	132000000	133000000	2236	11756
chr13	19000000	20000000	2256	22187
chr13	20000000	21000000	2257	11010
chr13	21000000	22000000	2258	8804
chr13	22000000	23000000	2259	19204
chr13	23000000	24000000	2260	24146
chr13	24000000	25000000	2261	9999
chr13	25000000	26000000	2262	13159
chr13	26000000	27000000	2263	13588
chr13	27000000	28000000	2264	13326
chr13	28000000	29000000	2265	11695
chr13	29000000	30000000	2266	18986
chr13	30000000	31000000	2267	9437
chr13	31000000	32000000	2268	10753
chr13	32000000	33000000	2269	13350
chr13	33000000	34000000	2270	11287
chr13	34000000	35000000	2271	11659
chr13	35000000	36000000	2272	17469
chr13	36000000	37000000	2273	19033
chr13	37000000	38000000	2274	18389
chr13	38000000	39000000	2275	21229
chr13	39000000	40000000	2276	15254
chr13	40000000	41000000	2277	11895
chr13	41000000	42000000	2278	8306
chr13	42000000	43000000	2279	9011
chr13	43000000	44000000	2280	11583
chr13	44000000	45000000	2281	10166
chr13	45000000	46000000	2282	8576
chr13	46000000	47000000	2283	11583
chr13	47000000	48000000	2284	13757
chr13	48000000	49000000	2285	12238
chr13	49000000	50000000	2286	8514
chr13	50000000	51000000	2287	8636
chr13	51000000	52000000	2288	9317
chr13	52000000	53000000	2289	8519
chr13	53000000	54000000	2290	17122
chr13	54000000	55000000	2291	31801
chr13	55000000	56000000	2292	34432
chr13	56000000	57000000	2293	37655
chr13	57000000	58000000	2294	32003
chr13	58000000	59000000	2295	31602
chr13	59000000	60000000	2296	24870
chr13	60000000	61000000	2297	12970
chr13	61000000	62000000	2298	20282
chr13	62000000	63000000	2299	30362
chr13	63000000	64000000	2300	30677
chr13	64000000	65000000	2301	31813
chr13	65000000	66000000	2302	35959
chr13	66000000	67000000	2303	28208
chr13	67000000	68000000	2304	22610
chr13	68000000	69000000	2305	28160
chr13	69000000	70000000	2306	30910
chr13	70000000	71000000	2307	23433
chr13	71000000	72000000	2308	27609
chr13	72000000	73000000	2309	25478
chr13	73000000	74000000	2310	14417
chr13	74000000	75000000	2311	12079
chr13	75000000	76000000	2312	17208
chr13	76000000	77000000	2313	13367
chr13	77000000	78000000	2314	13035
chr13	78000000	79000000	2315	17106
chr13	79000000	80000000	2316	22251
chr13	80000000	81000000	2317	12184
chr13	81000000	82000000	2318	24299
chr13	82000000	83000000	2319	30823
chr13	83000000	84000000	2320	36145
chr13	84000000	85000000	2321	37802
chr13	85000000	86000000	2322	28367
chr13	86000000	87000000	2323	20989
chr13	87000000	88000000	2324	34521
chr13	88000000	89000000	2325	30560
chr13	89000000	90000000	2326	28099
chr13	90000000	91000000	2327	25745
chr13	91000000	92000000	2328	24306
chr13	92000000	93000000	2329	29636
chr13	93000000	94000000	2330	31393
chr13	94000000	95000000	2331	24157
chr13	95000000	96000000	2332	12713
chr13	96000000	97000000	2333	14022
chr13	97000000	98000000	2334	19984
chr13	98000000	99000000	2335	10694
chr13	99000000	100000000	2336	8934
chr13	100000000	101000000	2337	10419
chr13	101000000	102000000	2338	17608
chr13	102000000	103000000	2339	21814
chr13	103000000	104000000	2340	20347
chr13	104000000	105000000	2341	26185
chr13	105000000	106000000	2342	22145
chr13	106000000	107000000	2343	17507
chr13	107000000	108000000	2344	24176
chr13	108000000	109000000	2345	27458
chr13	109000000	110000000	2346	16847
chr13	110000000	111000000	2347	13594
chr13	111000000	112000000	2348	11218
chr13	112000000	113000000	2349	16475
chr13	113000000	114000000	2350	10981
chr13	114000000	115000000	2351	9073
chr14	19000000	20000000	2371	20878
chr14	20000000	21000000	2372	22771
chr14	21000000	22000000	2373	10708
chr14	22000000	23000000	2374	20869
chr14	23000000	24000000	2375	9930
chr14	24000000	25000000	2376	10868
chr14	25000000	26000000	2377	14096
chr14	26000000	27000000	2378	31698
chr14	27000000	28000000	2379	32433
chr14	28000000	29000000	2380	37002
chr14	29000000	30000000	2381	29674
chr14	30000000	31000000	2382	19752
chr14	31000000	32000000	2383	9214
chr14	32000000	33000000	2384	8934
chr14	33000000	34000000	2385	15233
chr14	34000000	35000000	2386	10949
chr14	35000000	36000000	2387	8168
chr14	36000000	37000000	2388	11736
chr14	37000000	38000000	2389	14663
chr14	38000000	39000000	2390	23406
chr14	39000000	40000000	2391	16749
chr14	40000000	41000000	2392	30772
chr14	41000000	42000000	2393	32726
chr14	42000000	43000000	2394	27374
chr14	43000000	44000000	2395	24653
chr14	44000000	45000000	2396	19702
chr14	45000000	46000000	2397	14020
chr14	46000000	47000000	2398	20222
chr14	47000000	48000000	2399	21736
chr14	48000000	49000000	2400	26067
chr14	49000000	50000000	2401	21895
chr14	50000000	51000000	2402	7895
chr14	51000000	52000000	2403	10163
chr14	52000000	53000000	2404	12378
chr14	53000000	54000000	2405	10129
chr14	54000000	55000000	2406	13636
chr14	55000000	56000000	2407	8120
chr14	56000000	57000000	2408	10315
chr14	57000000	58000000	2409	15897
chr14	58000000	59000000	2410	14908
chr14	59000000	60000000	2411	11024
chr14	60000000	61000000	2412	13810
chr14	61000000	62000000	2413	8829
chr14	62000000	63000000	2414	19568
chr14	63000000	64000000	2415	19956
chr14	64000000	65000000	2416	8172
chr14	65000000	66000000	2417	9229
chr14	66000000	67000000	2418	12024
chr14	67000000	68000000	2419	8509
chr14	68000000	69000000	2420	7239
chr14	69000000	70000000	2421	8621
chr14	70000000	71000000	2422	15280
chr14	71000000	72000000	2423	10703
chr14	72000000	73000000	2424	21769
chr14	73000000	74000000	2425	9860
chr14	74000000	75000000	2426	8411
chr14	75000000	76000000	2427	8500
chr14	76000000	77000000	2428	9658
chr14	77000000	78000000	2429	10497
chr14	78000000	79000000	2430	16544
chr14	79000000	80000000	2431	23134
chr14	80000000	81000000	2432	20655
chr14	81000000	82000000	2433	10898
chr14	82000000	83000000	2434	29265
chr14	83000000	84000000	2435	36050
chr14	84000000	85000000	2436	24589
chr14	85000000	86000000	2437	26991
chr14	86000000	87000000	2438	25964
chr14	87000000	88000000	2439	32640
chr14	88000000	89000000	2440	17925
chr14	89000000	90000000	2441	10672
chr14	90000000	91000000	2442	11484
chr14	91000000	92000000	2443	8523
chr14	92000000	93000000	2444	12372
chr14	93000000	94000000	2445	10145
chr14	94000000	95000000	2446	14647
chr14	95000000	96000000	2447	13051
chr14	96000000	97000000	2448	16709
chr14	97000000	98000000	2449	19566
chr14	98000000	99000000	2450	27232
chr14	99000000	100000000	2451	15674
chr14	100000000	101000000	2452	9394
chr14	101000000	102000000	2453	17487
chr14	102000000	103000000	2454	8769
chr14	103000000	104000000	2455	8887
chr14	104000000	105000000	2456	11924
chr14	105000000	106000000	2457	9880
chr14	106000000	107000000	2458	55017
chr15	20000000	21000000	2479	23771
chr15	21000000	22000000	2480	6662
chr15	22000000	23000000	2481	19354
chr15	23000000	24000000	2482	12900
chr15	24000000	25000000	2483	35471
chr15	25000000	26000000	2484	23548
chr15	26000000	27000000	2485	26623
chr15	27000000	28000000	2486	23208
chr15	28000000	29000000	2487	10011
chr15	29000000	30000000	2488	14563
chr15	30000000	31000000	2489	6137
chr15	31000000	32000000	2490	9416
chr15	32000000	33000000	2491	9295
chr15	33000000	34000000	2492	13115
chr15	34000000	35000000	2493	9687
chr15	35000000	36000000	2494	11051
chr15	36000000	37000000	2495	19553
chr15	37000000	38000000	2496	18824
chr15	38000000	39000000	2497	12242
chr15	39000000	40000000	2498	14130
chr15	40000000	41000000	2499	8552
chr15	41000000	42000000	2500	8208
chr15	42000000	43000000	2501	8265
chr15	43000000	44000000	2502	7414
chr15	44000000	45000000	2503	7613
chr15	45000000	46000000	2504	9758
chr15	46000000	47000000	2505	22887
chr15	47000000	48000000	2506	18051
chr15	48000000	49000000	2507	12801
chr15	49000000	50000000	2508	9466
chr15	50000000	51000000	2509	12056
chr15	51000000	52000000	2510	10270
chr15	52000000	53000000	2511	7915
chr15	53000000	54000000	2512	17314
chr15	54000000	55000000	2513	26104
chr15	55000000	56000000	2514	18135
chr15	56000000	57000000	2515	9579
chr15	57000000	58000000	2516	9070
chr15	58000000	59000000	2517	11024
chr15	59000000	60000000	2518	8007
chr15	60000000	61000000	2519	12013
chr15	61000000	62000000	2520	18018
chr15	62000000	63000000	2521	11757
chr15	63000000	64000000	2522	8552
chr15	64000000	65000000	2523	7787
chr15	65000000	66000000	2524	8495
chr15	66000000	67000000	2525	9782
chr15	67000000	68000000	2526	8325
chr15	68000000	69000000	2527	9603
chr15	69000000	70000000	2528	10355
chr15	70000000	71000000	2529	10644
chr15	71000000	72000000	2530	12310
chr15	72000000	73000000	2531	8436
chr15	73000000	74000000	2532	9954
chr15	74000000	75000000	2533	10120
chr15	75000000	76000000	2534	8607
chr15	76000000	77000000	2535	9295
chr15	77000000	78000000	2536	8322
chr15	78000000	79000000	2537	10082
chr15	79000000	80000000	2538	11796
chr15	80000000	81000000	2539	9622
chr15	81000000	82000000	2540	11016
chr15	82000000	83000000	2541	7768
chr15	83000000	84000000	2542	9129
chr15	84000000	85000000	2543	14652
chr15	85000000	86000000	2544	7909
chr15	86000000	87000000	2545	14028
chr15	87000000	88000000	2546	29683
chr15	88000000	89000000	2547	26442
chr15	89000000	90000000	2548	10905
chr15	90000000	91000000	2549	9444
chr15	91000000	92000000	2550	11281
chr15	92000000	93000000	2551	15413
chr15	93000000	94000000	2552	15109
chr15	94000000	95000000	2553	22543
chr15	95000000	96000000	2554	31180
chr15	96000000	97000000	2555	20433
chr15	97000000	98000000	2556	32960
chr15	98000000	99000000	2557	24882
chr15	99000000	100000000	2558	10581
chr15	100000000	101000000	2559	10408
chr15	101000000	102000000	2560	10375
chr16	0	1000000	2561	9988
chr16	1000000	2000000	2562	11991
chr16	2000000	3000000	2563	9352
chr16	3000000	4000000	2564	10681
chr16	4000000	5000000	2565	9146
chr16	5000000	6000000	2566	20773
chr16	6000000	7000000	2567	29612
chr16	7000000	8000000	2568	35232
chr16	8000000	9000000	2569	22693
chr16	9000000	10000000	2570	20018
chr16	10000000	11000000	2571	18019
chr16	11000000	12000000	2572	9457
chr16	12000000	13000000	2573	11516
chr16	13000000	14000000	2574	29955
chr16	14000000	15000000	2575	7671
chr16	15000000	16000000	2576	8699
chr16	16000000	17000000	2577	10912
chr16	17000000	18000000	2578	21007
chr16	18000000	19000000	2579	11876
chr16	19000000	20000000	2580	12092
chr16	20000000	21000000	2581	18716
chr16	21000000	22000000	2582	8665
chr16	22000000	23000000	2583	13032
chr16	23000000	24000000	2584	13712
chr16	24000000	25000000	2585	17719
chr16	25000000	26000000	2586	25043
chr16	26000000	27000000	2587	36343
chr16	27000000	28000000	2588	13840
chr16	28000000	29000000	2589	7853
chr16	29000000	30000000	2590	7650
chr16	30000000	31000000	2591	8725
chr16	31000000	32000000	2592	14719
chr16	32000000	33000000	2593	24880
chr16	33000000	34000000	2594	28710
chr16	34000000	35000000	2595	27060
chr16	35000000	36000000	2596	8129
chr16	46000000	47000000	2607	10056
chr16	47000000	48000000	2608	10514
chr16	48000000	49000000	2609	14096
chr16	49000000	50000000	2610	21158
chr16	50000000	51000000	2611	11937
chr16	51000000	52000000	2612	29418
chr16	52000000	53000000	2613	14746
chr16	53000000	54000000	2614	8583
chr16	54000000	55000000	2615	11701
chr16	55000000	56000000	2616	14369
chr16	56000000	57000000	2617	10189
chr16	57000000	58000000	2618	9043
chr16	58000000	59000000	2619	11088
chr16	59000000	60000000	2620	20669
chr16	60000000	61000000	2621	27130
chr16	61000000	62000000	2622	32639
chr16	62000000	63000000	2623	34869
chr16	63000000	64000000	2624	22202
chr16	64000000	65000000	2625	21640
chr16	65000000	66000000	2626	26987
chr16	66000000	67000000	2627	13582
chr16	67000000	68000000	2628	7636
chr16	68000000	69000000	2629	8191
chr16	69000000	70000000	2630	7410
chr16	70000000	71000000	2631	9015
chr16	71000000	72000000	2632	13445
chr16	72000000	73000000	2633	12684
chr16	73000000	74000000	2634	19962
chr16	74000000	75000000	2635	12044
chr16	75000000	76000000	2636	10344
chr16	76000000	77000000	2637	24651
chr16	77000000	78000000	2638	25035
chr16	78000000	79000000	2639	15982
chr16	79000000	80000000	2640	14735
chr16	80000000	81000000	2641	17495
chr16	81000000	82000000	2642	9696
chr16	82000000	83000000	2643	20063
chr16	83000000	84000000	2644	19371
chr16	84000000	85000000	2645	9891
chr16	85000000	86000000	2646	9944
chr16	86000000	87000000	2647	14633
chr16	87000000	88000000	2648	10875
chr16	88000000	89000000	2649	9923
chr16	89000000	90000000	2650	10216
chr17	0	1000000	2651	8716
chr17	1000000	2000000	2652	8041
chr17	2000000	3000000	2653	8507
chr17	3000000	4000000	2654	11301
chr17	4000000	5000000	2655	8273
chr17	5000000	6000000	2656	12603
chr17	6000000	7000000	2657	11768
chr17	7000000	8000000	2658	10582
chr17	8000000	9000000	2659	9621
chr17	9000000	10000000	2660	10916
chr17	10000000	11000000	2661	15438
chr17	11000000	12000000	2662	16153
chr17	12000000	13000000	2663	21044
chr17	13000000	14000000	2664	16640
chr17	14000000	15000000	2665	15397
chr17	15000000	16000000	2666	8684
chr17	16000000	17000000	2667	8421
chr17	17000000	18000000	2668	7428
chr17	18000000	19000000	2669	7099
chr17	19000000	20000000	2670	7548
chr17	20000000	21000000	2671	9039
chr17	21000000	22000000	2672	16439
chr17	22000000	23000000	2673	7089
chr17	25000000	26000000	2676	10992
chr17	26000000	27000000	2677	10168
chr17	27000000	28000000	2678	8951
chr17	28000000	29000000	2679	8347
chr17	29000000	30000000	2680	8324
chr17	30000000	31000000	2681	8698
chr17	31000000	32000000	2682	17313
chr17	32000000	33000000	2683	20338
chr17	33000000	34000000	2684	12616
chr17	34000000	35000000	2685	7474
chr17	35000000	36000000	2686	9560
chr17	36000000	37000000	2687	10791
chr17	37000000	38000000	2688	11337
chr17	38000000	39000000	2689	11089
chr17	39000000	40000000	2690	14873
chr17	40000000	41000000	2691	8125
chr17	41000000	42000000	2692	9644
chr17	42000000	43000000	2693	9718
chr17	43000000	44000000	2694	9565
chr17	44000000	45000000	2695	6354
chr17	45000000	46000000	2696	9201
chr17	46000000	47000000	2697	11309
chr17	47000000	48000000	2698	11541
chr17	48000000	49000000	2699	11471
chr17	49000000	50000000	2700	15941
chr17	50000000	51000000	2701	32314
chr17	51000000	52000000	2702	29905
chr17	52000000	53000000	2703	30731
chr17	53000000	54000000	2704	14281
chr17	54000000	55000000	2705	22027
chr17	55000000	56000000	2706	9317
chr17	56000000	57000000	2707	11213
chr17	57000000	58000000	2708	9164
chr17	58000000	59000000	2709	8552
chr17	59000000	60000000	2710	10585
chr17	60000000	61000000	2711	11701
chr17	61000000	62000000	2712	9674
chr17	62000000	63000000	2713	8697
chr17	63000000	64000000	2714	11165
chr17	64000000	65000000	2715	10934
chr17	65000000	66000000	2716	9256
chr17	66000000	67000000	2717	10750
chr17	67000000	68000000	2718	13198
chr17	68000000	69000000	2719	17011
chr17	69000000	70000000	2720	16136
chr17	70000000	71000000	2721	10712
chr17	71000000	72000000	2722	12660
chr17	72000000	73000000	2723	14008
chr17	73000000	74000000	2724	9376
chr17	74000000	75000000	2725	10082
chr17	75000000	76000000	2726	11427
chr17	76000000	77000000	2727	10877
chr17	77000000	78000000	2728	12434
chr17	78000000	79000000	2729	10158
chr17	79000000	80000000	2730	9740
chr17	80000000	81000000	2731	10161
chr18	0	1000000	2732	13079
chr18	1000000	2000000	2733	31047
chr18	2000000	3000000	2734	18628
chr18	3000000	4000000	2735	11086
chr18	4000000	5000000	2736	22952
chr18	5000000	6000000	2737	22081
chr18	6000000	7000000	2738	22310
chr18	7000000	8000000	2739	16482
chr18	8000000	9000000	2740	12124
chr18	9000000	10000000	2741	9660
chr18	10000000	11000000	2742	13819
chr18	11000000	12000000	2743	14865
chr18	12000000	13000000	2744	9908
chr18	13000000	14000000	2745	13111
chr18	14000000	15000000	2746	19988
chr18	15000000	16000000	2747	9402
chr18	18000000	19000000	2750	5609
chr18	19000000	20000000	2751	11006
chr18	20000000	21000000	2752	11393
chr18	21000000	22000000	2753	9856
chr18	22000000	23000000	2754	18616
chr18	23000000	24000000	2755	16935
chr18	24000000	25000000	2756	13791
chr18	25000000	26000000	2757	21557
chr18	26000000	27000000	2758	30423
chr18	27000000	28000000	2759	30600
chr18	28000000	29000000	2760	22546
chr18	29000000	30000000	2761	10708
chr18	30000000	31000000	2762	15597
chr18	31000000	32000000	2763	23972
chr18	32000000	33000000	2764	11602
chr18	33000000	34000000	2765	9927
chr18	34000000	35000000	2766	11360
chr18	35000000	36000000	2767	32546
chr18	36000000	37000000	2768	32890
chr18	37000000	38000000	2769	32965
chr18	38000000	39000000	2770	36714
chr18	39000000	40000000	2771	23732
chr18	40000000	41000000	2772	25512
chr18	41000000	42000000	2773	25133
chr18	42000000	43000000	2774	16013
chr18	43000000	44000000	2775	11775
chr18	44000000	45000000	2776	16190
chr18	45000000	46000000	2777	14503
chr18	46000000	47000000	2778	7944
chr18	47000000	48000000	2779	13048
chr18	48000000	49000000	2780	14858
chr18	49000000	50000000	2781	26317
chr18	50000000	51000000	2782	33845
chr18	51000000	52000000	2783	21761
chr18	52000000	53000000	2784	19258
chr18	53000000	54000000	2785	21666
chr18	54000000	55000000	2786	17154
chr18	55000000	56000000	2787	10980
chr18	56000000	57000000	2788	10419
chr18	57000000	58000000	2789	18673
chr18	58000000	59000000	2790	26735
chr18	59000000	60000000	2791	16053
chr18	60000000	61000000	2792	12921
chr18	61000000	62000000	2793	20977
chr18	62000000	63000000	2794	31958
chr18	63000000	64000000	2795	30976
chr18	64000000	65000000	2796	21856
chr18	65000000	66000000	2797	30894
chr18	66000000	67000000	2798	25887
chr18	67000000	68000000	2799	16260
chr18	68000000	69000000	2800	23010
chr18	69000000	70000000	2801	29079
chr18	70000000	71000000	2802	29072
chr18	71000000	72000000	2803	17947
chr18	72000000	73000000	2804	9108
chr18	73000000	74000000	2805	19460
chr18	74000000	75000000	2806	11543
chr18	75000000	76000000	2807	27317
chr18	76000000	77000000	2808	20903
chr18	77000000	78000000	2809	10851
chr19	0	1000000	2932	9633
chr19	1000000	2000000	2933	10282
chr19	2000000	3000000	2934	10171
chr19	3000000	4000000	2935	11131
chr19	4000000	5000000	2936	10436
chr19	5000000	6000000	2937	10874
chr19	6000000	7000000	2938	13165
chr19	7000000	8000000	2939	10074
chr19	8000000	9000000	2940	12523
chr19	9000000	10000000	2941	18268
chr19	10000000	11000000	2942	10928
chr19	11000000	12000000	2943	9483
chr19	12000000	13000000	2944	9752
chr19	13000000	14000000	2945	12956
chr19	14000000	15000000	2946	10818
chr19	15000000	16000000	2947	15327
chr19	16000000	17000000	2948	11584
chr19	17000000	18000000	2949	11705
chr19	18000000	19000000	2950	9878
chr19	19000000	20000000	2951	9970
chr19	20000000	21000000	2952	19921
chr19	21000000	22000000	2953	17218
chr19	22000000	23000000	2954	32868
chr19	23000000	24000000	2955	23379
chr19	24000000	25000000	2956	17459
chr19	27000000	28000000	2959	11217
chr19	28000000	29000000	2960	26858
chr19	29000000	30000000	2961	24911
chr19	30000000	31000000	2962	19016
chr19	31000000	32000000	2963	29341
chr19	32000000	33000000	2964	28008
chr19	33000000	34000000	2965	11370
chr19	34000000	35000000	2966	12730
chr19	35000000	36000000	2967	13701
chr19	36000000	37000000	2968	11149
chr19	37000000	38000000	2969	12482
chr19	38000000	39000000	2970	12338
chr19	39000000	40000000	2971	10419
chr19	40000000	41000000	2972	12978
chr19	41000000	42000000	2973	11304
chr19	42000000	43000000	2974	12727
chr19	43000000	44000000	2975	21594
chr19	44000000	45000000	2976	11595
chr19	45000000	46000000	2977	11093
chr19	46000000	47000000	2978	11203
chr19	47000000	48000000	2979	9163
chr19	48000000	49000000	2980	10209
chr19	49000000	50000000	2981	10610
chr19	50000000	51000000	2982	10953
chr19	51000000	52000000	2983	17058
chr19	52000000	53000000	2984	15984
chr19	53000000	54000000	2985	15408
chr19	54000000	55000000	2986	18488
chr19	55000000	56000000	2987	16817
chr19	56000000	57000000	2988	18002
chr19	57000000	58000000	2989	19748
chr19	58000000	59000000	2990	11721
chr2	0	1000000	250	23625
chr2	1000000	2000000	251	29261
chr2	2000000	3000000	252	31500
chr2	3000000	4000000	253	13780
chr2	4000000	5000000	254	31818
chr2	5000000	6000000	255	28719
chr2	6000000	7000000	256	29793
chr2	7000000	8000000	257	15344
chr2	8000000	9000000	258	12455
chr2	9000000	10000000	259	9398
chr2	10000000	11000000	260	9996
chr2	11000000	12000000	261	10805
chr2	12000000	13000000	262	12158
chr2	13000000	14000000	263	26645
chr2	14000000	15000000	264	28681
chr2	15000000	16000000	265	15512
chr2	16000000	17000000	266	19374
chr2	17000000	18000000	267	22472
chr2	18000000	19000000	268	19035
chr2	19000000	20000000	269	17574
chr2	20000000	21000000	270	9958
chr2	21000000	22000000	271	22066
chr2	22000000	23000000	272	28767
chr2	23000000	24000000	273	14525
chr2	24000000	25000000	274	8215
chr2	25000000	26000000	275	8854
chr2	26000000	27000000	276	9870
chr2	27000000	28000000	277	10067
chr2	28000000	29000000	278	9273
chr2	29000000	30000000	279	13099
chr2	30000000	31000000	280	13527
chr2	31000000	32000000	281	19621
chr2	32000000	33000000	282	8924
chr2	33000000	34000000	283	12957
chr2	34000000	35000000	284	21572
chr2	35000000	36000000	285	26317
chr2	36000000	37000000	286	16349
chr2	37000000	38000000	287	9468
chr2	38000000	39000000	288	9333
chr2	39000000	40000000	289	8814
chr2	40000000	41000000	290	21074
chr2	41000000	42000000	291	19539
chr2	42000000	43000000	292	10011
chr2	43000000	44000000	293	8879
chr2	44000000	45000000	294	9339
chr2	45000000	46000000	295	11330
chr2	46000000	47000000	296	8194
chr2	47000000	48000000	297	10965
chr2	48000000	49000000	298	13264
chr2	49000000	50000000	299	30174
chr2	50000000	51000000	300	26598
chr2	51000000	52000000	301	35924
chr2	52000000	53000000	302	26550
chr2	53000000	54000000	303	16698
chr2	54000000	55000000	304	9018
chr2	55000000	56000000	305	9727
chr2	56000000	57000000	306	22979
chr2	57000000	58000000	307	24552
chr2	58000000	59000000	308	16751
chr2	59000000	60000000	309	25443
chr2	60000000	61000000	310	15554
chr2	61000000	62000000	311	9119
chr2	62000000	63000000	312	8939
chr2	63000000	64000000	313	9692
chr2	64000000	65000000	314	8824
chr2	65000000	66000000	315	10462
chr2	66000000	67000000	316	16947
chr2	67000000	68000000	317	17281
chr2	68000000	69000000	318	11877
chr2	69000000	70000000	319	9683
chr2	70000000	71000000	320	10799
chr2	71000000	72000000	321	12807
chr2	72000000	73000000	322	12276
chr2	73000000	74000000	323	10023
chr2	74000000	75000000	324	9067
chr2	75000000	76000000	325	14593
chr2	76000000	77000000	326	29388
chr2	77000000	78000000	327	26003
chr2	78000000	79000000	328	28571
chr2	79000000	80000000	329	29249
chr2	80000000	81000000	330	31008
chr2	81000000	82000000	331	41192
chr2	82000000	83000000	332	38533
chr2	83000000	84000000	333	33302
chr2	84000000	85000000	334	21845
chr2	85000000	86000000	335	9816
chr2	86000000	87000000	336	9309
chr2	87000000	88000000	337	8213
chr2	88000000	89000000	338	12805
chr2	89000000	90000000	339	31093
chr2	90000000	91000000	340	8818
chr2	91000000	92000000	341	8218
chr2	92000000	93000000	342	8081
chr2	95000000	96000000	345	10944
chr2	96000000	97000000	346	8892
chr2	97000000	98000000	347	9241
chr2	98000000	99000000	348	10144
chr2	99000000	100000000	349	10252
chr2	100000000	101000000	350	12824
chr2	101000000	102000000	351	11359
chr2	102000000	103000000	352	13470
chr2	103000000	104000000	353	24910
chr2	104000000	105000000	354	32455
chr2	105000000	106000000	355	16462
chr2	106000000	107000000	356	12363
chr2	107000000	108000000	357	28162
chr2	108000000	109000000	358	22182
chr2	109000000	110000000	359	10012
chr2	110000000	111000000	360	5347
chr2	111000000	112000000	361	8928
chr2	112000000	113000000	362	8217
chr2	113000000	114000000	363	12705
chr2	114000000	115000000	364	14522
chr2	115000000	116000000	365	33521
chr2	116000000	117000000	366	34448
chr2	117000000	118000000	367	29402
chr2	118000000	119000000	368	17190
chr2	119000000	120000000	369	26480
chr2	120000000	121000000	370	10286
chr2	121000000	122000000	371	13002
chr2	122000000	123000000	372	11833
chr2	123000000	124000000	373	23289
chr2	124000000	125000000	374	29454
chr2	125000000	126000000	375	31963
chr2	126000000	127000000	376	30027
chr2	127000000	128000000	377	19512
chr2	128000000	129000000	378	9163
chr2	129000000	130000000	379	21944
chr2	130000000	131000000	380	23286
chr2	131000000	132000000	381	11615
chr2	132000000	133000000	382	16782
chr2	133000000	134000000	383	17367
chr2	134000000	135000000	384	13133
chr2	135000000	136000000	385	12421
chr2	136000000	137000000	386	11383
chr2	137000000	138000000	387	32780
chr2	138000000	139000000	388	25381
chr2	139000000	140000000	389	22708
chr2	140000000	141000000	390	39945
chr2	141000000	142000000	391	31715
chr2	142000000	143000000	392	24964
chr2	143000000	144000000	393	17671
chr2	144000000	145000000	394	15371
chr2	145000000	146000000	395	16113
chr2	146000000	147000000	396	18398
chr2	147000000	148000000	397	20636
chr2	148000000	149000000	398	16085
chr2	149000000	150000000	399	10549
chr2	150000000	151000000	400	11934
chr2	151000000	152000000	401	13407
chr2	152000000	153000000	402	10860
chr2	153000000	154000000	403	15950
chr2	154000000	155000000	404	35130
chr2	155000000	156000000	405	26542
chr2	156000000	157000000	406	17233
chr2	157000000	158000000	407	13473
chr2	158000000	159000000	408	12375
chr2	159000000	160000000	409	10109
chr2	160000000	161000000	410	9688
chr2	161000000	162000000	411	11445
chr2	162000000	163000000	412	17316
chr2	163000000	164000000	413	21901
chr2	164000000	165000000	414	19347
chr2	165000000	166000000	415	14830
chr2	166000000	167000000	416	13659
chr2	167000000	168000000	417	23726
chr2	168000000	169000000	418	16268
chr2	169000000	170000000	419	11259
chr2	170000000	171000000	420	10126
chr2	171000000	172000000	421	12075
chr2	172000000	173000000	422	9685
chr2	173000000	174000000	423	10353
chr2	174000000	175000000	424	11983
chr2	175000000	176000000	425	10012
chr2	176000000	177000000	426	16757
chr2	177000000	178000000	427	15178
chr2	178000000	179000000	428	10517
chr2	179000000	180000000	429	19067
chr2	180000000	181000000	430	15608
chr2	181000000	182000000	431	18265
chr2	182000000	183000000	432	16438
chr2	183000000	184000000	433	16030
chr2	184000000	185000000	434	22859
chr2	185000000	186000000	435	30312
chr2	186000000	187000000	436	20669
chr2	187000000	188000000	437	16272
chr2	188000000	189000000	438	21054
chr2	189000000	190000000	439	17615
chr2	190000000	191000000	440	11692
chr2	191000000	192000000	441	8604
chr2	192000000	193000000	442	12877
chr2	193000000	194000000	443	28008
chr2	194000000	195000000	444	31780
chr2	195000000	196000000	445	32823
chr2	196000000	197000000	446	21440
chr2	197000000	198000000	447	12003
chr2	198000000	199000000	448	11516
chr2	199000000	200000000	449	27269
chr2	200000000	201000000	450	14625
chr2	201000000	202000000	451	9222
chr2	202000000	203000000	452	9720
chr2	203000000	204000000	453	8259
chr2	204000000	205000000	454	9964
chr2	205000000	206000000	455	11961
chr2	206000000	207000000	456	11448
chr2	207000000	208000000	457	15042
chr2	208000000	209000000	458	9817
chr2	209000000	210000000	459	19712
chr2	210000000	211000000	460	14671
chr2	211000000	212000000	461	20224
chr2	212000000	213000000	462	28050
chr2	213000000	214000000	463	24262
chr2	214000000	215000000	464	23395
chr2	215000000	216000000	465	17931
chr2	216000000	217000000	466	11372
chr2	217000000	218000000	467	13117
chr2	218000000	219000000	468	14570
chr2	219000000	220000000	469	9478
chr2	220000000	221000000	470	17773
chr2	221000000	222000000	471	25059
chr2	222000000	223000000	472	18779
chr2	223000000	224000000	473	10471
chr2	224000000	225000000	474	11640
chr2	225000000	226000000	475	11917
chr2	226000000	227000000	476	18275
chr2	227000000	228000000	477	11509
chr2	228000000	229000000	478	14913
chr2	229000000	230000000	479	31435
chr2	230000000	231000000	480	18107
chr2	231000000	232000000	481	12458
chr2	232000000	233000000	482	9121
chr2	233000000	234000000	483	10249
chr2	234000000	235000000	484	11857
chr2	235000000	236000000	485	10577
chr2	236000000	237000000	486	10536
chr2	237000000	238000000	487	13912
chr2	238000000	239000000	488	9545
chr2	239000000	240000000	489	11818
chr2	240000000	241000000	490	12462
chr2	241000000	242000000	491	12732
chr2	242000000	243000000	492	10126
chr20	0	1000000	2810	11416
chr20	1000000	2000000	2811	13395
chr20	2000000	3000000	2812	12610
chr20	3000000	4000000	2813	9171
chr20	4000000	5000000	2814	15182
chr20	5000000	6000000	2815	13685
chr20	6000000	7000000	2816	24684
chr20	7000000	8000000	2817	26729
chr20	8000000	9000000	2818	20258
chr20	9000000	10000000	2819	24072
chr20	10000000	11000000	2820	14074
chr20	11000000	12000000	2821	16953
chr20	12000000	13000000	2822	22298
chr20	13000000	14000000	2823	12235
chr20	14000000	15000000	2824	15177
chr20	15000000	16000000	2825	15568
chr20	16000000	17000000	2826	14534
chr20	17000000	18000000	2827	11940
chr20	18000000	19000000	2828	13986
chr20	19000000	20000000	2829	16916
chr20	20000000	21000000	2830	12971
chr20	21000000	22000000	2831	20325
chr20	22000000	23000000	2832	23471
chr20	23000000	24000000	2833	16686
chr20	24000000	25000000	2834	23395
chr20	25000000	26000000	2835	10270
chr20	26000000	27000000	2836	6270
chr20	29000000	30000000	2839	14737
chr20	30000000	31000000	2840	11001
chr20	31000000	32000000	2841	12473
chr20	32000000	33000000	2842	9320
chr20	33000000	34000000	2843	9137
chr20	34000000	35000000	2844	9628
chr20	35000000	36000000	2845	9459
chr20	36000000	37000000	2846	11390
chr20	37000000	38000000	2847	15086
chr20	38000000	39000000	2848	25168
chr20	39000000	40000000	2849	15093
chr20	40000000	41000000	2850	27288
chr20	41000000	42000000	2851	36253
chr20	42000000	43000000	2852	16599
chr20	43000000	44000000	2853	11542
chr20	44000000	45000000	2854	13649
chr20	45000000	46000000	2855	14045
chr20	46000000	47000000	2856	15105
chr20	47000000	48000000	2857	11913
chr20	48000000	49000000	2858	10225
chr20	49000000	50000000	2859	12514
chr20	50000000	51000000	2860	12402
chr20	51000000	52000000	2861	27340
chr20	52000000	53000000	2862	13942
chr20	53000000	54000000	2863	30710
chr20	54000000	55000000	2864	29346
chr20	55000000	56000000	2865	15360
chr20	56000000	57000000	2866	15625
chr20	57000000	58000000	2867	16541
chr20	58000000	59000000	2868	20399
chr20	59000000	60000000	2869	31681
chr20	60000000	61000000	2870	18254
chr20	61000000	62000000	2871	13042
chr20	62000000	63000000	2872	12236
chr21	9000000	10000000	3051	13942
chr21	10000000	11000000	3052	35251
chr21	11000000	12000000	3053	9119
chr21	14000000	15000000	3056	14870
chr21	15000000	16000000	3057	18706
chr21	16000000	17000000	3058	14304
chr21	17000000	18000000	3059	18044
chr21	18000000	19000000	3060	20943
chr21	19000000	20000000	3061	19028
chr21	20000000	21000000	3062	25214
chr21	21000000	22000000	3063	34027
chr21	22000000	23000000	3064	27431
chr21	23000000	24000000	3065	33070
chr21	24000000	25000000	3066	37208
chr21	25000000	26000000	3067	35882
chr21	26000000	27000000	3068	30328
chr21	27000000	28000000	3069	16598
chr21	28000000	29000000	3070	21288
chr21	29000000	30000000	3071	16521
chr21	30000000	31000000	3072	10204
chr21	31000000	32000000	3073	18134
chr21	32000000	33000000	3074	15769
chr21	33000000	34000000	3075	10895
chr21	34000000	35000000	3076	10672
chr21	35000000	36000000	3077	9982
chr21	36000000	37000000	3078	12254
chr21	37000000	38000000	3079	9871
chr21	38000000	39000000	3080	9516
chr21	39000000	40000000	3081	18975
chr21	40000000	41000000	3082	11790
chr21	41000000	42000000	3083	24212
chr21	42000000	43000000	3084	14863
chr21	43000000	44000000	3085	10944
chr21	44000000	45000000	3086	9716
chr21	45000000	46000000	3087	10662
chr21	46000000	47000000	3088	12014
chr21	47000000	48000000	3089	12464
chr22	16000000	17000000	3007	14367
chr22	17000000	18000000	3008	16320
chr22	18000000	19000000	3009	8797
chr22	19000000	20000000	3010	9761
chr22	20000000	21000000	3011	7085
chr22	21000000	22000000	3012	7897
chr22	22000000	23000000	3013	13846
chr22	23000000	24000000	3014	23261
chr22	24000000	25000000	3015	8533
chr22	25000000	26000000	3016	10268
chr22	26000000	27000000	3017	17598
chr22	27000000	28000000	3018	16847
chr22	28000000	29000000	3019	9456
chr22	29000000	30000000	3020	8924
chr22	30000000	31000000	3021	9536
chr22	31000000	32000000	3022	8709
chr22	32000000	33000000	3023	10208
chr22	33000000	34000000	3024	12643
chr22	34000000	35000000	3025	20450
chr22	35000000	36000000	3026	17872
chr22	36000000	37000000	3027	9537
chr22	37000000	38000000	3028	12800
chr22	38000000	39000000	3029	8361
chr22	39000000	40000000	3030	10222
chr22	40000000	41000000	3031	9934
chr22	41000000	42000000	3032	8036
chr22	42000000	43000000	3033	8709
chr22	43000000	44000000	3034	10539
chr22	44000000	45000000	3035	11888
chr22	45000000	46000000	3036	11134
chr22	46000000	47000000	3037	9041
chr22	47000000	48000000	3038	12795
chr22	48000000	49000000	3039	22477
chr22	49000000	50000000	3040	18819
chr22	50000000	51000000	3041	10655
chr3	0	1000000	493	24750
chr3	1000000	2000000	494	28800
chr3	2000000	3000000	495	28916
chr3	3000000	4000000	496	21933
chr3	4000000	5000000	497	10773
chr3	5000000	6000000	498	19199
chr3	6000000	7000000	499	25070
chr3	7000000	8000000	500	25456
chr3	8000000	9000000	501	12497
chr3	9000000	10000000	502	10096
chr3	10000000	11000000	503	13073
chr3	11000000	12000000	504	10696
chr3	12000000	13000000	505	11042
chr3	13000000	14000000	506	12239
chr3	14000000	15000000	507	11230
chr3	15000000	16000000	508	8382
chr3	16000000	17000000	509	13116
chr3	17000000	18000000	510	11488
chr3	18000000	19000000	511	20961
chr3	19000000	20000000	512	19221
chr3	20000000	21000000	513	21245
chr3	21000000	22000000	514	33230
chr3	22000000	23000000	515	28131
chr3	23000000	24000000	516	11211
chr3	24000000	25000000	517	14025
chr3	25000000	26000000	518	13007
chr3	26000000	27000000	519	33062
chr3	27000000	28000000	520	13626
chr3	28000000	29000000	521	17258
chr3	29000000	30000000	522	16814
chr3	30000000	31000000	523	12553
chr3	31000000	32000000	524	11359
chr3	32000000	33000000	525	9370
chr3	33000000	34000000	526	9448
chr3	34000000	35000000	527	30148
chr3	35000000	36000000	528	23446
chr3	36000000	37000000	529	26350
chr3	37000000	38000000	530	8291
chr3	38000000	39000000	531	14952
chr3	39000000	40000000	532	14109
chr3	40000000	41000000	533	10340
chr3	41000000	42000000	534	9585
chr3	42000000	43000000	535	9815
chr3	43000000	44000000	536	9510
chr3	44000000	45000000	537	10364
chr3	45000000	46000000	538	8973
chr3	46000000	47000000	539	11610
chr3	47000000	48000000	540	7553
chr3	48000000	49000000	541	7848
chr3	49000000	50000000	542	8062
chr3	50000000	51000000	543	12198
chr3	51000000	52000000	544	14247
chr3	52000000	53000000	545	8515
chr3	53000000	54000000	546	9693
chr3	54000000	55000000	547	26064
chr3	55000000	56000000	548	24177
chr3	56000000	57000000	549	17160
chr3	57000000	58000000	550	8625
chr3	58000000	59000000	551	9649
chr3	59000000	60000000	552	13435
chr3	60000000	61000000	553	18065
chr3	61000000	62000000	554	10916
chr3	62000000	63000000	555	11781
chr3	63000000	64000000	556	12710
chr3	64000000	65000000	557	12116
chr3	65000000	66000000	558	16072
chr3	66000000	67000000	559	13225
chr3	67000000	68000000	560	16211
chr3	68000000	69000000	561	31530
chr3	69000000	70000000	562	9688
chr3	70000000	71000000	563	16426
chr3	71000000	72000000	564	11835
chr3	72000000	73000000	565	10406
chr3	73000000	74000000	566	15440
chr3	74000000	75000000	567	24058
chr3	75000000	76000000	568	20850
chr3	76000000	77000000	569	25343
chr3	77000000	78000000	570	22891
chr3	78000000	79000000	571	24467
chr3	79000000	80000000	572	24371
chr3	80000000	81000000	573	31051
chr3	81000000	82000000	574	21106
chr3	82000000	83000000	575	26177
chr3	83000000	84000000	576	27891
chr3	84000000	85000000	577	30329
chr3	85000000	86000000	578	28729
chr3	86000000	87000000	579	35140
chr3	87000000	88000000	580	23019
chr3	88000000	89000000	581	24545
chr3	89000000	90000000	582	25412
chr3	90000000	91000000	583	12071
chr3	93000000	94000000	586	7838
chr3	94000000	95000000	587	29358
chr3	95000000	96000000	588	32929
chr3	96000000	97000000	589	36002
chr3	97000000	98000000	590	25020
chr3	98000000	99000000	591	18952
chr3	99000000	100000000	592	16612
chr3	100000000	101000000	593	12207
chr3	101000000	102000000	594	10722
chr3	102000000	103000000	595	27307
chr3	103000000	104000000	596	33467
chr3	104000000	105000000	597	20832
chr3	105000000	106000000	598	12995
chr3	106000000	107000000	599	21499
chr3	107000000	108000000	600	11509
chr3	108000000	109000000	601	21289
chr3	109000000	110000000	602	23294
chr3	110000000	111000000	603	17483
chr3	111000000	112000000	604	16025
chr3	112000000	113000000	605	12351
chr3	113000000	114000000	606	10396
chr3	114000000	115000000	607	10489
chr3	115000000	116000000	608	16411
chr3	116000000	117000000	609	23302
chr3	117000000	118000000	610	28475
chr3	118000000	119000000	611	24222
chr3	119000000	120000000	612	9481
chr3	120000000	121000000	613	18137
chr3	121000000	122000000	614	17301
chr3	122000000	123000000	615	9766
chr3	123000000	124000000	616	11283
chr3	124000000	125000000	617	10271
chr3	125000000	126000000	618	10179
chr3	126000000	127000000	619	12292
chr3	127000000	128000000	620	11431
chr3	128000000	129000000	621	9343
chr3	129000000	130000000	622	9618
chr3	130000000	131000000	623	13433
chr3	131000000	132000000	624	18921
chr3	132000000	133000000	625	13267
chr3	133000000	134000000	626	11933
chr3	134000000	135000000	627	13601
chr3	135000000	136000000	628	16776
chr3	136000000	137000000	629	11385
chr3	137000000	138000000	630	19363
chr3	138000000	139000000	631	12299
chr3	139000000	140000000	632	19307
chr3	140000000	141000000	633	17477
chr3	141000000	142000000	634	9164
chr3	142000000	143000000	635	10795
chr3	143000000	144000000	636	16140
chr3	144000000	145000000	637	29536
chr3	145000000	146000000	638	24192
chr3	146000000	147000000	639	22764
chr3	147000000	148000000	640	27063
chr3	148000000	149000000	641	16689
chr3	149000000	150000000	642	9704
chr3	150000000	151000000	643	11674
chr3	151000000	152000000	644	13513
chr3	152000000	153000000	645	12757
chr3	153000000	154000000	646	14809
chr3	154000000	155000000	647	21102
chr3	155000000	156000000	648	14097
chr3	156000000	157000000	649	11614
chr3	157000000	158000000	650	16580
chr3	158000000	159000000	651	17434
chr3	159000000	160000000	652	19094
chr3	160000000	161000000	653	11226
chr3	161000000	162000000	654	30454
chr3	162000000	163000000	655	34579
chr3	163000000	164000000	656	35653
chr3	164000000	165000000	657	27680
chr3	165000000	166000000	658	28198
chr3	166000000	167000000	659	34623
chr3	167000000	168000000	660	17822
chr3	168000000	169000000	661	23997
chr3	169000000	170000000	662	17385
chr3	170000000	171000000	663	11576
chr3	171000000	172000000	664	10320
chr3	172000000	173000000	665	16443
chr3	173000000	174000000	666	16926
chr3	174000000	175000000	667	15043
chr3	175000000	176000000	668	19935
chr3	176000000	177000000	669	17238
chr3	177000000	178000000	670	11107
chr3	178000000	179000000	671	17552
chr3	179000000	180000000	672	17568
chr3	180000000	181000000	673	23757
chr3	181000000	182000000	674	16327
chr3	182000000	183000000	675	10684
chr3	183000000	184000000	676	10404
chr3	184000000	185000000	677	10572
chr3	185000000	186000000	678	10077
chr3	186000000	187000000	679	12245
chr3	187000000	188000000	680	15108
chr3	188000000	189000000	681	10980
chr3	189000000	190000000	682	20472
chr3	190000000	191000000	683	17626
chr3	191000000	192000000	684	27988
chr3	192000000	193000000	685	21313
chr3	193000000	194000000	686	13009
chr3	194000000	195000000	687	10394
chr3	195000000	196000000	688	13606
chr3	196000000	197000000	689	9003
chr3	197000000	198000000	690	9743
chr4	0	1000000	691	12025
chr4	1000000	2000000	692	9894
chr4	2000000	3000000	693	8311
chr4	3000000	4000000	694	11394
chr4	4000000	5000000	695	11386
chr4	5000000	6000000	696	15483
chr4	6000000	7000000	697	12482
chr4	7000000	8000000	698	12159
chr4	8000000	9000000	699	15161
chr4	9000000	10000000	700	14696
chr4	10000000	11000000	701	13968
chr4	11000000	12000000	702	19896
chr4	12000000	13000000	703	24754
chr4	13000000	14000000	704	12375
chr4	14000000	15000000	705	13263
chr4	15000000	16000000	706	10581
chr4	16000000	17000000	707	17291
chr4	17000000	18000000	708	17017
chr4	18000000	19000000	709	23519
chr4	19000000	20000000	710	30109
chr4	20000000	21000000	711	24101
chr4	21000000	22000000	712	29962
chr4	22000000	23000000	713	18752
chr4	23000000	24000000	714	16163
chr4	24000000	25000000	715	12229
chr4	25000000	26000000	716	10435
chr4	26000000	27000000	717	10273
chr4	27000000	28000000	718	23842
chr4	28000000	29000000	719	30036
chr4	29000000	30000000	720	30054
chr4	30000000	31000000	721	22059
chr4	31000000	32000000	722	20330
chr4	32000000	33000000	723	26933
chr4	33000000	34000000	724	31982
chr4	34000000	35000000	725	29998
chr4	35000000	36000000	726	29183
chr4	36000000	37000000	727	19823
chr4	37000000	38000000	728	14163
chr4	38000000	39000000	729	9901
chr4	39000000	40000000	730	8028
chr4	40000000	41000000	731	12245
chr4	41000000	42000000	732	13548
chr4	42000000	43000000	733	19993
chr4	43000000	44000000	734	33918
chr4	44000000	45000000	735	31776
chr4	45000000	46000000	736	35796
chr4	46000000	47000000	737	32143
chr4	47000000	48000000	738	16626
chr4	48000000	49000000	739	9759
chr4	49000000	50000000	740	19151
chr4	52000000	53000000	743	4388
chr4	53000000	54000000	744	13452
chr4	54000000	55000000	745	10429
chr4	55000000	56000000	746	13606
chr4	56000000	57000000	747	11062
chr4	57000000	58000000	748	10319
chr4	58000000	59000000	749	29279
chr4	59000000	60000000	750	29763
chr4	60000000	61000000	751	26815
chr4	61000000	62000000	752	30549
chr4	62000000	63000000	753	21519
chr4	63000000	64000000	754	26751
chr4	64000000	65000000	755	29732
chr4	65000000	66000000	756	30241
chr4	66000000	67000000	757	24930
chr4	67000000	68000000	758	30025
chr4	68000000	69000000	759	16346
chr4	69000000	70000000	760	17102
chr4	70000000	71000000	761	19341
chr4	71000000	72000000	762	12725
chr4	72000000	73000000	763	13719
chr4	73000000	74000000	764	16997
chr4	74000000	75000000	765	13044
chr4	75000000	76000000	766	16174
chr4	76000000	77000000	767	13838
chr4	77000000	78000000	768	9348
chr4	78000000	79000000	769	11830
chr4	79000000	80000000	770	10991
chr4	80000000	81000000	771	18507
chr4	81000000	82000000	772	23391
chr4	82000000	83000000	773	12933
chr4	83000000	84000000	774	10318
chr4	84000000	85000000	775	13112
chr4	85000000	86000000	776	14894
chr4	86000000	87000000	777	11546
chr4	87000000	88000000	778	11452
chr4	88000000	89000000	779	10285
chr4	89000000	90000000	780	8694
chr4	90000000	91000000	781	11901
chr4	91000000	92000000	782	19480
chr4	92000000	93000000	783	27678
chr4	93000000	94000000	784	27975
chr4	94000000	95000000	785	24306
chr4	95000000	96000000	786	11203
chr4	96000000	97000000	787	18538
chr4	97000000	98000000	788	24340
chr4	98000000	99000000	789	24966
chr4	99000000	100000000	790	10177
chr4	100000000	101000000	791	14552
chr4	101000000	102000000	792	18607
chr4	102000000	103000000	793	12811
chr4	103000000	104000000	794	9596
chr4	104000000	105000000	795	20601
chr4	105000000	106000000	796	23051
chr4	106000000	107000000	797	10141
chr4	107000000	108000000	798	21235
chr4	108000000	109000000	799	15165
chr4	109000000	110000000	800	11202
chr4	110000000	111000000	801	10955
chr4	111000000	112000000	802	20391
chr4	112000000	113000000	803	22166
chr4	113000000	114000000	804	10489
chr4	114000000	115000000	805	10463
chr4	115000000	116000000	806	17275
chr4	116000000	117000000	807	27642
chr4	117000000	118000000	808	32776
chr4	118000000	119000000	809	26896
chr4	119000000	120000000	810	11152
chr4	120000000	121000000	811	13078
chr4	121000000	122000000	812	18296
chr4	122000000	123000000	813	17233
chr4	123000000	124000000	814	13013
chr4	124000000	125000000	815	9826
chr4	125000000	126000000	816	13070
chr4	126000000	127000000	817	25390
chr4	127000000	128000000	818	28275
chr4	128000000	129000000	819	16469
chr4	129000000	130000000	820	8354
chr4	130000000	131000000	821	22289
chr4	131000000	132000000	822	33904
chr4	132000000	133000000	823	25782
chr4	133000000	134000000	824	31133
chr4	134000000	135000000	825	31875
chr4	135000000	136000000	826	34607
chr4	136000000	137000000	827	38840
chr4	137000000	138000000	828	36157
chr4	138000000	139000000	829	28821
chr4	139000000	140000000	830	15087
chr4	140000000	141000000	831	7946
chr4	141000000	142000000	832	10889
chr4	142000000	143000000	833	13685
chr4	143000000	144000000	834	12605
chr4	144000000	145000000	835	16438
chr4	145000000	146000000	836	20604
chr4	146000000	147000000	837	13353
chr4	147000000	148000000	838	16505
chr4	148000000	149000000	839	14617
chr4	149000000	150000000	840	14481
chr4	150000000	151000000	841	15590
chr4	151000000	152000000	842	9398
chr4	152000000	153000000	843	10840
chr4	153000000	154000000	844	9226
chr4	154000000	155000000	845	11730
chr4	155000000	156000000	846	18608
chr4	156000000	157000000	847	20322
chr4	157000000	158000000	848	21537
chr4	158000000	159000000	849	19807
chr4	159000000	160000000	850	14216
chr4	160000000	161000000	851	20346
chr4	161000000	162000000	852	28605
chr4	162000000	163000000	853	29199
chr4	163000000	164000000	854	28339
chr4	164000000	165000000	855	27197
chr4	165000000	166000000	856	27853
chr4	166000000	167000000	857	22499
chr4	167000000	168000000	858	29878
chr4	168000000	169000000	859	28850
chr4	169000000	170000000	860	11720
chr4	170000000	171000000	861	8614
chr4	171000000	172000000	862	24670
chr4	172000000	173000000	863	23491
chr4	173000000	174000000	864	18988
chr4	174000000	175000000	865	19324
chr4	175000000	176000000	866	18636
chr4	176000000	177000000	867	25280
chr4	177000000	178000000	868	24532
chr4	178000000	179000000	869	21221
chr4	179000000	180000000	870	27988
chr4	180000000	181000000	871	29397
chr4	181000000	182000000	872	26126
chr4	182000000	183000000	873	26668
chr4	183000000	184000000	874	19394
chr4	184000000	185000000	875	9589
chr4	185000000	186000000	876	10108
chr4	186000000	187000000	877	9254
chr4	187000000	188000000	878	15212
chr4	188000000	189000000	879	25910
chr4	189000000	190000000	880	27259
chr4	190000000	191000000	881	25093
chr5	0	1000000	882	13229
chr5	1000000	2000000	883	16651
chr5	2000000	3000000	884	34295
chr5	3000000	4000000	885	33200
chr5	4000000	5000000	886	34456
chr5	5000000	6000000	887	27569
chr5	6000000	7000000	888	22920
chr5	7000000	8000000	889	19772
chr5	8000000	9000000	890	25698
chr5	9000000	10000000	891	22808
chr5	10000000	11000000	892	16606
chr5	11000000	12000000	893	31450
chr5	12000000	13000000	894	40876
chr5	13000000	14000000	895	33676
chr5	14000000	15000000	896	11829
chr5	15000000	16000000	897	21704
chr5	16000000	17000000	898	19680
chr5	17000000	18000000	899	18385
chr5	18000000	19000000	900	29110
chr5	19000000	20000000	901	36282
chr5	20000000	21000000	902	33949
chr5	21000000	22000000	903	24852
chr5	22000000	23000000	904	32689
chr5	23000000	24000000	905	40436
chr5	24000000	25000000	906	41109
chr5	25000000	26000000	907	41283
chr5	26000000	27000000	908	43624
chr5	27000000	28000000	909	41738
chr5	28000000	29000000	910	41503
chr5	29000000	30000000	911	38460
chr5	30000000	31000000	912	38302
chr5	31000000	32000000	913	16443
chr5	32000000	33000000	914	14752
chr5	33000000	34000000	915	21303
chr5	34000000	35000000	916	10738
chr5	35000000	36000000	917	21946
chr5	36000000	37000000	918	14192
chr5	37000000	38000000	919	11530
chr5	38000000	39000000	920	22101
chr5	39000000	40000000	921	16665
chr5	40000000	41000000	922	19503
chr5	41000000	42000000	923	24168
chr5	42000000	43000000	924	24745
chr5	43000000	44000000	925	12361
chr5	44000000	45000000	926	24597
chr5	45000000	46000000	927	34059
chr5	46000000	47000000	928	17398
chr5	49000000	50000000	931	15644
chr5	50000000	51000000	932	23069
chr5	51000000	52000000	933	24402
chr5	52000000	53000000	934	11767
chr5	53000000	54000000	935	10522
chr5	54000000	55000000	936	10691
chr5	55000000	56000000	937	9972
chr5	56000000	57000000	938	9449
chr5	57000000	58000000	939	12900
chr5	58000000	59000000	940	9684
chr5	59000000	60000000	941	10315
chr5	60000000	61000000	942	9606
chr5	61000000	62000000	943	13060
chr5	62000000	63000000	944	28125
chr5	63000000	64000000	945	24101
chr5	64000000	65000000	946	12531
chr5	65000000	66000000	947	11042
chr5	66000000	67000000	948	10480
chr5	67000000	68000000	949	10303
chr5	68000000	69000000	950	8554
chr5	69000000	70000000	951	770
chr5	70000000	71000000	952	4077
chr5	71000000	72000000	953	10681
chr5	72000000	73000000	954	9758
chr5	73000000	74000000	955	10279
chr5	74000000	75000000	956	9566
chr5	75000000	76000000	957	12631
chr5	76000000	77000000	958	11383
chr5	77000000	78000000	959	8454
chr5	78000000	79000000	960	9230
chr5	79000000	80000000	961	10222
chr5	80000000	81000000	962	9181
chr5	81000000	82000000	963	10965
chr5	82000000	83000000	964	12190
chr5	83000000	84000000	965	22124
chr5	84000000	85000000	966	29236
chr5	85000000	86000000	967	26370
chr5	86000000	87000000	968	19362
chr5	87000000	88000000	969	19950
chr5	88000000	89000000	970	17184
chr5	89000000	90000000	971	15292
chr5	90000000	91000000	972	12260
chr5	91000000	92000000	973	21602
chr5	92000000	93000000	974	15013
chr5	93000000	94000000	975	10807
chr5	94000000	95000000	976	17641
chr5	95000000	96000000	977	10493
chr5	96000000	97000000	978	13295
chr5	97000000	98000000	979	18436
chr5	98000000	99000000	980	15244
chr5	99000000	100000000	981	21823
chr5	100000000	101000000	982	26853
chr5	101000000	102000000	983	22973
chr5	102000000	103000000	984	12005
chr5	103000000	104000000	985	23561
chr5	104000000	105000000	986	28494
chr5	105000000	106000000	987	26475
chr5	106000000	107000000	988	16037
chr5	107000000	108000000	989	12055
chr5	108000000	109000000	990	11148
chr5	109000000	110000000	991	17718
chr5	110000000	111000000	992	20754
chr5	111000000	112000000	993	17607
chr5	112000000	113000000	994	10185
chr5	113000000	114000000	995	24547
chr5	114000000	115000000	996	17645
chr5	115000000	116000000	997	11039
chr5	116000000	117000000	998	17206
chr5	117000000	118000000	999	20675
chr5	118000000	119000000	1000	10495
chr5	119000000	120000000	1001	26361
chr5	120000000	121000000	1002	21166
chr5	121000000	122000000	1003	19047
chr5	122000000	123000000	1004	13039
chr5	123000000	124000000	1005	11488
chr5	124000000	125000000	1006	10239
chr5	125000000	126000000	1007	10459
chr5	126000000	127000000	1008	10516
chr5	127000000	128000000	1009	12901
chr5	128000000	129000000	1010	22331
chr5	129000000	130000000	1011	18067
chr5	130000000	131000000	1012	13673
chr5	131000000	132000000	1013	9830
chr5	132000000	133000000	1014	9652
chr5	133000000	134000000	1015	8939
chr5	134000000	135000000	1016	10956
chr5	135000000	136000000	1017	16766
chr5	136000000	137000000	1018	17985
chr5	137000000	138000000	1019	8602
chr5	138000000	139000000	1020	7567
chr5	139000000	140000000	1021	8423
chr5	140000000	141000000	1022	19589
chr5	141000000	142000000	1023	9663
chr5	142000000	143000000	1024	8915
chr5	143000000	144000000	1025	19458
chr5	144000000	145000000	1026	22606
chr5	145000000	146000000	1027	11483
chr5	146000000	147000000	1028	12748
chr5	147000000	148000000	1029	15140
chr5	148000000	149000000	1030	10640
chr5	149000000	150000000	1031	9239
chr5	150000000	151000000	1032	11232
chr5	151000000	152000000	1033	18906
chr5	152000000	153000000	1034	29146
chr5	153000000	154000000	1035	15979
chr5	154000000	155000000	1036	18285
chr5	155000000	156000000	1037	17925
chr5	156000000	157000000	1038	15188
chr5	157000000	158000000	1039	13348
chr5	158000000	159000000	1040	14669
chr5	159000000	160000000	1041	13167
chr5	160000000	161000000	1042	20773
chr5	161000000	162000000	1043	28202
chr5	162000000	163000000	1044	21772
chr5	163000000	164000000	1045	22232
chr5	164000000	165000000	1046	27659
chr5	165000000	166000000	1047	27600
chr5	166000000	167000000	1048	28876
chr5	167000000	168000000	1049	18143
chr5	168000000	169000000	1050	20982
chr5	169000000	170000000	1051	17183
chr5	170000000	171000000	1052	13757
chr5	171000000	172000000	1053	10313
chr5	172000000	173000000	1054	11344
chr5	173000000	174000000	1055	12176
chr5	174000000	175000000	1056	15713
chr5	175000000	176000000	1057	11002
chr5	176000000	177000000	1058	10239
chr5	177000000	178000000	1059	10594
chr5	178000000	179000000	1060	16620
chr5	179000000	180000000	1061	10158
chr6	0	1000000	1062	12076
chr6	1000000	2000000	1063	11141
chr6	2000000	3000000	1064	10664
chr6	3000000	4000000	1065	9990
chr6	4000000	5000000	1066	11182
chr6	5000000	6000000	1067	10725
chr6	6000000	7000000	1068	15958
chr6	7000000	8000000	1069	11978
chr6	8000000	9000000	1070	13709
chr6	9000000	10000000	1071	16527
chr6	10000000	11000000	1072	11974
chr6	11000000	12000000	1073	11018
chr6	12000000	13000000	1074	16073
chr6	13000000	14000000	1075	10309
chr6	14000000	15000000	1076	12399
chr6	15000000	16000000	1077	10622
chr6	16000000	17000000	1078	10530
chr6	17000000	18000000	1079	11798
chr6	18000000	19000000	1080	13311
chr6	19000000	20000000	1081	17113
chr6	20000000	21000000	1082	10114
chr6	21000000	22000000	1083	12072
chr6	22000000	23000000	1084	18554
chr6	23000000	24000000	1085	20679
chr6	24000000	25000000	1086	13186
chr6	25000000	26000000	1087	12129
chr6	26000000	27000000	1088	11929
chr6	27000000	28000000	1089	16990
chr6	28000000	29000000	1090	16444
chr6	29000000	30000000	1091	17536
chr6	30000000	31000000	1092	10201
chr6	31000000	32000000	1093	11432
chr6	32000000	33000000	1094	17000
chr6	33000000	34000000	1095	11718
chr6	34000000	35000000	1096	9215
chr6	35000000	36000000	1097	10007
chr6	36000000	37000000	1098	10095
chr6	37000000	38000000	1099	10687
chr6	38000000	39000000	1100	11297
chr6	39000000	40000000	1101	14952
chr6	40000000	41000000	1102	18297
chr6	41000000	42000000	1103	11485
chr6	42000000	43000000	1104	10521
chr6	43000000	44000000	1105	10210
chr6	44000000	45000000	1106	11431
chr6	45000000	46000000	1107	11910
chr6	46000000	47000000	1108	13909
chr6	47000000	48000000	1109	12939
chr6	48000000	49000000	1110	23490
chr6	49000000	50000000	1111	26825
chr6	50000000	51000000	1112	24109
chr6	51000000	52000000	1113	14271
chr6	52000000	53000000	1114	10243
chr6	53000000	54000000	1115	11658
chr6	54000000	55000000	1116	25277
chr6	55000000	56000000	1117	28332
chr6	56000000	57000000	1118	12649
chr6	57000000	58000000	1119	33288
chr6	58000000	59000000	1120	18669
chr6	61000000	62000000	1123	5478
chr6	62000000	63000000	1124	37007
chr6	63000000	64000000	1125	32439
chr6	64000000	65000000	1126	16067
chr6	65000000	66000000	1127	27441
chr6	66000000	67000000	1128	29384
chr6	67000000	68000000	1129	28413
chr6	68000000	69000000	1130	27661
chr6	69000000	70000000	1131	26824
chr6	70000000	71000000	1132	20675
chr6	71000000	72000000	1133	14401
chr6	72000000	73000000	1134	26314
chr6	73000000	74000000	1135	19213
chr6	74000000	75000000	1136	15029
chr6	75000000	76000000	1137	19804
chr6	76000000	77000000	1138	14566
chr6	77000000	78000000	1139	24409
chr6	78000000	79000000	1140	27718
chr6	79000000	80000000	1141	19689
chr6	80000000	81000000	1142	11336
chr6	81000000	82000000	1143	17486
chr6	82000000	83000000	1144	12238
chr6	83000000	84000000	1145	16420
chr6	84000000	85000000	1146	18815
chr6	85000000	86000000	1147	28138
chr6	86000000	87000000	1148	18089
chr6	87000000	88000000	1149	22739
chr6	88000000	89000000	1150	14516
chr6	89000000	90000000	1151	11900
chr6	90000000	91000000	1152	9700
chr6	91000000	92000000	1153	19464
chr6	92000000	93000000	1154	28339
chr6	93000000	94000000	1155	32140
chr6	94000000	95000000	1156	30937
chr6	95000000	96000000	1157	26532
chr6	96000000	97000000	1158	25027
chr6	97000000	98000000	1159	16548
chr6	98000000	99000000	1160	28114
chr6	99000000	100000000	1161	15683
chr6	100000000	101000000	1162	19637
chr6	101000000	102000000	1163	16179
chr6	102000000	103000000	1164	29134
chr6	103000000	104000000	1165	33977
chr6	104000000	105000000	1166	33282
chr6	105000000	106000000	1167	13243
chr6	106000000	107000000	1168	12455
chr6	107000000	108000000	1169	9282
chr6	108000000	109000000	1170	7904
chr6	109000000	110000000	1171	8452
chr6	110000000	111000000	1172	10077
chr6	111000000	112000000	1173	7352
chr6	112000000	113000000	1174	13571
chr6	113000000	114000000	1175	14040
chr6	114000000	115000000	1176	15398
chr6	115000000	116000000	1177	27664
chr6	116000000	117000000	1178	12938
chr6	117000000	118000000	1179	19120
chr6	118000000	119000000	1180	14534
chr6	119000000	120000000	1181	15124
chr6	120000000	121000000	1182	28642
chr6	121000000	122000000	1183	19011
chr6	122000000	123000000	1184	18519
chr6	123000000	124000000	1185	20207
chr6	124000000	125000000	1186	29409
chr6	125000000	126000000	1187	16042
chr6	126000000	127000000	1188	12172
chr6	127000000	128000000	1189	15693
chr6	128000000	129000000	1190	17054
chr6	129000000	130000000	1191	16392
chr6	130000000	131000000	1192	19684
chr6	131000000	132000000	1193	13745
chr6	132000000	133000000	1194	11166
chr6	133000000	134000000	1195	17433
chr6	134000000	135000000	1196	11835
chr6	135000000	136000000	1197	9213
chr6	136000000	137000000	1198	13363
chr6	137000000	138000000	1199	10383
chr6	138000000	139000000	1200	8908
chr6	139000000	140000000	1201	9896
chr6	140000000	141000000	1202	13252
chr6	141000000	142000000	1203	15262
chr6	142000000	143000000	1204	13836
chr6	143000000	144000000	1205	9120
chr6	144000000	145000000	1206	9570
chr6	145000000	146000000	1207	12921
chr6	146000000	147000000	1208	14144
chr6	147000000	148000000	1209	11429
chr6	148000000	149000000	1210	11288
chr6	149000000	150000000	1211	8983
chr6	150000000	151000000	1212	10030
chr6	151000000	152000000	1213	9471
chr6	152000000	153000000	1214	14888
chr6	153000000	154000000	1215	19953
chr6	154000000	155000000	1216	14050
chr6	155000000	156000000	1217	10572
chr6	156000000	157000000	1218	17584
chr6	157000000	158000000	1219	6939
chr6	158000000	159000000	1220	7821
chr6	159000000	160000000	1221	13198
chr6	160000000	161000000	1222	11722
chr6	161000000	162000000	1223	15650
chr6	162000000	163000000	1224	17740
chr6	163000000	164000000	1225	15838
chr6	164000000	165000000	1226	19763
chr6	165000000	166000000	1227	20816
chr6	166000000	167000000	1228	13444
chr6	167000000	168000000	1229	11119
chr6	168000000	169000000	1230	11990
chr6	169000000	170000000	1231	14871
chr6	170000000	171000000	1232	10846
chr7	0	1000000	1233	12985
chr7	1000000	2000000	1234	12967
chr7	2000000	3000000	1235	10762
chr7	3000000	4000000	1236	18027
chr7	4000000	5000000	1237	17745
chr7	5000000	6000000	1238	10263
chr7	6000000	7000000	1239	10318
chr7	7000000	8000000	1240	10711
chr7	8000000	9000000	1241	20581
chr7	9000000	10000000	1242	29758
chr7	10000000	11000000	1243	25707
chr7	11000000	12000000	1244	16644
chr7	12000000	13000000	1245	16582
chr7	13000000	14000000	1246	21686
chr7	14000000	15000000	1247	21549
chr7	15000000	16000000	1248	20327
chr7	16000000	17000000	1249	12566
chr7	17000000	18000000	1250	10349
chr7	18000000	19000000	1251	23002
chr7	19000000	20000000	1252	24420
chr7	20000000	21000000	1253	18737
chr7	21000000	22000000	1254	19419
chr7	22000000	23000000	1255	15170
chr7	23000000	24000000	1256	14420
chr7	24000000	25000000	1257	19148
chr7	25000000	26000000	1258	14469
chr7	26000000	27000000	1259	13463
chr7	27000000	28000000	1260	11219
chr7	28000000	29000000	1261	12883
chr7	29000000	30000000	1262	10353
chr7	30000000	31000000	1263	9485
chr7	31000000	32000000	1264	21901
chr7	32000000	33000000	1265	18985
chr7	33000000	34000000	1266	12609
chr7	34000000	35000000	1267	29811
chr7	35000000	36000000	1268	16918
chr7	36000000	37000000	1269	12925
chr7	37000000	38000000	1270	22683
chr7	38000000	39000000	1271	17036
chr7	39000000	40000000	1272	17545
chr7	40000000	41000000	1273	17132
chr7	41000000	42000000	1274	30180
chr7	42000000	43000000	1275	22480
chr7	43000000	44000000	1276	15876
chr7	44000000	45000000	1277	10438
chr7	45000000	46000000	1278	15239
chr7	46000000	47000000	1279	14916
chr7	47000000	48000000	1280	12078
chr7	48000000	49000000	1281	20331
chr7	49000000	50000000	1282	34784
chr7	50000000	51000000	1283	17052
chr7	51000000	52000000	1284	22307
chr7	52000000	53000000	1285	38214
chr7	53000000	54000000	1286	45409
chr7	54000000	55000000	1287	33648
chr7	55000000	56000000	1288	14467
chr7	56000000	57000000	1289	28961
chr7	57000000	58000000	1290	38884
chr7	58000000	59000000	1291	2748
chr7	61000000	62000000	1294	23894
chr7	62000000	63000000	1295	38838
chr7	63000000	64000000	1296	29906
chr7	64000000	65000000	1297	14711
chr7	65000000	66000000	1298	9651
chr7	66000000	67000000	1299	10925
chr7	67000000	68000000	1300	26643
chr7	68000000	69000000	1301	30906
chr7	69000000	70000000	1302	16963
chr7	70000000	71000000	1303	26710
chr7	71000000	72000000	1304	25581
chr7	72000000	73000000	1305	7813
chr7	73000000	74000000	1306	10767
chr7	74000000	75000000	1307	3028
chr7	75000000	76000000	1308	9630
chr7	76000000	77000000	1309	8795
chr7	77000000	78000000	1310	11718
chr7	78000000	79000000	1311	19447
chr7	79000000	80000000	1312	19963
chr7	80000000	81000000	1313	14770
chr7	81000000	82000000	1314	21853
chr7	82000000	83000000	1315	27663
chr7	83000000	84000000	1316	21164
chr7	84000000	85000000	1317	22835
chr7	85000000	86000000	1318	31700
chr7	86000000	87000000	1319	26079
chr7	87000000	88000000	1320	16294
chr7	88000000	89000000	1321	23549
chr7	89000000	90000000	1322	19966
chr7	90000000	91000000	1323	15494
chr7	91000000	92000000	1324	14416
chr7	92000000	93000000	1325	11464
chr7	93000000	94000000	1326	22665
chr7	94000000	95000000	1327	15111
chr7	95000000	96000000	1328	11470
chr7	96000000	97000000	1329	16626
chr7	97000000	98000000	1330	18743
chr7	98000000	99000000	1331	13568
chr7	99000000	100000000	1332	10172
chr7	100000000	101000000	1333	13889
chr7	101000000	102000000	1334	10943
chr7	102000000	103000000	1335	8002
chr7	103000000	104000000	1336	16829
chr7	104000000	105000000	1337	11709
chr7	105000000	106000000	1338	9308
chr7	106000000	107000000	1339	11968
chr7	107000000	108000000	1340	10263
chr7	108000000	109000000	1341	21630
chr7	109000000	110000000	1342	25297
chr7	110000000	111000000	1343	19178
chr7	111000000	112000000	1344	12115
chr7	112000000	113000000	1345	16676
chr7	113000000	114000000	1346	27219
chr7	114000000	115000000	1347	18630
chr7	115000000	116000000	1348	22256
chr7	116000000	117000000	1349	10618
chr7	117000000	118000000	1350	16336
chr7	118000000	119000000	1351	31594
chr7	119000000	120000000	1352	37599
chr7	120000000	121000000	1353	22109
chr7	121000000	122000000	1354	13927
chr7	122000000	123000000	1355	17346
chr7	123000000	124000000	1356	18004
chr7	124000000	125000000	1357	21085
chr7	125000000	126000000	1358	32303
chr7	126000000	127000000	1359	29999
chr7	127000000	128000000	1360	10499
chr7	128000000	129000000	1361	9705
chr7	129000000	130000000	1362	9580
chr7	130000000	131000000	1363	9335
chr7	131000000	132000000	1364	18502
chr7	132000000	133000000	1365	14179
chr7	133000000	134000000	1366	10402
chr7	134000000	135000000	1367	11454
chr7	135000000	136000000	1368	15822
chr7	136000000	137000000	1369	30820
chr7	137000000	138000000	1370	20164
chr7	138000000	139000000	1371	13499
chr7	139000000	140000000	1372	10151
chr7	140000000	141000000	1373	11095
chr7	141000000	142000000	1374	21911
chr7	142000000	143000000	1375	23089
chr7	143000000	144000000	1376	13151
chr7	144000000	145000000	1377	21374
chr7	145000000	146000000	1378	42345
chr7	146000000	147000000	1379	39024
chr7	147000000	148000000	1380	33646
chr7	148000000	149000000	1381	12366
chr7	149000000	150000000	1382	12404
chr7	150000000	151000000	1383	17466
chr7	151000000	152000000	1384	11073
chr7	152000000	153000000	1385	18407
chr7	153000000	154000000	1386	29409
chr7	154000000	155000000	1387	19979
chr7	155000000	156000000	1388	15802
chr7	156000000	157000000	1389	13028
chr7	157000000	158000000	1390	20855
chr7	158000000	159000000	1391	16987
chr8	0	1000000	1547	12201
chr8	1000000	2000000	1548	18120
chr8	2000000	3000000	1549	29798
chr8	3000000	4000000	1550	30797
chr8	4000000	5000000	1551	30101
chr8	5000000	6000000	1552	35548
chr8	6000000	7000000	1553	15461
chr8	7000000	8000000	1554	5989
chr8	8000000	9000000	1555	8478
chr8	9000000	10000000	1556	10879
chr8	10000000	11000000	1557	12028
chr8	11000000	12000000	1558	10752
chr8	12000000	13000000	1559	10439
chr8	13000000	14000000	1560	23521
chr8	14000000	15000000	1561	36562
chr8	15000000	16000000	1562	29109
chr8	16000000	17000000	1563	20491
chr8	17000000	18000000	1564	9764
chr8	18000000	19000000	1565	11024
chr8	19000000	20000000	1566	9931
chr8	20000000	21000000	1567	20151
chr8	21000000	22000000	1568	15399
chr8	22000000	23000000	1569	8409
chr8	23000000	24000000	1570	13908
chr8	24000000	25000000	1571	21100
chr8	25000000	26000000	1572	15916
chr8	26000000	27000000	1573	12664
chr8	27000000	28000000	1574	9775
chr8	28000000	29000000	1575	7384
chr8	29000000	30000000	1576	8963
chr8	30000000	31000000	1577	8763
chr8	31000000	32000000	1578	23375
chr8	32000000	33000000	1579	23137
chr8	33000000	34000000	1580	21274
chr8	34000000	35000000	1581	31100
chr8	35000000	36000000	1582	29514
chr8	36000000	37000000	1583	21296
chr8	37000000	38000000	1584	10450
chr8	38000000	39000000	1585	9300
chr8	39000000	40000000	1586	22082
chr8	40000000	41000000	1587	25726
chr8	41000000	42000000	1588	13419
chr8	42000000	43000000	1589	9083
chr8	43000000	44000000	1590	22079
chr8	46000000	47000000	1593	5034
chr8	47000000	48000000	1594	32485
chr8	48000000	49000000	1595	10125
chr8	49000000	50000000	1596	16644
chr8	50000000	51000000	1597	34267
chr8	51000000	52000000	1598	32302
chr8	52000000	53000000	1599	24212
chr8	53000000	54000000	1600	21578
chr8	54000000	55000000	1601	20730
chr8	55000000	56000000	1602	31650
chr8	56000000	57000000	1603	22837
chr8	57000000	58000000	1604	24870
chr8	58000000	59000000	1605	22585
chr8	59000000	60000000	1606	15103
chr8	60000000	61000000	1607	23478
chr8	61000000	62000000	1608	12412
chr8	62000000	63000000	1609	16863
chr8	63000000	64000000	1610	18610
chr8	64000000	65000000	1611	31639
chr8	65000000	66000000	1612	31425
chr8	66000000	67000000	1613	20756
chr8	67000000	68000000	1614	12895
chr8	68000000	69000000	1615	21844
chr8	69000000	70000000	1616	35385
chr8	70000000	71000000	1617	20722
chr8	71000000	72000000	1618	14748
chr8	72000000	73000000	1619	22264
chr8	73000000	74000000	1620	28749
chr8	74000000	75000000	1621	12715
chr8	75000000	76000000	1622	17467
chr8	76000000	77000000	1623	26769
chr8	77000000	78000000	1624	28462
chr8	78000000	79000000	1625	35717
chr8	79000000	80000000	1626	26706
chr8	80000000	81000000	1627	18738
chr8	81000000	82000000	1628	10005
chr8	82000000	83000000	1629	15537
chr8	83000000	84000000	1630	35860
chr8	84000000	85000000	1631	37754
chr8	85000000	86000000	1632	26362
chr8	86000000	87000000	1633	12200
chr8	87000000	88000000	1634	21459
chr8	88000000	89000000	1635	35855
chr8	89000000	90000000	1636	35216
chr8	90000000	91000000	1637	20632
chr8	91000000	92000000	1638	19883
chr8	92000000	93000000	1639	25505
chr8	93000000	94000000	1640	29640
chr8	94000000	95000000	1641	20834
chr8	95000000	96000000	1642	11024
chr8	96000000	97000000	1643	22411
chr8	97000000	98000000	1644	16253
chr8	98000000	99000000	1645	12089
chr8	99000000	100000000	1646	10104
chr8	100000000	101000000	1647	10973
chr8	101000000	102000000	1648	11395
chr8	102000000	103000000	1649	12709
chr8	103000000	104000000	1650	11537
chr8	104000000	105000000	1651	18505
chr8	105000000	106000000	1652	28119
chr8	106000000	107000000	1653	33052
chr8	107000000	108000000	1654	20772
chr8	108000000	109000000	1655	35231
chr8	109000000	110000000	1656	20065
chr8	110000000	111000000	1657	23360
chr8	111000000	112000000	1658	38525
chr8	112000000	113000000	1659	36388
chr8	113000000	114000000	1660	35101
chr8	114000000	115000000	1661	42917
chr8	115000000	116000000	1662	39753
chr8	116000000	117000000	1663	22487
chr8	117000000	118000000	1664	18821
chr8	118000000	119000000	1665	21765
chr8	119000000	120000000	1666	19784
chr8	120000000	121000000	1667	13872
chr8	121000000	122000000	1668	12746
chr8	122000000	123000000	1669	15844
chr8	123000000	124000000	1670	14794
chr8	124000000	125000000	1671	10667
chr8	125000000	126000000	1672	12295
chr8	126000000	127000000	1673	11984
chr8	127000000	128000000	1674	16754
chr8	128000000	129000000	1675	14376
chr8	129000000	130000000	1676	14214
chr8	130000000	131000000	1677	16286
chr8	131000000	132000000	1678	17802
chr8	132000000	133000000	1679	34919
chr8	133000000	134000000	1680	23147
chr8	134000000	135000000	1681	14428
chr8	135000000	136000000	1682	18890
chr8	136000000	137000000	1683	24623
chr8	137000000	138000000	1684	33964
chr8	138000000	139000000	1685	41195
chr8	139000000	140000000	1686	28484
chr8	140000000	141000000	1687	25170
chr8	141000000	142000000	1688	9890
chr8	142000000	143000000	1689	15061
chr8	143000000	144000000	1690	17709
chr8	144000000	145000000	1691	14033
chr8	145000000	146000000	1692	8312
chr9	0	1000000	1693	9888
chr9	1000000	2000000	1694	22076
chr9	2000000	3000000	1695	10411
chr9	3000000	4000000	1696	12115
chr9	4000000	5000000	1697	9361
chr9	5000000	6000000	1698	8156
chr9	6000000	7000000	1699	9384
chr9	7000000	8000000	1700	15886
chr9	8000000	9000000	1701	23000
chr9	9000000	10000000	1702	25172
chr9	10000000	11000000	1703	23156
chr9	11000000	12000000	1704	24354
chr9	12000000	13000000	1705	17308
chr9	13000000	14000000	1706	13876
chr9	14000000	15000000	1707	12316
chr9	15000000	16000000	1708	9754
chr9	16000000	17000000	1709	13397
chr9	17000000	18000000	1710	15403
chr9	18000000	19000000	1711	14137
chr9	19000000	20000000	1712	11327
chr9	20000000	21000000	1713	11125
chr9	21000000	22000000	1714	11524
chr9	22000000	23000000	1715	18184
chr9	23000000	24000000	1716	27721
chr9	24000000	25000000	1717	32810
chr9	25000000	26000000	1718	26522
chr9	26000000	27000000	1719	20281
chr9	27000000	28000000	1720	12600
chr9	28000000	29000000	1721	22128
chr9	29000000	30000000	1722	25360
chr9	30000000	31000000	1723	25360
chr9	31000000	32000000	1724	18435
chr9	32000000	33000000	1725	14700
chr9	33000000	34000000	1726	9579
chr9	34000000	35000000	1727	8640
chr9	35000000	36000000	1728	8621
chr9	36000000	37000000	1729	9421
chr9	37000000	38000000	1730	10438
chr9	38000000	39000000	1731	12481
chr9	39000000	40000000	1732	3969
chr9	40000000	41000000	1733	3921
chr9	41000000	42000000	1734	1861
chr9	42000000	43000000	1735	2822
chr9	43000000	44000000	1736	6460
chr9	44000000	45000000	1737	9231
chr9	45000000	46000000	1738	4334
chr9	46000000	47000000	1739	2906
chr9	47000000	48000000	1740	1292
chr9	65000000	66000000	1758	1148
chr9	66000000	67000000	1759	12926
chr9	67000000	68000000	1760	5171
chr9	68000000	69000000	1761	18238
chr9	69000000	70000000	1762	11016
chr9	70000000	71000000	1763	3798
chr9	71000000	72000000	1764	10935
chr9	72000000	73000000	1765	10390
chr9	73000000	74000000	1766	12417
chr9	74000000	75000000	1767	12568
chr9	75000000	76000000	1768	12377
chr9	76000000	77000000	1769	23248
chr9	77000000	78000000	1770	18167
chr9	78000000	79000000	1771	23280
chr9	79000000	80000000	1772	13100
chr9	80000000	81000000	1773	10049
chr9	81000000	82000000	1774	22523
chr9	82000000	83000000	1775	21374
chr9	83000000	84000000	1776	18791
chr9	84000000	85000000	1777	12493
chr9	85000000	86000000	1778	14826
chr9	86000000	87000000	1779	9911
chr9	87000000	88000000	1780	13263
chr9	88000000	89000000	1781	8752
chr9	89000000	90000000	1782	12824
chr9	90000000	91000000	1783	12275
chr9	91000000	92000000	1784	13883
chr9	92000000	93000000	1785	8809
chr9	93000000	94000000	1786	13851
chr9	94000000	95000000	1787	11981
chr9	95000000	96000000	1788	8055
chr9	96000000	97000000	1789	10722
chr9	97000000	98000000	1790	7678
chr9	98000000	99000000	1791	9902
chr9	99000000	100000000	1792	8645
chr9	100000000	101000000	1793	8664
chr9	101000000	102000000	1794	11107
chr9	102000000	103000000	1795	11355
chr9	103000000	104000000	1796	17201
chr9	104000000	105000000	1797	22510
chr9	105000000	106000000	1798	32807
chr9	106000000	107000000	1799	29087
chr9	107000000	108000000	1800	16951
chr9	108000000	109000000	1801	10626
chr9	109000000	110000000	1802	12574
chr9	110000000	111000000	1803	10630
chr9	111000000	112000000	1804	10020
chr9	112000000	113000000	1805	10106
chr9	113000000	114000000	1806	16242
chr9	114000000	115000000	1807	9005
chr9	115000000	116000000	1808	8786
chr9	116000000	117000000	1809	9369
chr9	117000000	118000000	1810	12042
chr9	118000000	119000000	1811	20360
chr9	119000000	120000000	1812	22172
chr9	120000000	121000000	1813	29059
chr9	121000000	122000000	1814	29812
chr9	122000000	123000000	1815	26913
chr9	123000000	124000000	1816	9191
chr9	124000000	125000000	1817	8243
chr9	125000000	126000000	1818	12009
chr9	126000000	127000000	1819	9181
chr9	127000000	128000000	1820	8232
chr9	128000000	129000000	1821	9915
chr9	129000000	130000000	1822	9554
chr9	130000000	131000000	1823	8220
chr9	131000000	132000000	1824	8209
chr9	132000000	133000000	1825	9124
chr9	133000000	134000000	1826	8842
chr9	134000000	135000000	1827	8736
chr9	135000000	136000000	1828	10526
chr9	136000000	137000000	1829	10748
chr9	137000000	138000000	1830	14520
chr9	138000000	139000000	1831	13608
chr9	139000000	140000000	1832	10009
chr9	140000000	141000000	1833	10704
chrX	0	1000000	1392	5005
chrX	1000000	2000000	1393	3572
chrX	2000000	3000000	1394	4099
chrX	3000000	4000000	1395	12620
chrX	4000000	5000000	1396	20065
chrX	5000000	6000000	1397	19636
chrX	6000000	7000000	1398	11674
chrX	7000000	8000000	1399	8683
chrX	8000000	9000000	1400	9040
chrX	9000000	10000000	1401	8234
chrX	10000000	11000000	1402	8617
chrX	11000000	12000000	1403	13529
chrX	12000000	13000000	1404	14617
chrX	13000000	14000000	1405	8051
chrX	14000000	15000000	1406	10444
chrX	15000000	16000000	1407	7078
chrX	16000000	17000000	1408	7464
chrX	17000000	18000000	1409	8190
chrX	18000000	19000000	1410	8907
chrX	19000000	20000000	1411	8121
chrX	20000000	21000000	1412	10109
chrX	21000000	22000000	1413	10595
chrX	22000000	23000000	1414	9877
chrX	23000000	24000000	1415	8842
chrX	24000000	25000000	1416	6733
chrX	25000000	26000000	1417	16135
chrX	26000000	27000000	1418	19745
chrX	27000000	28000000	1419	17249
chrX	28000000	29000000	1420	17111
chrX	29000000	30000000	1421	12811
chrX	30000000	31000000	1422	11556
chrX	31000000	32000000	1423	9794
chrX	32000000	33000000	1424	11611
chrX	33000000	34000000	1425	15425
chrX	34000000	35000000	1426	16286
chrX	35000000	36000000	1427	13329
chrX	36000000	37000000	1428	17243
chrX	37000000	38000000	1429	9521
chrX	38000000	39000000	1430	8295
chrX	39000000	40000000	1431	8082
chrX	40000000	41000000	1432	7166
chrX	41000000	42000000	1433	7358
chrX	42000000	43000000	1434	11952
chrX	43000000	44000000	1435	9936
chrX	44000000	45000000	1436	7389
chrX	45000000	46000000	1437	10503
chrX	46000000	47000000	1438	8007
chrX	47000000	48000000	1439	7751
chrX	48000000	49000000	1440	8115
chrX	49000000	50000000	1441	7609
chrX	50000000	51000000	1442	10868
chrX	51000000	52000000	1443	10398
chrX	52000000	53000000	1444	4504
chrX	53000000	54000000	1445	7549
chrX	54000000	55000000	1446	8279
chrX	55000000	56000000	1447	10849
chrX	56000000	57000000	1448	10678
chrX	57000000	58000000	1449	12506
chrX	58000000	59000000	1450	9685
chrX	61000000	62000000	1453	5896
chrX	62000000	63000000	1454	11389
chrX	63000000	64000000	1455	15844
chrX	64000000	65000000	1456	15208
chrX	65000000	66000000	1457	15642
chrX	66000000	67000000	1458	17656
chrX	67000000	68000000	1459	9416
chrX	68000000	69000000	1460	9833
chrX	69000000	70000000	1461	9745
chrX	70000000	71000000	1462	7409
chrX	71000000	72000000	1463	8102
chrX	72000000	73000000	1464	12672
chrX	73000000	74000000	1465	9624
chrX	74000000	75000000	1466	14147
chrX	75000000	76000000	1467	16205
chrX	76000000	77000000	1468	13995
chrX	77000000	78000000	1469	13734
chrX	78000000	79000000	1470	16746
chrX	79000000	80000000	1471	14676
chrX	80000000	81000000	1472	14956
chrX	81000000	82000000	1473	16425
chrX	82000000	83000000	1474	16185
chrX	83000000	84000000	1475	16860
chrX	84000000	85000000	1476	16324
chrX	85000000	86000000	1477	14563
chrX	86000000	87000000	1478	20079
chrX	87000000	88000000	1479	20024
chrX	88000000	89000000	1480	14182
chrX	89000000	90000000	1481	12087
chrX	90000000	91000000	1482	12829
chrX	91000000	92000000	1483	11760
chrX	92000000	93000000	1484	17534
chrX	93000000	94000000	1485	20814
chrX	94000000	95000000	1486	18907
chrX	95000000	96000000	1487	14466
chrX	96000000	97000000	1488	9505
chrX	97000000	98000000	1489	16488
chrX	98000000	99000000	1490	19026
chrX	99000000	100000000	1491	13019
chrX	100000000	101000000	1492	8532
chrX	101000000	102000000	1493	9076
chrX	102000000	103000000	1494	8487
chrX	103000000	104000000	1495	11151
chrX	104000000	105000000	1496	13980
chrX	105000000	106000000	1497	14552
chrX	106000000	107000000	1498	8563
chrX	107000000	108000000	1499	10218
chrX	108000000	109000000	1500	13825
chrX	109000000	110000000	1501	8125
chrX	110000000	111000000	1502	12235
chrX	111000000	112000000	1503	14262
chrX	112000000	113000000	1504	13395
chrX	113000000	114000000	1505	15144
chrX	114000000	115000000	1506	11291
chrX	115000000	116000000	1507	14858
chrX	116000000	117000000	1508	17782
chrX	117000000	118000000	1509	10340
chrX	118000000	119000000	1510	8429
chrX	119000000	120000000	1511	8441
chrX	120000000	121000000	1512	11770
chrX	121000000	122000000	1513	18511
chrX	122000000	123000000	1514	13230
chrX	123000000	124000000	1515	12004
chrX	124000000	125000000	1516	18482
chrX	125000000	126000000	1517	20643
chrX	126000000	127000000	1518	22005
chrX	127000000	128000000	1519	17667
chrX	128000000	129000000	1520	9643
chrX	129000000	130000000	1521	7551
chrX	130000000	131000000	1522	13861
chrX	131000000	132000000	1523	8588
chrX	132000000	133000000	1524	9941
chrX	133000000	134000000	1525	9026
chrX	134000000	135000000	1526	8367
chrX	135000000	136000000	1527	9447
chrX	136000000	137000000	1528	16796
chrX	137000000	138000000	1529	19101
chrX	138000000	139000000	1530	13446
chrX	139000000	140000000	1531	15715
chrX	140000000	141000000	1532	16548
chrX	141000000	142000000	1533	22958
chrX	142000000	143000000	1534	22613
chrX	143000000	144000000	1535	18904
chrX	144000000	145000000	1536	19420
chrX	145000000	146000000	1537	17081
chrX	146000000	147000000	1538	14311
chrX	147000000	148000000	1539	13051
chrX	148000000	149000000	1540	9866
chrX	149000000	150000000	1541	7572
chrX	150000000	151000000	1542	14114
chrX	151000000	152000000	1543	16003
chrX	152000000	153000000	1544	6791
chrX	153000000	154000000	1545	6770
chrX	154000000	155000000	1546	7162
chrY	0	1000000	2873	458
chrY	1000000	2000000	2874	282
chrY	2000000	3000000	2875	716
chrY	3000000	4000000	2876	3659
chrY	4000000	5000000	2877	3962
chrY	5000000	6000000	2878	4515
chrY	6000000	7000000	2879	2486
chrY	7000000	8000000	2880	2749
chrY	8000000	9000000	2881	2432
chrY	9000000	10000000	2882	4864
chrY	10000000	11000000	2883	1371
chrY	13000000	14000000	2886	11575
chrY	14000000	15000000	2887	4029
chrY	15000000	16000000	2888	2821
chrY	16000000	17000000	2889	3764
chrY	17000000	18000000	2890	5335
chrY	18000000	19000000	2891	4807
chrY	19000000	20000000	2892	3491
chrY	20000000	21000000	2893	419
chrY	21000000	22000000	2894	2469
chrY	22000000	23000000	2895	4769
chrY	23000000	24000000	2896	3314
chrY	24000000	25000000	2897	794
chrY	25000000	26000000	2898	228
chrY	26000000	27000000	2899	229
chrY	27000000	28000000	2900	221
chrY	28000000	29000000	2901	2921
chrY	58000000	59000000	2931	3184
